project_code,project_name,comparable_project_code,comparable_project_name,comparable_agency,comparable_cost_overrun_pct,comparable_schedule_slippage_months,comparable_outcome_note
612786,"Construction of New Domestic Terminal Building Building and miscellaneous works including maintenance, operations and AICMC at Kadapa Airport",612788,Construction of New Domestic Terminal Building and Miscellaneous Works at Belagavi Airport.,Airport Authority of India [AAI],0.0,3.9,Significant overrun/delay
701107,Construction of New Integrated Terminal Building and associated works including apron to park 3 code E type of aircraft or 6 code C type of aircraft at Vijayawada Airport.,706718,C/o NITB Imphal Airport,Airport Authority of India [AAI],0.0,29.0,Significant overrun/delay
701121,Construction of New Domestic Terminal Building at Rajahmundry Airport.,612791,"Re-Construction of Rigid portions of Secondary Runway, K and A Taxiway and Strengthening of C Taxiway at NSCBI Airport Kolkata.",Airport Authority of India [AAI],0.0,10.0,Significant overrun/delay
706724,Guwahati Airport New Integrated Terminal Building Construction Project,701101,"Construction of New Domestic Terminal Building [Phase-I and II] and other allied structures at JPNI Airport, Patna",Airport Authority of India [AAI],0.0,0.0,Recovered / on track
612183,Development of New Civil Enclave at Bihta,611495,Development of New Civil Enclave at Bagdogra Airport,Airport Authority of India [AAI],0.0,-1.9,Recovered / on track
612194,Development of New Civil Enclave and associated works at Darbhanga Airport,611047,"Construction of NTB complex including apron, taxi track and other associated civil works and electrical & mechanical installations towards Tawi River side at CA Jammu.",Airport Authority of India [AAI],0.0,5.0,Significant overrun/delay
701101,"Construction of New Domestic Terminal Building [Phase-I and II] and other allied structures at JPNI Airport, Patna",611602,"Modernization of Chennai Airport, Phase II, Part 2",Airport Authority of India [AAI],0.0,17.0,Significant overrun/delay
701105,Goa Airport Terminal Building Extension Project,400010,"Construction of Terminal Building & Associated works at Leh Airport, Ladakh",Airport Authority of India [AAI],33.3,58.0,Significant overrun/delay
619054,Development of Keshod Airport.,612788,Construction of New Domestic Terminal Building and Miscellaneous Works at Belagavi Airport.,Airport Authority of India [AAI],0.0,3.9,Significant overrun/delay
701126,"Development of Dholera International Greenfield Airport , Gujarat",701128,Construction of New Integrated Passenger Terminal Building at Udaipur Airport,Airport Authority of India [AAI],0.0,6.0,Significant overrun/delay
611047,"Construction of NTB complex including apron, taxi track and other associated civil works and electrical & mechanical installations towards Tawi River side at CA Jammu.",701128,Construction of New Integrated Passenger Terminal Building at Udaipur Airport,Airport Authority of India [AAI],0.0,6.0,Significant overrun/delay
612787,Construction of New Domestic Terminal Building and Miscellaneous works at Hubli Airport,612793,"Widening of basic strip at Western Side of Runway Chainage 80m to 920m i/c slope stabilization Measures [Balance work] of uphill and Improvement of Storm Water Drainage System at Pakyong Airport, Sikkim on design & build basis [EPC] with integrated 10 years maintenance.",Airport Authority of India [AAI],0.0,12.0,Significant overrun/delay
612788,Construction of New Domestic Terminal Building and Miscellaneous Works at Belagavi Airport.,612787,Construction of New Domestic Terminal Building and Miscellaneous works at Hubli Airport,Airport Authority of India [AAI],0.0,5.0,Significant overrun/delay
612789,"Development of additional RESA on either end on Runway 10-28 at Calicut Airport. Construction of embankment with slope protection, drainage system and associated works for additional RESA on either end on Runway 10-28",701122,Development of New Integrated Civil Enclave at Agra Airport,Airport Authority of India [AAI],0.0,4.0,Significant overrun/delay
400010,"Construction of Terminal Building & Associated works at Leh Airport, Ladakh",701107,Construction of New Integrated Terminal Building and associated works including apron to park 3 code E type of aircraft or 6 code C type of aircraft at Vijayawada Airport.,Airport Authority of India [AAI],0.0,49.0,Significant overrun/delay
706718,C/o NITB Imphal Airport,701107,Construction of New Integrated Terminal Building and associated works including apron to park 3 code E type of aircraft or 6 code C type of aircraft at Vijayawada Airport.,Airport Authority of India [AAI],0.0,49.0,Significant overrun/delay
611570,"SITC of ATM Automation System and ASMGCS [Including SMR & MLAT] for Mumbai, Navi Mumbai, Jewar [earlier MOPA, without ASMGCS], HIAL & BIAL",701127,Construction of New Passenger Terminal Building for Domestic Operations at Jodhpur Airport.,Airport Authority of India [AAI],0.0,1.0,Recovered / on track
618977,"Development of New Greenfield Airport at Bundi, Kota Rajasthan.",611495,Development of New Civil Enclave at Bagdogra Airport,Airport Authority of India [AAI],0.0,-1.9,Recovered / on track
701127,Construction of New Passenger Terminal Building for Domestic Operations at Jodhpur Airport.,706718,C/o NITB Imphal Airport,Airport Authority of India [AAI],0.0,29.0,Significant overrun/delay
701128,Construction of New Integrated Passenger Terminal Building at Udaipur Airport,611047,"Construction of NTB complex including apron, taxi track and other associated civil works and electrical & mechanical installations towards Tawi River side at CA Jammu.",Airport Authority of India [AAI],0.0,5.0,Significant overrun/delay
612793,"Widening of basic strip at Western Side of Runway Chainage 80m to 920m i/c slope stabilization Measures [Balance work] of uphill and Improvement of Storm Water Drainage System at Pakyong Airport, Sikkim on design & build basis [EPC] with integrated 10 years maintenance.",612787,Construction of New Domestic Terminal Building and Miscellaneous works at Hubli Airport,Airport Authority of India [AAI],0.0,5.0,Significant overrun/delay
611602,"Modernization of Chennai Airport, Phase II, Part 2",701101,"Construction of New Domestic Terminal Building [Phase-I and II] and other allied structures at JPNI Airport, Patna",Airport Authority of India [AAI],0.0,0.0,Recovered / on track
701113,"Development of Lal Bahadur Shastri International airport, Varanasi including C/o New Terminal Building, Apron Extension, Runway Extension, PTT and allied works.",611495,Development of New Civil Enclave at Bagdogra Airport,Airport Authority of India [AAI],0.0,-1.9,Recovered / on track
701122,Development of New Integrated Civil Enclave at Agra Airport,612789,"Development of additional RESA on either end on Runway 10-28 at Calicut Airport. Construction of embankment with slope protection, drainage system and associated works for additional RESA on either end on Runway 10-28",Airport Authority of India [AAI],0.0,15.0,Significant overrun/delay
611495,Development of New Civil Enclave at Bagdogra Airport,612183,Development of New Civil Enclave at Bihta,Airport Authority of India [AAI],0.0,0.0,Recovered / on track
612791,"Re-Construction of Rigid portions of Secondary Runway, K and A Taxiway and Strengthening of C Taxiway at NSCBI Airport Kolkata.",612793,"Widening of basic strip at Western Side of Runway Chainage 80m to 920m i/c slope stabilization Measures [Balance work] of uphill and Improvement of Storm Water Drainage System at Pakyong Airport, Sikkim on design & build basis [EPC] with integrated 10 years maintenance.",Airport Authority of India [AAI],0.0,12.0,Significant overrun/delay
615820,TIKAK EXTENSION OCP,615194,URDHAN EXPANSION OC COST PLUS,Western Coalfields Limited [WCL],0.0,0.0,Recovered / on track
615821,TIRAP OCP,615190,SINGHORI DEEP OC MIN 2.0 MTY,Western Coalfields Limited [WCL],0.0,0.0,Recovered / on track
400144,PORDA CHIMTAPANI OCP [10 MTY],400149,BAROUD OC EXPANSION [3.0-10.0M,South Eastern Coalfields Limited [SECL],0.0,0.0,Recovered / on track
400149,BAROUD OC EXPANSION [3.0-10.0M,400144,PORDA CHIMTAPANI OCP [10 MTY],South Eastern Coalfields Limited [SECL],0.0,0.0,Recovered / on track
400354,DIPKA EXPANSION OCP [40 MTY],400156,EPR AMRAPALI OCP,Ministry of Coal,0.0,0.0,Recovered / on track
400424,GEVRA OC [70 MTY],400150,RPR MAGADH EXP OCP,Ministry of Coal,0.0,0.0,Recovered / on track
613798,AMERA OC RCE [1.0 MTY],613799,AMGAON OC RCE [1.0 MTY],South Eastern Coalfields Limited [SECL],0.0,0.0,Recovered / on track
613799,AMGAON OC RCE [1.0 MTY],613798,AMERA OC RCE [1.0 MTY],South Eastern Coalfields Limited [SECL],0.0,0.0,Recovered / on track
613800,JAGANNATHPUR OC RCE PROJECT,615865,Kakatiyakhani OC - 2 Project,Singareni Collieries Company Limited [SCCL],0.0,12.0,Significant overrun/delay
613801,MAHAMAYA OCP [1.50 MTY],400172,CHITRA EAST OC,Eastern Coal Fields Limited [ECL],0.0,24.0,Significant overrun/delay
615191,KATKONA RO UG MINE,615330,BALLARPUR NORTH WEST OC MINE,Western Coalfields Limited [WCL],0.0,0.0,Recovered / on track
616234,PELMA OC MDO,400165,SUBHADRA OCP,Mahanadi Coalfields Limited [MCL],0.0,0.0,Recovered / on track
617287,KUSMUNDA OC EXPANSION PROJECT,616253,BLOCK E OCP,Ministry of Coal,0.0,0.0,Recovered / on track
617288,MANIKPUR OC EXPANSION PROJECT,613803,JHIRIA WEST OCP [1.5 MTY],South Eastern Coalfields Limited [SECL],0.0,0.0,Recovered / on track
619171,RPR FOR DURGAPUR OCP 10 MTY,400136,SANGHMITRA OC,Ministry of Coal,0.0,0.0,Recovered / on track
619172,MADANNAGAR OCP 12 MTY - MDO,619053,RPR FOR RAMPUR BATURA OCP,SECL - CIL,0.0,0.0,Recovered / on track
400018,HURA C OCP,400074,KARO EXPANSION OCP,Ministry of Coal,0.0,0.0,Recovered / on track
400073,KONAR EXPANSION OCP,400352,JHARKHAND-LAIYO OCP,Ministry of Coal,0.0,0.0,Recovered / on track
400074,KARO EXPANSION OCP,400018,HURA C OCP,ECL - CIL,0.0,0.0,Recovered / on track
400136,SANGHMITRA OC,619171,RPR FOR DURGAPUR OCP 10 MTY,SECL - CIL,0.0,0.0,Recovered / on track
400138,CHANDRAGUPT OCP,400139,KOTRE BASANTPUR PACHMO OCP,Ministry of Coal,-27.4,0.0,Recovered / on track
400139,KOTRE BASANTPUR PACHMO OCP,400138,CHANDRAGUPT OCP,Ministry of Coal,0.0,0.0,Recovered / on track
400142,Pachwara South Coal Block,400392,BHARATPUR RE-ORGANIZATION OCP,Mahanadi Coalfields Limited [MCL],0.0,0.0,Recovered / on track
400150,RPR MAGADH EXP OCP,400156,EPR AMRAPALI OCP,Ministry of Coal,0.0,0.0,Recovered / on track
400151,NORTH URIMARI EXPANSION OCP,400178,DINESH[MAKARDHOKRA-III] OC,Western Coalfields Limited [WCL],0.0,0.0,Recovered / on track
400153,EPR ROHINI - KARKETTA OCP,400074,KARO EXPANSION OCP,Ministry of Coal,0.0,0.0,Recovered / on track
400154,EPR PUNDI OCP,400178,DINESH[MAKARDHOKRA-III] OC,Western Coalfields Limited [WCL],0.0,0.0,Recovered / on track
400155,EPR ASHOK OC,400183,BALARAM EXPANSION OCP,Mahanadi Coalfields Limited [MCL],0.0,0.0,Recovered / on track
400156,EPR AMRAPALI OCP,400354,DIPKA EXPANSION OCP [40 MTY],South Eastern Coalfields Limited [SECL],0.0,0.0,Recovered / on track
400160,RAJRAPPA RCE OCP,400425,MOONIDIH XV SEAM UG,Bharat Coking Coal Limited (BCCL,0.0,89.0,Significant overrun/delay
400172,CHITRA EAST OC,613801,MAHAMAYA OCP [1.50 MTY],South Eastern Coalfields Limited [SECL],0.0,24.0,Significant overrun/delay
400352,JHARKHAND-LAIYO OCP,400139,KOTRE BASANTPUR PACHMO OCP,Ministry of Coal,-27.4,0.0,Recovered / on track
400425,MOONIDIH XV SEAM UG,400160,RAJRAPPA RCE OCP,Ministry of Coal,0.0,132.0,Significant overrun/delay
611017,2.5 MTPA PATHERDIH NLW WASHERY,611016,2.0 MTPA BHOJUDIH NLW WASHERY,Ministry of Coal,0.0,67.9,Significant overrun/delay
611864,AMALAGAMATED NTST KUJAMA OCP 8.5MTY,400136,SANGHMITRA OC,Ministry of Coal,0.0,0.0,Recovered / on track
613808,MURAIDIH UG PROJECT,615193,BASUNDHARA WEST EXTENSION OPEN,MCL - CIL,0.0,120.0,Significant overrun/delay
615349,TAPIN SOUTH EXPN,615822,SIRKA OC,Ministry of Coal,0.0,0.0,Recovered / on track
615822,SIRKA OC,615349,TAPIN SOUTH EXPN,Ministry of Coal,0.0,0.0,Recovered / on track
615843,TETARIAKHAR OC,616050,AMALGAMATED INDER-KAMPTEE DEEP,Western Coalfields Limited [WCL],0.0,24.0,Significant overrun/delay
616225,CHUPERBHITA SIMLONG OCP MDO 6,616230,PARASCOLE JAMBAD OCP,Eastern Coal Fields Limited [ECL],0.0,0.0,Recovered / on track
616236,JARANGDIH EXPN. OCP 1.5 MTY,615188,NEW MAJRI UG TO OC 3 MTY COST,Western Coalfields Limited [WCL],0.0,0.0,Recovered / on track
616253,BLOCK E OCP,617287,KUSMUNDA OC EXPANSION PROJECT,SECL - CIL,0.0,0.0,Recovered / on track
617416,"Revised Jharia Master Plan for Dealing with Fire, Subsidence & Rehabilitation of affected families in Jharia Coalfield- Reg.",616253,BLOCK E OCP,Ministry of Coal,0.0,0.0,Recovered / on track
617764,North Dhadu Western Part OCP,615916,AMLG GAURI PAUNI EXPANSION OC,Western Coalfields Limited [WCL],0.0,0.0,Recovered / on track
400148,AMADAND OCP[4.0MTY],615193,BASUNDHARA WEST EXTENSION OPEN,MCL - CIL,0.0,120.0,Significant overrun/delay
400162,BLOCK B EXPANSION [3.5 TO 8.0,400369,BINA KAKRI AMALGAMATION EXPANS,Northern Coalfields Limited [NCL],0.0,36.0,Significant overrun/delay
400321,NIGAHI EXPANSION [15 TO 25 MTP,400162,BLOCK B EXPANSION [3.5 TO 8.0,Northern Coalfields Limited [NCL],0.0,48.0,Significant overrun/delay
613802,KANCHAN OC EXP,613798,AMERA OC RCE [1.0 MTY],South Eastern Coalfields Limited [SECL],0.0,0.0,Recovered / on track
613803,JHIRIA WEST OCP [1.5 MTY],613794,PARASEA-BELBAID UG PROJECT,Eastern Coal Fields Limited [ECL],0.0,0.0,Recovered / on track
613804,RPR TAWA-III UG 0.84 MTY,615192,GOKUL EXTENSION OC MINE,Western Coalfields Limited [WCL],0.0,0.0,Recovered / on track
615185,AMALGAMATED DHANKASA & JAMUNIA,615189,MAKARDHOKRA EXPN OC 4.9 MTY,Western Coalfields Limited [WCL],0.0,0.0,Recovered / on track
615187,RPR OF VISHNUPURI UG TO OC,615184,SAONER UG MINE -1 EXPANSION 1.,Western Coalfields Limited [WCL],0.0,0.0,Recovered / on track
615194,URDHAN EXPANSION OC COST PLUS,615820,TIKAK EXTENSION OCP,MIS MoCoal Integration Logins,0.0,0.0,Recovered / on track
615195,SHARDA UG MINE,615187,RPR OF VISHNUPURI UG TO OC,Western Coalfields Limited [WCL],0.0,0.0,Recovered / on track
615206,GANDHIGRAM UG MINE,615857,Naini Coal Mine,Singareni Collieries Company Limited [SCCL],0.0,0.0,Recovered / on track
619032,JAYANT EXPN. [20 TO 38 MTPA],400185,GOPALJI KANIHA OCP [10 TO 30 M,MCL - CIL,-27.4,0.0,Recovered / on track
619053,RPR FOR RAMPUR BATURA OCP,619172,MADANNAGAR OCP 12 MTY - MDO,SECL - CIL,0.0,0.0,Recovered / on track
400033,BHATADI EXPANSION OC,400151,NORTH URIMARI EXPANSION OCP,Ministry of Coal,0.0,0.0,Recovered / on track
400177,AMALGAMATED YEKONA I & YEKONA,613800,JAGANNATHPUR OC RCE PROJECT,South Eastern Coalfields Limited [SECL],0.0,24.0,Significant overrun/delay
400178,DINESH[MAKARDHOKRA-III] OC,400154,EPR PUNDI OCP,Ministry of Coal,0.0,0.0,Recovered / on track
400353,DHUPTALA OC [SASTI UG TO OC ],400182,SIDULI [OC & UG],ECL - CIL,-0.0,36.0,Significant overrun/delay
615184,SAONER UG MINE -1 EXPANSION 1.,615187,RPR OF VISHNUPURI UG TO OC,Western Coalfields Limited [WCL],0.0,0.0,Recovered / on track
615186,SASTI EXPANSION OPENCAST,613804,RPR TAWA-III UG 0.84 MTY,Western Coalfields Limited [WCL],0.0,0.0,Recovered / on track
615188,NEW MAJRI UG TO OC 3 MTY COST,613801,MAHAMAYA OCP [1.50 MTY],South Eastern Coalfields Limited [SECL],0.0,24.0,Significant overrun/delay
615189,MAKARDHOKRA EXPN OC 4.9 MTY,615185,AMALGAMATED DHANKASA & JAMUNIA,Western Coalfields Limited [WCL],0.0,0.0,Recovered / on track
615190,SINGHORI DEEP OC MIN 2.0 MTY,615330,BALLARPUR NORTH WEST OC MINE,Western Coalfields Limited [WCL],0.0,0.0,Recovered / on track
615192,GOKUL EXTENSION OC MINE,613804,RPR TAWA-III UG 0.84 MTY,Western Coalfields Limited [WCL],0.0,0.0,Recovered / on track
615199,KOLGAON EXPANSION DEEP OC MINE,615195,SHARDA UG MINE,Western Coalfields Limited [WCL],0.0,0.0,Recovered / on track
615330,BALLARPUR NORTH WEST OC MINE,615190,SINGHORI DEEP OC MIN 2.0 MTY,Western Coalfields Limited [WCL],0.0,0.0,Recovered / on track
615331,GADEGAON OC 3 MTY,617233,WAGHODA UG MINE [1.02 MTY],Western Coalfields Limited [WCL],0.0,0.0,Recovered / on track
615914,GHONSA EXPANSION DEEP OC MINE,615822,SIRKA OC,Ministry of Coal,0.0,0.0,Recovered / on track
615916,AMLG GAURI PAUNI EXPANSION OC,617764,North Dhadu Western Part OCP,NLC India Limited [NLCIL],0.0,0.0,Recovered / on track
615917,GAURIDEEP/GAURI CENTRAL OCP 7.,616233,BALABHADRA OCP,MCL - CIL,0.0,0.0,Recovered / on track
615918,RPR OF BHANEGAON OC,400181,NAKRAKONDA KUMARDIH- B OCP,Eastern Coal Fields Limited [ECL],-0.0,0.0,Recovered / on track
615919,N. EXTN. MUNGOLI NIRGUDA D OCP,615916,AMLG GAURI PAUNI EXPANSION OC,Western Coalfields Limited [WCL],0.0,0.0,Recovered / on track
615982,NILJAI EXPANSION DEEP OCP,611016,2.0 MTPA BHOJUDIH NLW WASHERY,Ministry of Coal,0.0,67.9,Significant overrun/delay
616044,UKNI DEEP OC MINE -COST PLUS,611017,2.5 MTPA PATHERDIH NLW WASHERY,Ministry of Coal,0.0,104.0,Significant overrun/delay
616050,AMALGAMATED INDER-KAMPTEE DEEP,615843,TETARIAKHAR OC,Ministry of Coal,0.0,24.0,Significant overrun/delay
616223,ADASA UG TO OC MINE,616050,AMALGAMATED INDER-KAMPTEE DEEP,Western Coalfields Limited [WCL],0.0,24.0,Significant overrun/delay
616229,AMAL GONDEGAON GHATROHANA EXPN,617278,KOLARPIMPRI EXPANSION OC [2.5,Western Coalfields Limited [WCL],0.0,0.0,Recovered / on track
617233,WAGHODA UG MINE [1.02 MTY],615191,KATKONA RO UG MINE,South Eastern Coalfields Limited [SECL],0.0,0.0,Recovered / on track
617278,KOLARPIMPRI EXPANSION OC [2.5,400186,TILABONI UG,Eastern Coal Fields Limited [ECL],-0.0,0.0,Recovered / on track
619055,SAONER-III EXPN UG MINE 1.54,617233,WAGHODA UG MINE [1.02 MTY],Western Coalfields Limited [WCL],0.0,0.0,Recovered / on track
400369,BINA KAKRI AMALGAMATION EXPANS,400162,BLOCK B EXPANSION [3.5 TO 8.0,Northern Coalfields Limited [NCL],0.0,48.0,Significant overrun/delay
615183,KHADIA EXPANSION [10 TO 16 MTP,618982,Talabira II & III OCP - FMC,NLC India Limited [NLCIL],0.0,0.0,Recovered / on track
400165,SUBHADRA OCP,616234,PELMA OC MDO,South Eastern Coalfields Limited [SECL],0.0,0.0,Recovered / on track
400166,SIARMAL OCP,400315,SONEPUR BAZARI EXPANSION OCP [,Eastern Coal Fields Limited [ECL],0.0,0.0,Recovered / on track
400183,BALARAM EXPANSION OCP,400156,EPR AMRAPALI OCP,Ministry of Coal,0.0,0.0,Recovered / on track
400185,GOPALJI KANIHA OCP [10 TO 30 M,400315,SONEPUR BAZARI EXPANSION OCP [,Eastern Coal Fields Limited [ECL],0.0,0.0,Recovered / on track
400187,INTEGRATED LAKHANPUR-BELPAHAR-,400392,BHARATPUR RE-ORGANIZATION OCP,Mahanadi Coalfields Limited [MCL],0.0,0.0,Recovered / on track
400392,BHARATPUR RE-ORGANIZATION OCP,400187,INTEGRATED LAKHANPUR-BELPAHAR-,Mahanadi Coalfields Limited [MCL],0.0,0.0,Recovered / on track
615193,BASUNDHARA WEST EXTENSION OPEN,611016,2.0 MTPA BHOJUDIH NLW WASHERY,Ministry of Coal,0.0,67.9,Significant overrun/delay
615857,Naini Coal Mine,613793,SHYAMSUNDARPUR UG INCLUDING SA,Eastern Coal Fields Limited [ECL],0.0,24.0,Significant overrun/delay
616226,INTEGRATED KULDA GARJANBAHAL O,400155,EPR ASHOK OC,Ministry of Coal,0.0,0.0,Recovered / on track
616231,BHUBANESWARI EXPN OCP 50 MTY,616226,INTEGRATED KULDA GARJANBAHAL O,Mahanadi Coalfields Limited [MCL],0.0,0.0,Recovered / on track
616232,HINGULA II OC EXPN PH III 15 M,617764,North Dhadu Western Part OCP,NLC India Limited [NLCIL],0.0,0.0,Recovered / on track
616233,BALABHADRA OCP,615917,GAURIDEEP/GAURI CENTRAL OCP 7.,Western Coalfields Limited [WCL],0.0,0.0,Recovered / on track
618982,Talabira II & III OCP - FMC,615183,KHADIA EXPANSION [10 TO 16 MTP,Northern Coalfields Limited [NCL],0.0,24.0,Significant overrun/delay
615818,Jawahar Khani Open Cast Mine,615189,MAKARDHOKRA EXPN OC 4.9 MTY,Western Coalfields Limited [WCL],0.0,0.0,Recovered / on track
615858,Kalyanikhani Opencast Project,613799,AMGAON OC RCE [1.0 MTY],South Eastern Coalfields Limited [SECL],0.0,0.0,Recovered / on track
615860,Godavarikhani Coal Mine - 5,615857,Naini Coal Mine,Singareni Collieries Company Limited [SCCL],0.0,0.0,Recovered / on track
615861,Indaram Opencast Project,615865,Kakatiyakhani OC - 2 Project,Singareni Collieries Company Limited [SCCL],0.0,12.0,Significant overrun/delay
615862,Goleti Opencast Mine,615192,GOKUL EXTENSION OC MINE,Western Coalfields Limited [WCL],0.0,0.0,Recovered / on track
615863,Venkatesh Khani Coal Mine,613793,SHYAMSUNDARPUR UG INCLUDING SA,Eastern Coal Fields Limited [ECL],0.0,24.0,Significant overrun/delay
615865,Kakatiyakhani OC - 2 Project,615861,Indaram Opencast Project,Singareni Collieries Company Limited [SCCL],0.0,12.0,Significant overrun/delay
400173,MOHANPUR EXPANSION OC -PHASE I,400154,EPR PUNDI OCP,Ministry of Coal,0.0,0.0,Recovered / on track
400180,BONJEMEHARI EXPANSION OCP,615183,KHADIA EXPANSION [10 TO 16 MTP,Northern Coalfields Limited [NCL],0.0,24.0,Significant overrun/delay
400181,NAKRAKONDA KUMARDIH- B OCP,615918,RPR OF BHANEGAON OC,Western Coalfields Limited [WCL],0.0,0.0,Recovered / on track
400182,SIDULI [OC & UG],400172,CHITRA EAST OC,Eastern Coal Fields Limited [ECL],0.0,24.0,Significant overrun/delay
400186,TILABONI UG,612816,ITAPARA OCP,Eastern Coal Fields Limited [ECL],0.0,0.0,Recovered / on track
400312,JHANJRA EXPANSION UG,400353,DHUPTALA OC [SASTI UG TO OC ],Western Coalfields Limited [WCL],0.0,0.0,Recovered / on track
400315,SONEPUR BAZARI EXPANSION OCP [,400166,SIARMAL OCP,Mahanadi Coalfields Limited [MCL],0.0,0.0,Recovered / on track
611016,2.0 MTPA BHOJUDIH NLW WASHERY,615193,BASUNDHARA WEST EXTENSION OPEN,MCL - CIL,0.0,120.0,Significant overrun/delay
612816,ITAPARA OCP,615917,GAURIDEEP/GAURI CENTRAL OCP 7.,Western Coalfields Limited [WCL],0.0,0.0,Recovered / on track
613793,SHYAMSUNDARPUR UG INCLUDING SA,615857,Naini Coal Mine,Singareni Collieries Company Limited [SCCL],0.0,0.0,Recovered / on track
613794,PARASEA-BELBAID UG PROJECT,613803,JHIRIA WEST OCP [1.5 MTY],South Eastern Coalfields Limited [SECL],0.0,0.0,Recovered / on track
616230,PARASCOLE JAMBAD OCP,616225,CHUPERBHITA SIMLONG OCP MDO 6,Eastern Coal Fields Limited [ECL],0.0,0.0,Recovered / on track
617299,50 MW Wind Power Project,618992,100 MW SPP part of SECI 150 MW Hybrid,NLC India Limited [NLCIL],0.0,0.0,Recovered / on track
617730,600 MW Khavda Solar Power Project,618981,810 MW Solar Power Project - Rajasthan,NLC India Limited [NLCIL],0.0,0.0,Recovered / on track
618991,200 MW SPP part of 510 MW CPSU scheme,612819,300 MW SPP part of 510 MW CPSU scheme,NLC India Limited [NLCIL],0.0,15.0,Significant overrun/delay
618992,100 MW SPP part of SECI 150 MW Hybrid,617299,50 MW Wind Power Project,NLC India Limited [NLCIL],0.0,7.0,Significant overrun/delay
400231,NLC Talabira Thermal Power Project,400188,Redevelopment of Seven General Pool Residential Accommodation [GPRA] Colonies in Delhi,National Buildings Construction Corporation [NBCC],-0.0,0.0,Recovered / on track
612819,300 MW SPP part of 510 MW CPSU scheme,617730,600 MW Khavda Solar Power Project,NLC India Limited [NLCIL],0.0,0.0,Recovered / on track
618981,810 MW Solar Power Project - Rajasthan,617730,600 MW Khavda Solar Power Project,NLC India Limited [NLCIL],0.0,0.0,Recovered / on track
615327,50 MW Solar PP Minedout Area,617299,50 MW Wind Power Project,NLC India Limited [NLCIL],0.0,7.0,Significant overrun/delay
400259,Ghatampur Thermal Power Plant 3 X 660 MW,400261,Patratu Thermal Power Station Expansion Project Phase-I [3x800 MW],National Thermal Power Corporation [NTPC],8.8,47.1,Significant overrun/delay
400203,Dharamjaigarh-Korba,400416,Shivpur-Kathautia New Rail [BG] Line [49 km] [Package II of Tori-Shivpur-Kathautia line],Ministry of Coal,42.5,12.0,Significant overrun/delay
400416,Shivpur-Kathautia New Rail [BG] Line [49 km] [Package II of Tori-Shivpur-Kathautia line],400203,Dharamjaigarh-Korba,Railway,44.6,-4.0,Significant overrun/delay
400192,Tubed Coal Mine,400187,INTEGRATED LAKHANPUR-BELPAHAR-,Mahanadi Coalfields Limited [MCL],0.0,0.0,Recovered / on track
603293,Badam Coal Mining project of NTPC,705464,Bangalore-Satyamanglam New Line Project [260 Km] - Part Hejjala - Chamarajanagar [142 Km],South Western Railway [SWR] - II,0.0,0.0,Recovered / on track
602182,Dibang Multipurpose Project,400062,"Raghunathpur Thermal Power Station Phase II [2X660 MW] at Raghunathpur, Purulia, West Bengal",Damodar Valley Corporation,0.0,0.0,Recovered / on track
611698,240MW Heo HE Project,611699,186 MW Tato-I H E Project,North Eastern Electric Power Corporation Limited,0.0,0.0,Recovered / on track
611699,186 MW Tato-I H E Project,611698,240MW Heo HE Project,North Eastern Electric Power Corporation Limited,0.0,0.0,Recovered / on track
611716,700 MW Tato-II HE Project,619056,"Darlipali Super Thermal Power Project, Stage-II [1x800 MW]",National Thermal Power Corporation [NTPC],0.0,0.0,Recovered / on track
619311,Kalai-II Hydro Electric Project [1200 MW],619056,"Darlipali Super Thermal Power Project, Stage-II [1x800 MW]",National Thermal Power Corporation [NTPC],0.0,0.0,Recovered / on track
602579,Buxar Thermal Power Project [1320 MW],602181,"TEESTA-VI HE PROJECT, SIKKIM [500 MW], executed by LANCO TEESTA HYDRO POWER LIMITED [A wholly owned Subsidiary of NHPC LTD. acquired through NCLT]",National Hydroelectric Power Corporation Limited [NHPC],0.0,45.0,Significant overrun/delay
619051,"Nabinagar Super Thermal Power Project, Stage-II [3x800 MW]",618976,"Gadarwara Super Thermal Power Project, Stage-II [2x800 MW]",National Thermal Power Corporation [NTPC],0.0,0.0,Recovered / on track
611930,Lara Super Thermal Power Project Stage-II [2 x 800 MW],611509,"Koderma Thermal Power Station Phase II [2X800 MW] At Koderma, Jharkhand",Damodar Valley Corporation,0.0,0.0,Recovered / on track
617188,"Sipat Super Thermal Power Project, Stage-III [1x800 MW]",619056,"Darlipali Super Thermal Power Project, Stage-II [1x800 MW]",National Thermal Power Corporation [NTPC],0.0,0.0,Recovered / on track
709747,Bagodara Solar Power Project,602582,Dhaulasidh Hydro Electric Project [66 MW],Satluj Jal Vidyut Nigam [SJVN] Thermal Limited,126.9,15.9,Significant overrun/delay
602582,Dhaulasidh Hydro Electric Project [66 MW],602538,Installation of FGD for 4x210 & 2x250 MW MTPS U 1-6,Damodar Valley Corporation,6.7,28.0,Significant overrun/delay
602593,Luhri Stage-I Hydro Electric Project [210 MW],602538,Installation of FGD for 4x210 & 2x250 MW MTPS U 1-6,Damodar Valley Corporation,6.7,28.0,Significant overrun/delay
611586,Sunni Dam Hydro Electric Project [382 MW],611698,240MW Heo HE Project,North Eastern Electric Power Corporation Limited,0.0,0.0,Recovered / on track
602525,"Pakal Dul [Drangdhuran] Hydroelectric Project, 1000 MW",400261,Patratu Thermal Power Station Expansion Project Phase-I [3x800 MW],National Thermal Power Corporation [NTPC],8.8,47.1,Significant overrun/delay
602532,Kiru HE Project,602181,"TEESTA-VI HE PROJECT, SIKKIM [500 MW], executed by LANCO TEESTA HYDRO POWER LIMITED [A wholly owned Subsidiary of NHPC LTD. acquired through NCLT]",National Hydroelectric Power Corporation Limited [NHPC],0.0,45.0,Significant overrun/delay
602535,"Ratle HE Project - 850 MW, Ratle Hydroelectric Power Corporation Limited.",605155,Kwar HE Project,National Hydroelectric Power Corporation Limited [NHPC],0.0,16.0,Significant overrun/delay
605155,Kwar HE Project,602535,"Ratle HE Project - 850 MW, Ratle Hydroelectric Power Corporation Limited.",National Hydroelectric Power Corporation Limited [NHPC],0.0,33.0,Significant overrun/delay
400261,Patratu Thermal Power Station Expansion Project Phase-I [3x800 MW],602579,Buxar Thermal Power Project [1320 MW],Satluj Jal Vidyut Nigam [SJVN] Thermal Limited,31.8,28.0,Significant overrun/delay
611509,"Koderma Thermal Power Station Phase II [2X800 MW] At Koderma, Jharkhand",400062,"Raghunathpur Thermal Power Station Phase II [2X660 MW] at Raghunathpur, Purulia, West Bengal",Damodar Valley Corporation,0.0,0.0,Recovered / on track
618976,"Gadarwara Super Thermal Power Project, Stage-II [2x800 MW]",612142,"Singrauli Super Thermal Power Project, Stage-III [2x800 MW]",National Thermal Power Corporation [NTPC],0.0,0.0,Recovered / on track
602096,Subansiri Lower HE Project [2000 MW],602185,Tapovan-Vishnugad HEP [4x130 MW],National Thermal Power Corporation [NTPC],266.3,193.0,Significant overrun/delay
602961,Talcher Thermal Power Station Stage III [2 x 660 MW] Expansion,611930,Lara Super Thermal Power Project Stage-II [2 x 800 MW],National Thermal Power Corporation [NTPC],3.7,3.0,Significant overrun/delay
619056,"Darlipali Super Thermal Power Project, Stage-II [1x800 MW]",617188,"Sipat Super Thermal Power Project, Stage-III [1x800 MW]",National Thermal Power Corporation [NTPC],0.0,0.0,Recovered / on track
602181,"TEESTA-VI HE PROJECT, SIKKIM [500 MW], executed by LANCO TEESTA HYDRO POWER LIMITED [A wholly owned Subsidiary of NHPC LTD. acquired through NCLT]",602532,Kiru HE Project,National Hydroelectric Power Corporation Limited [NHPC],26.2,39.0,Significant overrun/delay
605156,Rangit-IV HE Project [120 MW] executed by Jal Power Corporation Ltd. [JPCL] - A wholly owned subsidiary of NHPC Ltd. acquired through NCLT,602538,Installation of FGD for 4x210 & 2x250 MW MTPS U 1-6,Damodar Valley Corporation,6.7,28.0,Significant overrun/delay
612142,"Singrauli Super Thermal Power Project, Stage-III [2x800 MW]",618976,"Gadarwara Super Thermal Power Project, Stage-II [2x800 MW]",National Thermal Power Corporation [NTPC],0.0,0.0,Recovered / on track
602185,Tapovan-Vishnugad HEP [4x130 MW],602096,Subansiri Lower HE Project [2000 MW],National Hydroelectric Power Corporation Limited [NHPC],314.9,187.9,Significant overrun/delay
602195,Vishnugad Pipalkoti Hydro Electric Project [444 MW],617326,Implementation of Transmission Systems in the State of Jharkhand consisting of 400/220/132/33 kV transmission lines and substations under Jharkhand Consultancy Project,Power Grid Corporation of India Limited [POWERGRID],0.0,5.0,Significant overrun/delay
400062,"Raghunathpur Thermal Power Station Phase II [2X660 MW] at Raghunathpur, Purulia, West Bengal",611509,"Koderma Thermal Power Station Phase II [2X800 MW] At Koderma, Jharkhand",Damodar Valley Corporation,0.0,0.0,Recovered / on track
602184,Rammam-III HEPP [3x40 MW],602538,Installation of FGD for 4x210 & 2x250 MW MTPS U 1-6,Damodar Valley Corporation,6.7,28.0,Significant overrun/delay
602538,Installation of FGD for 4x210 & 2x250 MW MTPS U 1-6,602582,Dhaulasidh Hydro Electric Project [66 MW],Satluj Jal Vidyut Nigam [SJVN] Thermal Limited,126.9,15.9,Significant overrun/delay
611967,Transmission Scheme for Solar Energy Zone in Ananthpuram 2500MW and Kurnool 1000MW,612855,Transmission System for Evacuation of Power from Potential Energy Renewable Zone in Khavda Area of Gujarat under Ph-IV [7GW] Part E2,Power Grid Corporation of India Limited [POWERGRID],0.0,1.0,Recovered / on track
617183,Transmission system strengthening at Kurnool- III PS for integration of additional RE generation projects [POWERGRID Kurnool III PS RE Transmission Limited],617184,Transmission Scheme for integration of Davanagere/ Chitradurga and Bellary REZ in Karnataka [POWERGRID Chitradurga Bellary REZ Transmission Limited],Power Grid Corporation of India Limited [POWERGRID],0.0,0.0,Recovered / on track
617375,North Eastern Region Expansion Scheme-XXIII [NERES-XXIII],619028,Augmentation of 1x500 MVA 400/220kV ICT [3rd] at Thrissur VSC HVDC Station in Kerala,Power Grid Corporation of India Limited [POWERGRID],0.0,0.0,Recovered / on track
615336,Transmission system for evacuation of Power from REZ in Rajasthan [20 GW] under phase-III Part-D Phase-II,611735,Transmission system for evacuation of power from REZ in Rajasthan 20GW under Phase-III Part J,Power Grid Corporation of India Limited [POWERGRID],0.0,21.0,Significant overrun/delay
612139,Transmission system for Evacuation of Additional 7 GW RE power from Khavda RE park under Phase-III Part B [Vataman Transmission Limited],612140,Transmission Scheme for Integration of Renewable Energy Zone [Phase II] in Koppal II [Phase A&B] and gadag II[Phase A] in Karnataka [POWERGRID KOPPAL GADAG TRANSMISSION LIMITED],Power Grid Corporation of India Limited [POWERGRID],0.0,9.0,Significant overrun/delay
612855,Transmission System for Evacuation of Power from Potential Energy Renewable Zone in Khavda Area of Gujarat under Ph-IV [7GW] Part E2,611967,Transmission Scheme for Solar Energy Zone in Ananthpuram 2500MW and Kurnool 1000MW,Power Grid Corporation of India Limited [POWERGRID],0.0,8.0,Significant overrun/delay
615342,Augmentation of Transformation Capacity at jam Khambhaliya PS [GIS] [SPV Name POWERGRID Jam Khambhaliya Transmission Limited],619029,Transmission System for Reliable Power Supply to Dholera,Power Grid Corporation of India Limited [POWERGRID],0.0,9.0,Significant overrun/delay
615343,Provision of Dynamic Reactive Compensation at Khavda pooling Station 1 [KPS1] and Khavda Pooling station 3 [KPS3],617270,Eastern Region Expansion Scheme-44 [ERES-44],Power Grid Corporation of India Limited [POWERGRID],0.0,13.0,Significant overrun/delay
615345,Transmission System for Evacuation of Power from Potential Renewable Energy Zone in Khavda area of Gujarat under Phase-IV [7GW] Part B [SPV Name POWERGRID South Olpad Transmission Limited],619049,Khavda IVA Power Transmission Limited,Adani Transmission Limited,0.0,0.0,Recovered / on track
617069,Augmentation of Transformation Capacity at KPS1 [GIS] and KPS2 [GIS] [Phase-V Part B1 and Part B2 Scheme] [SPV Name- POWERGRID KPS1 and 2 Augmentation Transmission Limited],617391,Augmentation of Transformation Capacity at Bhuj-II PS [GIS],Power Grid Corporation of India Limited [POWERGRID],0.0,7.0,Significant overrun/delay
617182,Augmentation of Banaskantha [Raghanesda] PS [GIS] [POWERGRID Banaskantha Transco Limited],619028,Augmentation of 1x500 MVA 400/220kV ICT [3rd] at Thrissur VSC HVDC Station in Kerala,Power Grid Corporation of India Limited [POWERGRID],0.0,0.0,Recovered / on track
617391,Augmentation of Transformation Capacity at Bhuj-II PS [GIS],617069,Augmentation of Transformation Capacity at KPS1 [GIS] and KPS2 [GIS] [Phase-V Part B1 and Part B2 Scheme] [SPV Name- POWERGRID KPS1 and 2 Augmentation Transmission Limited],Power Grid Corporation of India Limited [POWERGRID],0.0,0.0,Recovered / on track
617801,Provision of ICT Augmentation & Bus Reactor at Bhuj-II PS,616671,Transmission System under ISTS for evacuation of Power from Kudankulam Unit-3&4 [2x1000 MW] [SPV Name POWERGRID Kudankulam Tarnsmission Limited],Power Grid Corporation of India Limited [POWERGRID],0.0,3.0,Recovered / on track
619029,Transmission System for Reliable Power Supply to Dholera,617271,Eastern Region Expansion Scheme-43 [ERES-43],Power Grid Corporation of India Limited [POWERGRID],0.0,6.0,Significant overrun/delay
619049,Khavda IVA Power Transmission Limited,615345,Transmission System for Evacuation of Power from Potential Renewable Energy Zone in Khavda area of Gujarat under Phase-IV [7GW] Part B [SPV Name POWERGRID South Olpad Transmission Limited],Power Grid Corporation of India Limited [POWERGRID],0.0,12.0,Significant overrun/delay
617179,Transmission Scheme for evacuation of Power from Ratle HEP [850 MW] & kiru [624 MW] Part B,617269,Transmission System for Strengthening to facilitate evacuation of power from Bhadla/Bikaner Complex,Power Grid Corporation of India Limited [POWERGRID],0.0,2.0,Recovered / on track
617326,Implementation of Transmission Systems in the State of Jharkhand consisting of 400/220/132/33 kV transmission lines and substations under Jharkhand Consultancy Project,602195,Vishnugad Pipalkoti Hydro Electric Project [444 MW],THDC India Limited,65.9,57.0,Significant overrun/delay
612140,Transmission Scheme for Integration of Renewable Energy Zone [Phase II] in Koppal II [Phase A&B] and gadag II[Phase A] in Karnataka [POWERGRID KOPPAL GADAG TRANSMISSION LIMITED],612139,Transmission system for Evacuation of Additional 7 GW RE power from Khavda RE park under Phase-III Part B [Vataman Transmission Limited],Power Grid Corporation of India Limited [POWERGRID],0.0,12.0,Significant overrun/delay
616672,System Strengthening at Koppal-II and GadagII for integration of RE generation projects [SPV Name POWERGRID Koppal Gadag Augmentation Transmission Limited],612138,"Transmission Scheme for Solar Energy Zone in Bidar [2500 MW], Karnataka [Bidar Transmission Ltd]",Power Grid Corporation of India Limited [POWERGRID],0.0,3.9,Significant overrun/delay
617068,"Augmentation of Transformation Capacity by 3x500 MVA, 400/220 KV ICTS [6th-8th] and 1x1500 MVA, 765/400 KV ICT [4th] at Bidar PS [SPV Name- POWERGRID Bidar Augmentation Transmission Limited]",617802,Augmentation of Transformation Capacity and Implementation of Line Bays at Mandsaur S/S for RE Interconnection [SPV Name- POWERGRID Mandsaur I RE Transmission Limited],Power Grid Corporation of India Limited [POWERGRID],0.0,0.0,Recovered / on track
617184,Transmission Scheme for integration of Davanagere/ Chitradurga and Bellary REZ in Karnataka [POWERGRID Chitradurga Bellary REZ Transmission Limited],619024,Mahan Transmission Limited,Adani Transmission Limited,0.0,0.0,Recovered / on track
617803,Transmission System Strengthening at Davanagere for Integration of RE Generation [SPV Name - POWERGRID Davanagere Power Transmission Limited],617181,"Augmentation at Fatehgarh-II PS, Fatehgarh-IV PS [Section-II] and Barmer-I PS [POWERGRID Fatehgarh Barmer Augmentation Transmission Limited]",Power Grid Corporation of India Limited [POWERGRID],0.0,6.0,Significant overrun/delay
619228,Transmission System Strengthening for integration of additional RE Potential at Davanagere [0.25 GW] and Bellary [2.75 GW],619227,Network Expansion Scheme in Maharashtra for removal of Transmission constraints in Pune Region-I [765/400kV AIS Pune East],Power Grid Corporation of India Limited [POWERGRID],0.0,0.0,Recovered / on track
619028,Augmentation of 1x500 MVA 400/220kV ICT [3rd] at Thrissur VSC HVDC Station in Kerala,617182,Augmentation of Banaskantha [Raghanesda] PS [GIS] [POWERGRID Banaskantha Transco Limited],Power Grid Corporation of India Limited [POWERGRID],0.0,0.0,Recovered / on track
615344,Transmission System for Evacuation of Power from Rajasthan REZ Ph-IV [Part-2 5.5GW] [Jaisalmer/Barmer Complex] Part H1 [POWERGRID KURAWAR TRANSMISSION LIMITED],615332,Transmission System for Evacuation of Power from Rajasthan REZ Ph-IV [Part-2 5.5 GW][Jaisalmer/Barmer Complex] Part B [SPV Name POWERGRID Sirohi Transmission Limited],Power Grid Corporation of India Limited [POWERGRID],0.0,7.0,Significant overrun/delay
615346,Transmission System for Evacuation of Power from Rajasthan REZ Ph-IV [Part-2 5.5 GW] [Jaisalmer/Barmer Complex] Part C [SPV Name POWERGRID Mandsaur Transmission Limited],615338,TRANSMISSION SYSTEM FOR EVACUATION OF POWER FROM RAJASTHAN REZ PH -IV [PART-2 5.5 GW] [JAISALMER/BARMER COMPLEX] PART F [SPV Name POWERGRID BARMER I TRANSMISSION LIMITED],Power Grid Corporation of India Limited [POWERGRID],0.0,7.0,Significant overrun/delay
617272,Implementation of LILO of both circuits of 400KV vindhyachal PS-Sasan D/C Line at Hindalco Switchyard,615342,Augmentation of Transformation Capacity at jam Khambhaliya PS [GIS] [SPV Name POWERGRID Jam Khambhaliya Transmission Limited],Power Grid Corporation of India Limited [POWERGRID],0.0,9.0,Significant overrun/delay
617279,Transmission System for evacuation of power from Mahan Energen Limited Generating Station in Madhya Pradesh [SPV Name - POWERGRID MEL Power Transmission Limited],616671,Transmission System under ISTS for evacuation of Power from Kudankulam Unit-3&4 [2x1000 MW] [SPV Name POWERGRID Kudankulam Tarnsmission Limited],Power Grid Corporation of India Limited [POWERGRID],0.0,3.0,Recovered / on track
617802,Augmentation of Transformation Capacity and Implementation of Line Bays at Mandsaur S/S for RE Interconnection [SPV Name- POWERGRID Mandsaur I RE Transmission Limited],617068,"Augmentation of Transformation Capacity by 3x500 MVA, 400/220 KV ICTS [6th-8th] and 1x1500 MVA, 765/400 KV ICT [4th] at Bidar PS [SPV Name- POWERGRID Bidar Augmentation Transmission Limited]",Power Grid Corporation of India Limited [POWERGRID],0.0,0.0,Recovered / on track
619024,Mahan Transmission Limited,617184,Transmission Scheme for integration of Davanagere/ Chitradurga and Bellary REZ in Karnataka [POWERGRID Chitradurga Bellary REZ Transmission Limited],Power Grid Corporation of India Limited [POWERGRID],0.0,0.0,Recovered / on track
611966,Transmission System for Evacuation of power from Potential RE Zone in Khavda Area of Gujarat under phase IV 7GW-Part E4,617269,Transmission System for Strengthening to facilitate evacuation of power from Bhadla/Bikaner Complex,Power Grid Corporation of India Limited [POWERGRID],0.0,2.0,Recovered / on track
619227,Network Expansion Scheme in Maharashtra for removal of Transmission constraints in Pune Region-I [765/400kV AIS Pune East],619228,Transmission System Strengthening for integration of additional RE Potential at Davanagere [0.25 GW] and Bellary [2.75 GW],Power Grid Corporation of India Limited [POWERGRID],0.0,0.0,Recovered / on track
617185,Transmission System for Integration of Kurnool-IV REZ Phase-I [for 4.5 GW] [POWERGRID Kurnool-IV Transmission Limited],617186,Rajasthan REZ Ph-V [Part-1- 4 GW] [Sirohi/Nagaur] Complex [Rajasthan V Power Transmission Limited],Power Grid Corporation of India Limited [POWERGRID],0.0,3.0,Significant overrun/delay
617806,Transmission System for Integration of Ananthapur 2 REZ Phase 1 for 4.5 GW. SPV Name Anantapuram 2 REZ Transmission Ltd,619049,Khavda IVA Power Transmission Limited,Adani Transmission Limited,0.0,0.0,Recovered / on track
619030,Inter-Regional Strengthening between SR Grid and ER Grid,617183,Transmission system strengthening at Kurnool- III PS for integration of additional RE generation projects [POWERGRID Kurnool III PS RE Transmission Limited],Power Grid Corporation of India Limited [POWERGRID],0.0,0.0,Recovered / on track
900808,Transmission System for Kurnool Wind Energy Zone/ Solar Energy Zone Part-A and Part-B,612133,Transmission System for Evacuation of power from Rajasthan REZ Ph-IV [Part-1] [Bikaner Complex] Part D [Neemrana Bareilly Transmission Ltd],Power Grid Corporation of India Limited [POWERGRID],0.0,12.0,Significant overrun/delay
602223,Comprehensive Scheme for Strengthening of Transmission and Distribution [T&D] Systems [CSST&DS] in Arunachal Pradesh and Sikkim,607709,NORTH EASTERN REGION POWER SYSTEM IMPROVEMENT PROJECT [NERPSIP],Power Grid Corporation of India Limited [POWERGRID],31.1,98.9,Significant overrun/delay
607709,NORTH EASTERN REGION POWER SYSTEM IMPROVEMENT PROJECT [NERPSIP],602223,Comprehensive Scheme for Strengthening of Transmission and Distribution [T&D] Systems [CSST&DS] in Arunachal Pradesh and Sikkim,Power Grid Corporation of India Limited [POWERGRID],92.0,98.9,Significant overrun/delay
617271,Eastern Region Expansion Scheme-43 [ERES-43],619029,Transmission System for Reliable Power Supply to Dholera,Power Grid Corporation of India Limited [POWERGRID],0.0,9.0,Significant overrun/delay
617807,Inter-regional [NR-WR] Transmission System strengthening to relieve the loading of 765 kV Vindhyachal-Varanasi D/c line,615333,Transmission System for Evacuation of Power from Rajasthan REZ Ph-IV [Part-2 5.5 GW] [Jaisalmer/Barmer Complex] Part D [SPV Name POWERGRID Beawar Mandsaur Transmission Limited],Power Grid Corporation of India Limited [POWERGRID],0.0,4.0,Significant overrun/delay
617270,Eastern Region Expansion Scheme-44 [ERES-44],615337,Additional Transmission System for evacuation of Power from Bhadla-III PS as part of Rajasthan REZ Phase III Scheme [20 GW] [SPV Name POWERGRID Bhadla-III Power Transmission Limited],Power Grid Corporation of India Limited [POWERGRID],0.0,7.0,Significant overrun/delay
400005,Transmission Network Expansion in Gujarat to increase its ATC from ISTS Part B,900808,Transmission System for Kurnool Wind Energy Zone/ Solar Energy Zone Part-A and Part-B,Power Grid Corporation of India Limited [POWERGRID],0.0,17.9,Significant overrun/delay
611735,Transmission system for evacuation of power from REZ in Rajasthan 20GW under Phase-III Part J,615336,Transmission system for evacuation of Power from REZ in Rajasthan [20 GW] under phase-III Part-D Phase-II,Power Grid Corporation of India Limited [POWERGRID],0.0,10.0,Significant overrun/delay
612132,Transmission Scheme for Evacuation of power from REZ in Rajasthan [20 GW] under Phase-III Part D Phase I [Sikar Khetri Transmission Ltd],615333,Transmission System for Evacuation of Power from Rajasthan REZ Ph-IV [Part-2 5.5 GW] [Jaisalmer/Barmer Complex] Part D [SPV Name POWERGRID Beawar Mandsaur Transmission Limited],Power Grid Corporation of India Limited [POWERGRID],0.0,4.0,Significant overrun/delay
615347,TRANSMISSION SYSTEM FOR EVACUATION OF POWER FROM POTENTIAL RENEWABLE ENERGY ZONE IN KHAVDA AREA OF GUJARAT UNDER PHASE-V [8 GW] PART A [SPV Name POWERGRID West Central Transmission Limited],619025,RAJASTHAN PART I POWER TRANSMISSION LIMITED,Adani Transmission Limited,0.0,0.0,Recovered / on track
615339,Transmission system for evacuation of power from Rajasthan REZ Ph-IV [Part- 3/6GW] [Bikaner complex] Part A [SPV Name POWERGRID Bikaner IV Transmission Limited],616670,Transmission System for evacuation of Power from Rajasthan REZ Ph-IV [Part-4 3.5 GW] Part A [SPV name POWERGRID Ghiror Transmission Limited],Power Grid Corporation of India Limited [POWERGRID],0.0,6.0,Significant overrun/delay
615340,TRANSMISSION SYSTEM FOR EVACUATION OF POWER FROM RAJASTHAN REZ PH-IV [PART-3/ 6 GW] [BIKANER COMPLEX] PART B [SPV Name POWERGRID Siwani Transmission Limited],616670,Transmission System for evacuation of Power from Rajasthan REZ Ph-IV [Part-4 3.5 GW] Part A [SPV name POWERGRID Ghiror Transmission Limited],Power Grid Corporation of India Limited [POWERGRID],0.0,6.0,Significant overrun/delay
617808,Inter-Regional Strengthening between SR Grid and WR Grid,619228,Transmission System Strengthening for integration of additional RE Potential at Davanagere [0.25 GW] and Bellary [2.75 GW],Power Grid Corporation of India Limited [POWERGRID],0.0,0.0,Recovered / on track
612138,"Transmission Scheme for Solar Energy Zone in Bidar [2500 MW], Karnataka [Bidar Transmission Ltd]",615335,Transmission System Strengthening for Interconnections of Bhadla-III & Bikaner III Complex [SPV Name POWERGRID BHADLA BIKANER TRANSMISSION LIMITED],Power Grid Corporation of India Limited [POWERGRID],0.0,7.0,Significant overrun/delay
615333,Transmission System for Evacuation of Power from Rajasthan REZ Ph-IV [Part-2 5.5 GW] [Jaisalmer/Barmer Complex] Part D [SPV Name POWERGRID Beawar Mandsaur Transmission Limited],612132,Transmission Scheme for Evacuation of power from REZ in Rajasthan [20 GW] under Phase-III Part D Phase I [Sikar Khetri Transmission Ltd],Power Grid Corporation of India Limited [POWERGRID],0.0,13.0,Significant overrun/delay
615334,Transmission System for Evacuation of Power from Rajasthan REZ Ph-IV [Part-2 5.5 GW] [Jaisalmer/Barmer Complex] Part E [SPV Name POWERGRID Mewar Transmission Limited],615332,Transmission System for Evacuation of Power from Rajasthan REZ Ph-IV [Part-2 5.5 GW][Jaisalmer/Barmer Complex] Part B [SPV Name POWERGRID Sirohi Transmission Limited],Power Grid Corporation of India Limited [POWERGRID],0.0,7.0,Significant overrun/delay
617186,Rajasthan REZ Ph-V [Part-1- 4 GW] [Sirohi/Nagaur] Complex [Rajasthan V Power Transmission Limited],617185,Transmission System for Integration of Kurnool-IV REZ Phase-I [for 4.5 GW] [POWERGRID Kurnool-IV Transmission Limited],Power Grid Corporation of India Limited [POWERGRID],0.0,6.0,Significant overrun/delay
619025,RAJASTHAN PART I POWER TRANSMISSION LIMITED,615347,TRANSMISSION SYSTEM FOR EVACUATION OF POWER FROM POTENTIAL RENEWABLE ENERGY ZONE IN KHAVDA AREA OF GUJARAT UNDER PHASE-V [8 GW] PART A [SPV Name POWERGRID West Central Transmission Limited],Power Grid Corporation of India Limited [POWERGRID],0.0,0.0,Recovered / on track
612133,Transmission System for Evacuation of power from Rajasthan REZ Ph-IV [Part-1] [Bikaner Complex] Part D [Neemrana Bareilly Transmission Ltd],615332,Transmission System for Evacuation of Power from Rajasthan REZ Ph-IV [Part-2 5.5 GW][Jaisalmer/Barmer Complex] Part B [SPV Name POWERGRID Sirohi Transmission Limited],Power Grid Corporation of India Limited [POWERGRID],0.0,7.0,Significant overrun/delay
616670,Transmission System for evacuation of Power from Rajasthan REZ Ph-IV [Part-4 3.5 GW] Part A [SPV name POWERGRID Ghiror Transmission Limited],615339,Transmission system for evacuation of power from Rajasthan REZ Ph-IV [Part- 3/6GW] [Bikaner complex] Part A [SPV Name POWERGRID Bikaner IV Transmission Limited],Power Grid Corporation of India Limited [POWERGRID],0.0,5.0,Significant overrun/delay
611947,Transmission System for Evacuation of Power from REZ in Rajasthan 20GW under Phase III- Part E2,617270,Eastern Region Expansion Scheme-44 [ERES-44],Power Grid Corporation of India Limited [POWERGRID],0.0,13.0,Significant overrun/delay
611948,Transmission system for evacuation of power from REZ in Rajasthan 20 GW under Phase-III part H,615333,Transmission System for Evacuation of Power from Rajasthan REZ Ph-IV [Part-2 5.5 GW] [Jaisalmer/Barmer Complex] Part D [SPV Name POWERGRID Beawar Mandsaur Transmission Limited],Power Grid Corporation of India Limited [POWERGRID],0.0,4.0,Significant overrun/delay
611949,Transmission system for evacuation of power from REZ in Rajasthan 20 GW under Phase-III part C1,612138,"Transmission Scheme for Solar Energy Zone in Bidar [2500 MW], Karnataka [Bidar Transmission Ltd]",Power Grid Corporation of India Limited [POWERGRID],0.0,3.9,Significant overrun/delay
612134,Transmission System for Evacuation of power from Rajasthan REZ Ph-IV [Part-1] [Bikaner Complex] Part A [Bikaner Neemrana Transmission Ltd],612140,Transmission Scheme for Integration of Renewable Energy Zone [Phase II] in Koppal II [Phase A&B] and gadag II[Phase A] in Karnataka [POWERGRID KOPPAL GADAG TRANSMISSION LIMITED],Power Grid Corporation of India Limited [POWERGRID],0.0,9.0,Significant overrun/delay
615332,Transmission System for Evacuation of Power from Rajasthan REZ Ph-IV [Part-2 5.5 GW][Jaisalmer/Barmer Complex] Part B [SPV Name POWERGRID Sirohi Transmission Limited],615334,Transmission System for Evacuation of Power from Rajasthan REZ Ph-IV [Part-2 5.5 GW] [Jaisalmer/Barmer Complex] Part E [SPV Name POWERGRID Mewar Transmission Limited],Power Grid Corporation of India Limited [POWERGRID],0.0,8.0,Significant overrun/delay
615335,Transmission System Strengthening for Interconnections of Bhadla-III & Bikaner III Complex [SPV Name POWERGRID BHADLA BIKANER TRANSMISSION LIMITED],612138,"Transmission Scheme for Solar Energy Zone in Bidar [2500 MW], Karnataka [Bidar Transmission Ltd]",Power Grid Corporation of India Limited [POWERGRID],0.0,3.9,Significant overrun/delay
615337,Additional Transmission System for evacuation of Power from Bhadla-III PS as part of Rajasthan REZ Phase III Scheme [20 GW] [SPV Name POWERGRID Bhadla-III Power Transmission Limited],617271,Eastern Region Expansion Scheme-43 [ERES-43],Power Grid Corporation of India Limited [POWERGRID],0.0,6.0,Significant overrun/delay
615338,TRANSMISSION SYSTEM FOR EVACUATION OF POWER FROM RAJASTHAN REZ PH -IV [PART-2 5.5 GW] [JAISALMER/BARMER COMPLEX] PART F [SPV Name POWERGRID BARMER I TRANSMISSION LIMITED],615346,Transmission System for Evacuation of Power from Rajasthan REZ Ph-IV [Part-2 5.5 GW] [Jaisalmer/Barmer Complex] Part C [SPV Name POWERGRID Mandsaur Transmission Limited],Power Grid Corporation of India Limited [POWERGRID],0.0,6.0,Significant overrun/delay
617181,"Augmentation at Fatehgarh-II PS, Fatehgarh-IV PS [Section-II] and Barmer-I PS [POWERGRID Fatehgarh Barmer Augmentation Transmission Limited]",617803,Transmission System Strengthening at Davanagere for Integration of RE Generation [SPV Name - POWERGRID Davanagere Power Transmission Limited],Power Grid Corporation of India Limited [POWERGRID],0.0,0.0,Recovered / on track
616671,Transmission System under ISTS for evacuation of Power from Kudankulam Unit-3&4 [2x1000 MW] [SPV Name POWERGRID Kudankulam Tarnsmission Limited],617801,Provision of ICT Augmentation & Bus Reactor at Bhuj-II PS,Power Grid Corporation of India Limited [POWERGRID],0.0,6.0,Significant overrun/delay
617269,Transmission System for Strengthening to facilitate evacuation of power from Bhadla/Bikaner Complex,617179,Transmission Scheme for evacuation of Power from Ratle HEP [850 MW] & kiru [624 MW] Part B,Power Grid Corporation of India Limited [POWERGRID],0.0,11.0,Significant overrun/delay
617412,"Construction of One Tower of Office Complex and another Tower of Residential quarters consisting of 10Nos. Type-V, 10Nos. Type-VI & 1No.Type-VII Quarters i/c internal water supply, sanitary installation and all development and bulk services, Horticulture works on EPC Mode-I basis i/c comprehensive operation and maintenance of Civil, E&M services for 7 years after completion of original construction work for Ranga Reddy, Secunderabad, Medchal, AuditI, Audit-II Commissionerates of Central Tax at Khajaguda, Serilingampally, Hyderabad.",617225,PCMC To Nigdi- Extension Of North South Corridor Of Phase-1,Maharashtra Metro Rail Corporation Limited [MMRCL],5.5,0.0,Significant overrun/delay
707229,"Integrated Command control Center [ICCC] - Construction and Development of Integrated Command Control Center with Security, Surveillance, ITMS, Connecting Port, Ship Service, Smart Solid Waste Management, Smart Public Transport System",701766,Green Building Development Project,ministry of housing and urban affairs,36.5,37.0,Significant overrun/delay
400188,Redevelopment of Seven General Pool Residential Accommodation [GPRA] Colonies in Delhi,702637,Mumbai Metro Line 3,Mumbai Metro Rail Corporation Limited [MMRC],61.1,29.0,Significant overrun/delay
701719,Rehablitation in Junavadaj Area Smart City Project,702949,Jhansi Water Supply Infrastructure Phase-II Project,Ministry of Housing & Urban Affairs,0.0,34.0,Significant overrun/delay
701766,Green Building Development Project,707229,"Integrated Command control Center [ICCC] - Construction and Development of Integrated Command Control Center with Security, Surveillance, ITMS, Connecting Port, Ship Service, Smart Solid Waste Management, Smart Public Transport System",ministry of housing and urban affairs,0.0,0.0,Recovered / on track
702627,Patna Metro Rail Project,702630,Surat Metro Rail Project,Gujarat Metro Rail Corporation Limited [GMRCL],-0.0,27.0,Significant overrun/delay
617207,Delhi Metro Rail Phase-IV [2 Corridors],618985,Pune Metro Rail Project Phase-2 Line-4 Kharadi to Khadakwasla with Spur Line 4A Nal Stop - Warje - Manikbaug,Maharashtra Metro Rail Corporation Limited [MMRCL],0.0,0.0,Recovered / on track
619031,Delhi Metro Rail Phase V A,618985,Pune Metro Rail Project Phase-2 Line-4 Kharadi to Khadakwasla with Spur Line 4A Nal Stop - Warje - Manikbaug,Maharashtra Metro Rail Corporation Limited [MMRCL],0.0,0.0,Recovered / on track
702632,DMRTS Phase - IV [3 Priority Corridors],702627,Patna Metro Rail Project,Patna Metro Rail Corporation Ltd. [PMRCL],0.0,39.9,Significant overrun/delay
702630,Surat Metro Rail Project,702628,Kanpur Metro Rail Project,Uttar Pradesh metro rail corporation [UPMRC],0.0,34.0,Significant overrun/delay
702639,Ahmedabad Metro Rail Project [Phase-I],702626,Indore Metro Rail Project,Madhya Pradesh Metro Rail Co Limited [MPMRCL],0.0,73.0,Significant overrun/delay
619022,"Metro connectivity from Millennium City Centre to Cyber City with Spur to Dwarka Expressway, Gurugram.",702658,Nagpur Metro Rail Phase II Development Project,Maharashtra Metro Rail Corporation Limited [MMRCL],0.0,0.0,Recovered / on track
702635,Construction of Bangalore Metro Rail Project Phase 2.,702637,Mumbai Metro Line 3,Mumbai Metro Rail Corporation Limited [MMRC],61.1,29.0,Significant overrun/delay
702665,Construction Bangalore Metro Rail Project Phase-2A & 2B,702627,Patna Metro Rail Project,Patna Metro Rail Corporation Ltd. [PMRCL],0.0,39.9,Significant overrun/delay
702664,Kochi Metro Rail Phase 2 Development Project,617226,Pune Metro Phase-1 Extension line towards south from Swargate to Katraj,Maharashtra Metro Rail Corporation Limited [MMRCL],0.0,0.0,Recovered / on track
702625,Bhopal Metro Rail Project,702626,Indore Metro Rail Project,Madhya Pradesh Metro Rail Co Limited [MPMRCL],0.0,73.0,Significant overrun/delay
702626,Indore Metro Rail Project,702625,Bhopal Metro Rail Project,Madhya Pradesh Metro Rail Co Limited [MPMRCL],0.0,67.0,Significant overrun/delay
617225,PCMC To Nigdi- Extension Of North South Corridor Of Phase-1,702664,Kochi Metro Rail Phase 2 Development Project,CSPCC Projects,0.0,0.0,Recovered / on track
617226,Pune Metro Phase-1 Extension line towards south from Swargate to Katraj,618971,Pune Metro Rail Project Phase-2 Corridor 2A Vanaz to Chandani Chowk and Corridor 2B Ramwadi to Wagholi/Vitthalwadi,Maharashtra Metro Rail Corporation Limited [MMRCL],0.0,0.0,Recovered / on track
617327,Thane Integral Ring Metro Rail Project,618985,Pune Metro Rail Project Phase-2 Line-4 Kharadi to Khadakwasla with Spur Line 4A Nal Stop - Warje - Manikbaug,Maharashtra Metro Rail Corporation Limited [MMRCL],0.0,0.0,Recovered / on track
618971,Pune Metro Rail Project Phase-2 Corridor 2A Vanaz to Chandani Chowk and Corridor 2B Ramwadi to Wagholi/Vitthalwadi,617226,Pune Metro Phase-1 Extension line towards south from Swargate to Katraj,Maharashtra Metro Rail Corporation Limited [MMRCL],0.0,0.0,Recovered / on track
618985,Pune Metro Rail Project Phase-2 Line-4 Kharadi to Khadakwasla with Spur Line 4A Nal Stop - Warje - Manikbaug,617207,Delhi Metro Rail Phase-IV [2 Corridors],Delhi Metro Rail Corporation Limited [DMRC],0.0,0.0,Recovered / on track
701745,New Suburba Station Development Project,701991,Kalyan Station Precinct Imporvement Project,ministry of housing and urban affairs,20.6,35.0,Significant overrun/delay
701991,Kalyan Station Precinct Imporvement Project,701745,New Suburba Station Development Project,ministry of housing and urban affairs,0.0,0.0,Recovered / on track
702637,Mumbai Metro Line 3,702635,Construction of Bangalore Metro Rail Project Phase 2.,Bengaluru Metro Rail,16.2,66.0,Significant overrun/delay
702658,Nagpur Metro Rail Phase II Development Project,619022,"Metro connectivity from Millennium City Centre to Cyber City with Spur to Dwarka Expressway, Gurugram.",Gurugram Metro Rail Limited [GMRL],0.0,0.0,Recovered / on track
617206,Delhi Metro Rail Phase-IV [Rithala - Kundli Corridor],619052,LUCKNOW METRO RAIL PROJECT PHASE-1B EAST WEST CORRIDOR,Uttar Pradesh metro rail corporation [UPMRC],0.0,0.0,Recovered / on track
702668,Chennai Metro Rail Phase-II Development Project,702632,DMRTS Phase - IV [3 Priority Corridors],Delhi Metro Rail Corporation Limited [DMRC],0.0,21.0,Significant overrun/delay
619052,LUCKNOW METRO RAIL PROJECT PHASE-1B EAST WEST CORRIDOR,617206,Delhi Metro Rail Phase-IV [Rithala - Kundli Corridor],Delhi Metro Rail Corporation Limited [DMRC],0.0,0.0,Recovered / on track
702628,Kanpur Metro Rail Project,702630,Surat Metro Rail Project,Gujarat Metro Rail Corporation Limited [GMRCL],-0.0,27.0,Significant overrun/delay
702629,Agra Metro Rail Project,702628,Kanpur Metro Rail Project,Uttar Pradesh metro rail corporation [UPMRC],0.0,34.0,Significant overrun/delay
702674,"ESR - 8 nos., distribution system - 216 Km, new house service connections - 38760 nos. upgrading of feeder mains, pumping station etc. - Phase II",702854,Solapur Sewerage Management Infrastructure Project,Ministry of Housing & Urban Affairs,0.0,39.0,Significant overrun/delay
702699,Muzaffarpur Storm Water Drainage Phase-I Project,702833,Kalyan-Dombivali Water Supply Infrastructure Project,Ministry of Housing & Urban Affairs,0.0,32.0,Significant overrun/delay
702355,Storm water drainag Development Project,702851,Pune Water Supply Infrastructure Project,Ministry of Housing & Urban Affairs,0.0,38.0,Significant overrun/delay
702734,Sewerage Management Scheme Part-3 Implementation,702746,Augmentation and Strenghthning of Urban Water Supply Phase 1 - SAAP 3,Ministry of Housing & Urban Affairs,0.0,39.0,Significant overrun/delay
702741,Dhanbad Water Supply Infrastructure Project,702851,Pune Water Supply Infrastructure Project,Ministry of Housing & Urban Affairs,0.0,38.0,Significant overrun/delay
702742,SAAP-3 Water Supply Infrastructure SAAP-3 Project,702674,"ESR - 8 nos., distribution system - 216 Km, new house service connections - 38760 nos. upgrading of feeder mains, pumping station etc. - Phase II",Ministry of Housing & Urban Affairs,0.0,39.0,Significant overrun/delay
702746,Augmentation and Strenghthning of Urban Water Supply Phase 1 - SAAP 3,702734,Sewerage Management Scheme Part-3 Implementation,Ministry of Housing & Urban Affairs,0.0,36.0,Significant overrun/delay
702760,Belgavi Improvement in Sewerage System Project,702808,Satna Sewerage Management and Treatment Infrastructure Project,Ministry of Housing & Urban Affairs,12.7,26.0,Significant overrun/delay
702793,Indore Water Supply Infrastructure Project,703021,Jalandhar Water Supply Infrastructure Project,Ministry of Housing & Urban Affairs,3.1,34.0,Significant overrun/delay
702808,Satna Sewerage Management and Treatment Infrastructure Project,702760,Belgavi Improvement in Sewerage System Project,Ministry of Housing & Urban Affairs,0.0,35.0,Significant overrun/delay
702810,Singrauli Sewerage Management and Treatment Infrastructure Project,703057,Patiala Water Supply Infrastructure Part-2 Project,Ministry of Housing & Urban Affairs,0.0,32.0,Significant overrun/delay
702833,Kalyan-Dombivali Water Supply Infrastructure Project,702699,Muzaffarpur Storm Water Drainage Phase-I Project,Ministry of Housing & Urban Affairs,0.0,32.0,Significant overrun/delay
702840,Mira-Bhayandar Water Supply Infrastructure Project,703021,Jalandhar Water Supply Infrastructure Project,Ministry of Housing & Urban Affairs,3.1,34.0,Significant overrun/delay
702851,Pune Water Supply Infrastructure Project,702741,Dhanbad Water Supply Infrastructure Project,Ministry of Housing & Urban Affairs,0.0,39.0,Significant overrun/delay
702854,Solapur Sewerage Management Infrastructure Project,702674,"ESR - 8 nos., distribution system - 216 Km, new house service connections - 38760 nos. upgrading of feeder mains, pumping station etc. - Phase II",Ministry of Housing & Urban Affairs,0.0,39.0,Significant overrun/delay
703021,Jalandhar Water Supply Infrastructure Project,703057,Patiala Water Supply Infrastructure Part-2 Project,Ministry of Housing & Urban Affairs,0.0,32.0,Significant overrun/delay
703057,Patiala Water Supply Infrastructure Part-2 Project,703021,Jalandhar Water Supply Infrastructure Project,Ministry of Housing & Urban Affairs,3.1,34.0,Significant overrun/delay
702949,Jhansi Water Supply Infrastructure Phase-II Project,702810,Singrauli Sewerage Management and Treatment Infrastructure Project,Ministry of Housing & Urban Affairs,9.0,39.0,Significant overrun/delay
617280,"Construction of Basement + Ground Floor+ 10 Storeyed building for State of the Art Director General, GSI Building at plot No.GN-40, Sector-V, Salt Lake, Kolkata",709832,25.5 MW WIND POWER PROJECT AT KAYATHAR IN TAMILNADU,National Aluminium Company Limited [NALCO],0.0,12.0,Significant overrun/delay
400426,Expansion of Malanjkhand Copper Project,400299,Pottangi Bauxite Mines Project,National Aluminium Company Limited [NALCO],42.0,14.0,Significant overrun/delay
400141,Expansion of Alumina Refinery Plant with addition of 5th Stream having capacity enhancement of 1.0 Million Tonee Per Annum,400299,Pottangi Bauxite Mines Project,National Aluminium Company Limited [NALCO],42.0,14.0,Significant overrun/delay
400299,Pottangi Bauxite Mines Project,709831,SOURCING OF BAUXITE ARRANGEMENT FOR 5TH STREAM ALUMINA REFINERY FROM SOUTH BLOCK MINING LEASE OF PANCHPATMAILI MINES,National Aluminium Company Limited [NALCO],0.0,13.0,Significant overrun/delay
709831,SOURCING OF BAUXITE ARRANGEMENT FOR 5TH STREAM ALUMINA REFINERY FROM SOUTH BLOCK MINING LEASE OF PANCHPATMAILI MINES,709832,25.5 MW WIND POWER PROJECT AT KAYATHAR IN TAMILNADU,National Aluminium Company Limited [NALCO],0.0,12.0,Significant overrun/delay
709832,25.5 MW WIND POWER PROJECT AT KAYATHAR IN TAMILNADU,709831,SOURCING OF BAUXITE ARRANGEMENT FOR 5TH STREAM ALUMINA REFINERY FROM SOUTH BLOCK MINING LEASE OF PANCHPATMAILI MINES,National Aluminium Company Limited [NALCO],0.0,13.0,Significant overrun/delay
613008,Construction of Permanent Campus of Central Tribal University of Andhra Pradesh Phase-1,611963,"Construction & Development of Infrastructural Facilities in the main campus of NIT Uttarakhand at Sumari, Pauri Garhwal",National Institute of Technology Uttarakhand,0.0,0.0,Recovered / on track
612898,Construction of Permanent Campus of National Institute of Technology Arunachal Pradesh,612877,Establishment of NIT Puducherry Permanent Campus [Phase-I and Phase-II],"National Institute of Technology, Puducherry",-12.0,17.0,Significant overrun/delay
606112,Tezpur University Projects,612894,"Construction of Permanent Campus of Central University of Himachal Pradesh at Dehra, District - Kangra, [H.P.] on Engineering. Procurement and Construction [EPC Mode 1] Basis.","Central University, Himachal Pradesh",19.2,15.9,Significant overrun/delay
606013,Additional Campus of NITPatna,611957,"Phase III A works at IIT Indore [03 Hostels, 01 Studio Apartment, 01 Housing, Heavy & Sophisticated lab complex, Academic POD and Infrastructure for center of excellence]","Indian Institute of Technology, Indore",0.0,0.0,Recovered / on track
617877,Phase B Construction of Permanent Campus of IIT Bhilai,617878,Phase B of Construction of Permanent Campus of IIT Palakkad,INDIAN INSTITUTE OF TECHNOLOGY PALAKKAD,0.0,0.0,Recovered / on track
612851,"Phase 1B - Construction of Academic Block, Hostel, Residential Tower, Directors Residence and External Development works at National Institute of Technology, Delhi Campus on Engineering, Procurement and Construction basis",613013,Establishment of NIT Nagaland,NIT Nagaland,0.0,0.0,Recovered / on track
616886,Delhi University Eastern Campus at Surajmal Vihar,611961,Construction of IIT Bhubaneswar -Phase III,"Indian Institute of Technology, Bhubaneshwar",0.0,0.0,Recovered / on track
612916,"Construction of permanent campus of Central University of Gujarat at Village kundhela, Dist. Vadodara, Gujarat.",602098,"Construction of Permanent Campus for IIM Jammu Phase-1 at Jagti, Nagrota, Jammu, J&K","Indian Institute of Management, Jammu",17.9,29.0,Significant overrun/delay
602099,Establishment of Permanent campus Phase 1 of IIM Sirmaur,609019,"HEFA projects on development of student hostels, playgrounds, departmental buildings, class room complex and other campus facilities in IIT Kharagpur","Indian Institute of Technology, Kharagpur",-11.6,36.0,Significant overrun/delay
612128,Hostel blocks & dining hall block,619033,"1000 seater Boys hostel, 500 seater Girls hostel, 1.5 MLD Sewage Treatment Plant and Faculty Residence - 72 nos. Flats",NIT Rourkela,0.0,0.0,Recovered / on track
612894,"Construction of Permanent Campus of Central University of Himachal Pradesh at Dehra, District - Kangra, [H.P.] on Engineering. Procurement and Construction [EPC Mode 1] Basis.",609736,"Construction of Sikkim University Campus Phase-I Package-II at Yangang, South Sikkim",Sikkim University,0.0,13.9,Significant overrun/delay
602098,"Construction of Permanent Campus for IIM Jammu Phase-1 at Jagti, Nagrota, Jammu, J&K",605292,"Construction of Permanent Campus of Indian Institute of Management [IIM] Amritsar, Punjab, Phase-I","Indian intitue of Management, Amritsar",0.0,39.0,Significant overrun/delay
606431,CONSTRUCTION OF PERMANENT CAMPUS FOR IIT PALAKKAD UNDER PHASE 1A,609019,"HEFA projects on development of student hostels, playgrounds, departmental buildings, class room complex and other campus facilities in IIT Kharagpur","Indian Institute of Technology, Kharagpur",-11.6,36.0,Significant overrun/delay
617878,Phase B of Construction of Permanent Campus of IIT Palakkad,617877,Phase B Construction of Permanent Campus of IIT Bhilai,"Indian Institute of Technology, Bhilai",0.0,0.0,Recovered / on track
611957,"Phase III A works at IIT Indore [03 Hostels, 01 Studio Apartment, 01 Housing, Heavy & Sophisticated lab complex, Academic POD and Infrastructure for center of excellence]",611961,Construction of IIT Bhubaneswar -Phase III,"Indian Institute of Technology, Bhubaneshwar",0.0,0.0,Recovered / on track
612885,Construction and Developement of National Institute of Technology Meghalaya Permanent Campus at Sohra,612877,Establishment of NIT Puducherry Permanent Campus [Phase-I and Phase-II],"National Institute of Technology, Puducherry",-12.0,17.0,Significant overrun/delay
612876,"Construction of Permanent Campus for NIT Mizoram at Lengpui, Aizawl",612898,Construction of Permanent Campus of National Institute of Technology Arunachal Pradesh,"National Institute of Technology, Arunachal Pradesh",0.0,-24.0,Recovered / on track
613013,Establishment of NIT Nagaland,612851,"Phase 1B - Construction of Academic Block, Hostel, Residential Tower, Directors Residence and External Development works at National Institute of Technology, Delhi Campus on Engineering, Procurement and Construction basis",National Institute of Technology Delhi,0.9,4.0,Significant overrun/delay
610315,IISER BERHAMPUR,606431,CONSTRUCTION OF PERMANENT CAMPUS FOR IIT PALAKKAD UNDER PHASE 1A,INDIAN INSTITUTE OF TECHNOLOGY PALAKKAD,21.0,48.0,Significant overrun/delay
611961,Construction of IIT Bhubaneswar -Phase III,616886,Delhi University Eastern Campus at Surajmal Vihar,Delhi University,0.0,0.0,Recovered / on track
619033,"1000 seater Boys hostel, 500 seater Girls hostel, 1.5 MLD Sewage Treatment Plant and Faculty Residence - 72 nos. Flats",612128,Hostel blocks & dining hall block,"Indian Institute of Technology, Mandi",0.0,4.0,Significant overrun/delay
612877,Establishment of NIT Puducherry Permanent Campus [Phase-I and Phase-II],612898,Construction of Permanent Campus of National Institute of Technology Arunachal Pradesh,"National Institute of Technology, Arunachal Pradesh",0.0,-24.0,Recovered / on track
605292,"Construction of Permanent Campus of Indian Institute of Management [IIM] Amritsar, Punjab, Phase-I",602098,"Construction of Permanent Campus for IIM Jammu Phase-1 at Jagti, Nagrota, Jammu, J&K","Indian Institute of Management, Jammu",17.9,29.0,Significant overrun/delay
617221,"Construction of Girls Hostel 400 seater, Boys Hostel 600 seater, Academic Block, International Hostel 100 seater, VC Residence and Purchase of Equipment",619033,"1000 seater Boys hostel, 500 seater Girls hostel, 1.5 MLD Sewage Treatment Plant and Faculty Residence - 72 nos. Flats",NIT Rourkela,0.0,0.0,Recovered / on track
609736,"Construction of Sikkim University Campus Phase-I Package-II at Yangang, South Sikkim",605292,"Construction of Permanent Campus of Indian Institute of Management [IIM] Amritsar, Punjab, Phase-I","Indian intitue of Management, Amritsar",0.0,39.0,Significant overrun/delay
612883,Establishment of Permanent Campus of NIT SIkkim at Khamdong-Gangtok District,611957,"Phase III A works at IIT Indore [03 Hostels, 01 Studio Apartment, 01 Housing, Heavy & Sophisticated lab complex, Academic POD and Infrastructure for center of excellence]","Indian Institute of Technology, Indore",0.0,0.0,Recovered / on track
609996,Construction of Precast housing and hostels at IIT Hyderabad,619033,"1000 seater Boys hostel, 500 seater Girls hostel, 1.5 MLD Sewage Treatment Plant and Faculty Residence - 72 nos. Flats",NIT Rourkela,0.0,0.0,Recovered / on track
606479,Banaras Hindu University [ Kayakalp of Institute of Medical Sciences],612894,"Construction of Permanent Campus of Central University of Himachal Pradesh at Dehra, District - Kangra, [H.P.] on Engineering. Procurement and Construction [EPC Mode 1] Basis.","Central University, Himachal Pradesh",19.2,15.9,Significant overrun/delay
611963,"Construction & Development of Infrastructural Facilities in the main campus of NIT Uttarakhand at Sumari, Pauri Garhwal",613008,Construction of Permanent Campus of Central Tribal University of Andhra Pradesh Phase-1,Central Tribal University of Andhra Pradesh,0.0,0.0,Recovered / on track
609019,"HEFA projects on development of student hostels, playgrounds, departmental buildings, class room complex and other campus facilities in IIT Kharagpur",602099,Establishment of Permanent campus Phase 1 of IIM Sirmaur,"Indian Institute of Management, Sirmaur",15.9,31.0,Significant overrun/delay
709754,"Construction of LPG Facilities at Kamardanga, Assam",617829,LPG Bottling Plant at Mualkhang,Ministry of Petroleum & Natural Gas,0.0,-11.0,Recovered / on track
709755,"Setting up of new rail fed POL facility at Kamardanga, Assam",619313,Setting up of 50 MW [plus/minus 5 percent] Wind Power Plant for Captive Consumption at MR,MinistryofPetroleumNaturalGas,0.0,0.0,Recovered / on track
617839,Capacity Augmentation of Kandla LPG Import Terminal [KLIT] from 0.6 MMTPA to 2.5 MMTPA,709759,"Petrochemical evacuation marketing terminal at Barmer, Rajasthan",Hindustan Petroleum Corporation Limited [HPCL],0.0,0.0,Recovered / on track
604833,"Andheri Residential Towers, Mumbai",709755,"Setting up of new rail fed POL facility at Kamardanga, Assam",Hindustan Petroleum Corporation Limited [HPCL],0.0,0.0,Recovered / on track
619313,Setting up of 50 MW [plus/minus 5 percent] Wind Power Plant for Captive Consumption at MR,709755,"Setting up of new rail fed POL facility at Kamardanga, Assam",Hindustan Petroleum Corporation Limited [HPCL],0.0,0.0,Recovered / on track
617829,LPG Bottling Plant at Mualkhang,709754,"Construction of LPG Facilities at Kamardanga, Assam",Hindustan Petroleum Corporation Limited,0.0,0.0,Recovered / on track
701343,Srikakulam Angul Gas Pipeline Project,604852,"Grass-root Terminal at Mirzapur, Uttar Pradesh",Ministry of Petroleum & Natural Gas,0.0,0.0,Recovered / on track
701349,Paradip-Numaligarh Crude Oil Pipeline [PNCPL] & Crude Oil Import Terminal [COIT] at Paradip,400012,Kandla Gorakhpur LPG Pipeline,Ministry of Petroleum & Natural Gas,0.0,54.0,Significant overrun/delay
400078,New Mundra Panipat Crude Oil Pipeline,400012,Kandla Gorakhpur LPG Pipeline,Ministry of Petroleum & Natural Gas,0.0,54.0,Significant overrun/delay
400012,Kandla Gorakhpur LPG Pipeline,400078,New Mundra Panipat Crude Oil Pipeline,Ministry of Petroleum & Natural Gas,0.0,18.0,Significant overrun/delay
400301,Multi Product Pipeline from Irugur to Devangonthi,604833,"Andheri Residential Towers, Mumbai",Ministry of Petroleum & Natural Gas,38.5,13.0,Significant overrun/delay
701263,Rajasthan Refinery Project,701349,Paradip-Numaligarh Crude Oil Pipeline [PNCPL] & Crude Oil Import Terminal [COIT] at Paradip,Ministry of Petroleum & Natural Gas,11.5,27.0,Significant overrun/delay
709759,"Petrochemical evacuation marketing terminal at Barmer, Rajasthan",617839,Capacity Augmentation of Kandla LPG Import Terminal [KLIT] from 0.6 MMTPA to 2.5 MMTPA,Ministry of Petroleum & Natural Gas,-14.7,0.0,Recovered / on track
400043,Laying of POL Pipelines in Common Corridor for proposed grass root terminal at Vallur [Chennai],604852,"Grass-root Terminal at Mirzapur, Uttar Pradesh",Ministry of Petroleum & Natural Gas,0.0,0.0,Recovered / on track
400035,"Grass Root Rail-fed Depot at Sekerkote, Agartala as resitement of existing Dharmanagar Depot",400043,Laying of POL Pipelines in Common Corridor for proposed grass root terminal at Vallur [Chennai],Ministry of Petroleum & Natural Gas,0.0,0.0,Recovered / on track
604852,"Grass-root Terminal at Mirzapur, Uttar Pradesh",400043,Laying of POL Pipelines in Common Corridor for proposed grass root terminal at Vallur [Chennai],Ministry of Petroleum & Natural Gas,0.0,0.0,Recovered / on track
400120,KG-DWN-98/2 Cluster - II Development Project - NELP Block,701329,Petrochemical and Lube Integration Project at Gujarat Refinery,Ministry of Petroleum & Natural Gas,-5.9,27.0,Significant overrun/delay
619226,Provision of four bitumen tanks with capacity of 5 TMT each at Visakh Refinery,619225,Installation of Compression facility at GAIL Usar,Ministry of Petroleum & Natural Gas,0.0,0.0,Recovered / on track
709752,HP-COAT [Crude to Olefins and Aromatics Technology] demo unit at Visakh Refinery,709782,ATF Pipeline from Jawaharlal Nehru Port Trust to Navi Mumbai International Airport,Indian Oil Corporation Limited [IOCL],0.0,10.0,Significant overrun/delay
604791,Numaligarh Refinery Expansion Project,604859,Integrated Para Xylene [PX] and Purified Terephthalic Acid [PTA] Project at Paradip Refinery,Ministry of Petroleum & Natural Gas,-14.6,31.0,Significant overrun/delay
604863,Development of Surface Facilities for production and evacuation of Crude Oil and Natural Gas from Nadua and East Khagorija,701344,Dhamra Haldia Pipeline Project,Ministry of Petroleum & Natural Gas,9.2,46.0,Significant overrun/delay
607701,"Guwahati Refinery Expansion [1.0 to 1.2 MMTPA] along with installation of CRU, Guwahati Refinery",709864,DCU Revamp Project,NRL,0.0,27.0,Significant overrun/delay
616858,"Construction of Field Gas Gathering Station at Baghjan area for collection, processing & transportation of natural Gas to be produced from Baghjan Field",709864,DCU Revamp Project,NRL,0.0,27.0,Significant overrun/delay
617836,Coke Drum Structure Package,709838,Commercial Polymer Flooding Project in Bechraji field,Oil and Natural Gas Corporation Limited [ONGC],18.9,29.9,Significant overrun/delay
619316,"Group Gathering Station, Lakwagaon",619196,Change of service of existing Mundra-Panipat Pipeline [Panipat - Churwa section] from Crude oil to Product,IOCL,0.0,0.0,Recovered / on track
709776,Augmentation/Revamping of Facilities at existing Guwahati Terminal at Betkuchi,709780,Construction of Additional Tankages and Allied Facilities at JNPT Terminal,MinistryofPetroleumNaturalGas,27.7,0.0,Significant overrun/delay
709779,Capacity Expansion of Digboi Refinery from 0.65 to 1.0 MMTPA,709845,"Revamping of SV Stations, Gas Terminal & Kribhco Terminal",Oil and Natural Gas Corporation Limited [ONGC],0.0,0.0,Recovered / on track
709847,Pipeline Network Project Rudrasagar,612853,Gurdaspur Jammu Pipeline,Gas Authority of India Limited [GAIL],0.0,0.0,Recovered / on track
709850,Borholla GGS Life Extension Project [BLEP],709785,Laying of Natural Gas Pipeline from Hazaribagh to Ranchi [HRPL],MinistryofPetroleumNaturalGas,0.0,12.9,Significant overrun/delay
709864,DCU Revamp Project,607701,"Guwahati Refinery Expansion [1.0 to 1.2 MMTPA] along with installation of CRU, Guwahati Refinery",Ministry of Petroleum & Natural Gas,39.9,31.0,Significant overrun/delay
709865,Power Recovery Turbine [PRT] in PFCCU unit as an Energy Conservation Scheme,612790,Power System Upgradation Project,Mangalore Refinary and Petrochemicals Limited,0.0,10.0,Significant overrun/delay
617304,"Setting up of LPG Plant with Rail Unloading Facility at Hathua, Dist. Gopalganj, Bihar",709778,Installation of new Biturox Unit along with allied facilities at Gujarat Refinery,MinistryofPetroleumNaturalGas,4.9,16.0,Significant overrun/delay
701324,Barauni Refinery Capacity Expansion from 6.0 to 9.0 MMTPA,604859,Integrated Para Xylene [PX] and Purified Terephthalic Acid [PTA] Project at Paradip Refinery,Ministry of Petroleum & Natural Gas,-14.6,31.0,Significant overrun/delay
709777,Installation of Bitumen Manufacturing Unit along with allied facilities at Barauni Refinery,709778,Installation of new Biturox Unit along with allied facilities at Gujarat Refinery,MinistryofPetroleumNaturalGas,4.9,16.0,Significant overrun/delay
709792,"City Gas Distribution Projects at Darbhanga, Madhubani, Supaul, Sitamarhi and Sheohar districts",709796,City Gas Distribution Projects at the Nilgiris and Erode districts,Bharat Petroleum Corporation Limited [BPCL],0.0,0.0,Recovered / on track
709793,"City Gas Distribution Projects at Gopalganj, Siwan, West Champaran, East Champaran and Deoria districts",709796,City Gas Distribution Projects at the Nilgiris and Erode districts,Bharat Petroleum Corporation Limited [BPCL],0.0,0.0,Recovered / on track
617819,"City Gas Distribution [CGD] Project in Kondagaon, Bastar, Sukma, Narayanpur, Bijapur & Dantewada GA",617818,"City Gas Distribution [CGD] Project in Gajapati, Kandhamal, Boudh, & Sonepur GA",Ministry of Petroleum & Natural Gas,0.0,21.9,Significant overrun/delay
400087,Redevelopment of Sobhasan Complex,709791,City Gas Distribution Projects at Alipurduar and Cooch Behar,Bharat Petroleum Corporation Limited [BPCL],0.0,0.0,Recovered / on track
400167,Redevelopment of Santhal Field [Onshore-Mehsana Asset],709771,"City Gas Distribution Project at Beed, Jalgaon and Jalna Districts",MinistryofPetroleumNaturalGas,0.0,0.0,Recovered / on track
400169,Redevelopment of Linch Field,617837,Siliguri Marketing Terminal [SMT] Capacity Augmentation Project,Ministry of Petroleum & Natural Gas,0.0,9.0,Significant overrun/delay
701329,Petrochemical and Lube Integration Project at Gujarat Refinery,701324,Barauni Refinery Capacity Expansion from 6.0 to 9.0 MMTPA,Ministry of Petroleum & Natural Gas,12.9,40.0,Significant overrun/delay
709778,Installation of new Biturox Unit along with allied facilities at Gujarat Refinery,709777,Installation of Bitumen Manufacturing Unit along with allied facilities at Barauni Refinery,MinistryofPetroleumNaturalGas,-12.7,21.0,Significant overrun/delay
709838,Commercial Polymer Flooding Project in Bechraji field,617836,Coke Drum Structure Package,Ministry of Petroleum & Natural Gas,0.0,9.0,Significant overrun/delay
709840,"Restoration of Gas Terminal, Phase-I [Part-A], Hazira",709837,"Creation of Gas Dehydration Facilities, Tripura Asset",Oil and Natural Gas Corporation Limited [ONGC],-37.2,27.0,Significant overrun/delay
709841,Old Pipe Line Replacement [OPRP] Group-A,709752,HP-COAT [Crude to Olefins and Aromatics Technology] demo unit at Visakh Refinery,Hindustan Petroleum Corporation Limited,37.5,32.0,Significant overrun/delay
709842,"Kalol Redevelopment Project, Ahmedabad Asset",611917,Poly Butadiene Rubber plant at Panipat,Indian Oil Corporation Limited [IOCL],73.5,21.0,Significant overrun/delay
709845,"Revamping of SV Stations, Gas Terminal & Kribhco Terminal",709779,Capacity Expansion of Digboi Refinery from 0.65 to 1.0 MMTPA,MinistryofPetroleumNaturalGas,-3.6,16.0,Significant overrun/delay
604853,"Indian Oil Technology Development and Deployment Centre at R&D Campus-II, Faridabad",617302,Durgapur - Haldia Pipeline [Section-3B of JHBDPL Project],Ministry of Petroleum & Natural Gas,43.3,69.0,Significant overrun/delay
611917,Poly Butadiene Rubber plant at Panipat,709753,Haldia Panagarh Pipeline Project,Hindustan Petroleum Corporation Limited,9.6,5.9,Significant overrun/delay
619196,Change of service of existing Mundra-Panipat Pipeline [Panipat - Churwa section] from Crude oil to Product,619225,Installation of Compression facility at GAIL Usar,Ministry of Petroleum & Natural Gas,0.0,0.0,Recovered / on track
701289,Capacity Expansion of Panipat Refinery from 15 to 25 MMTPA,604795,CBR 9 MMTPA Project,Chennai Petroleum Corporation Limited [CPCL],15.1,40.0,Significant overrun/delay
709783,"Installation of Multiple Effect Evaporator [MEE] for ETP-1, 2 & 4 of Panipat Refinery and Petrochemical Complex.",709752,HP-COAT [Crude to Olefins and Aromatics Technology] demo unit at Visakh Refinery,Hindustan Petroleum Corporation Limited,37.5,32.0,Significant overrun/delay
709773,"City Gas Distribution Project at Jammu, Udhampur, Reasi, Samba and Kathua Districts",709772,"City Gas Distribution Project at East Mednipore, West Mednipore & Jhargram Districts",MinistryofPetroleumNaturalGas,0.0,0.0,Recovered / on track
610984,Development of Jharia CBM Block [Phase-1],616858,"Construction of Field Gas Gathering Station at Baghjan area for collection, processing & transportation of natural Gas to be produced from Baghjan Field",Ministry of Petroleum & Natural Gas,0.0,27.0,Significant overrun/delay
709785,Laying of Natural Gas Pipeline from Hazaribagh to Ranchi [HRPL],709850,Borholla GGS Life Extension Project [BLEP],Ministry of Petroleum & Natural Gas,0.0,4.0,Significant overrun/delay
612790,Power System Upgradation Project,709865,Power Recovery Turbine [PRT] in PFCCU unit as an Energy Conservation Scheme,NRL,0.0,21.0,Significant overrun/delay
616879,Demo Bio-ATF Project,617304,"Setting up of LPG Plant with Rail Unloading Facility at Hathua, Dist. Gopalganj, Bihar",MinistryofPetroleumNaturalGas,0.0,0.0,Recovered / on track
709774,Revamping/ Augmentation of facilities at existing port terminal at Mangalore,617837,Siliguri Marketing Terminal [SMT] Capacity Augmentation Project,Ministry of Petroleum & Natural Gas,0.0,9.0,Significant overrun/delay
617838,Augmentation of CCKPL and IDPL Pipelines capacity along with setting up of Palakkad TOP,619224,Augmentation of DUPL-DPPL Pipeline,Ministry of Petroleum & Natural Gas,0.0,0.0,Recovered / on track
709799,Setting up Polypropylene Unit at Kochi Refinery,709839,Daman Upside Development Project,Oil and Natural Gas Corporation Limited [ONGC],54.6,14.0,Significant overrun/delay
617830,C2/C3 Vijaipur Pata Pipeline,616254,Visakh Raipur Pipeline Project,Ministry of Petroleum and Natural Gas,0.0,0.0,Recovered / on track
709798,Ethylene Cracker Project at Bina Refinery including downstream Petrochemical Plants and expansion of Refinery,701289,Capacity Expansion of Panipat Refinery from 15 to 25 MMTPA,Ministry of Petroleum & Natural Gas,4.6,27.0,Significant overrun/delay
400168,"500 KTA PDHPP Project, Usar",701346,North East Gas Grid,Ministry of Petroleum & Natural Gas,0.0,28.0,Significant overrun/delay
616933,Lube Modernization & Bottom Upgradation Project at Mumbai Refinery,709799,Setting up Polypropylene Unit at Kochi Refinery,MinistryofPetroleumNaturalGas,8.7,0.0,Significant overrun/delay
619223,Petro Resid Fluidized Catalytic Cracking [PRFCC] Unit and its associated facilities at Mumbai Refinery,709851,Integrated Development of 4 Contract Areas under DSF-II,Ministry of Petroleum & Natural Gas,0.0,0.0,Recovered / on track
619224,Augmentation of DUPL-DPPL Pipeline,617838,Augmentation of CCKPL and IDPL Pipelines capacity along with setting up of Palakkad TOP,Ministry of Petroleum & Natural Gas,0.0,0.0,Recovered / on track
619225,Installation of Compression facility at GAIL Usar,619226,Provision of four bitumen tanks with capacity of 5 TMT each at Visakh Refinery,Ministry of Petroleum and Natural Gas,0.0,0.0,Recovered / on track
709760,HP TDAE Unit in Mumbai Refinery,709750,Laying of new 28 inch Desal Water Pipeline and 10 inch Reject Water Pipeline between CPCL Manali Refinery and CPCL Desalination plant at Ennore,Chennai Petroleum Corporation Limited [CPCL],0.0,15.0,Significant overrun/delay
709771,"City Gas Distribution Project at Beed, Jalgaon and Jalna Districts",709772,"City Gas Distribution Project at East Mednipore, West Mednipore & Jhargram Districts",MinistryofPetroleumNaturalGas,0.0,0.0,Recovered / on track
709780,Construction of Additional Tankages and Allied Facilities at JNPT Terminal,709776,Augmentation/Revamping of Facilities at existing Guwahati Terminal at Betkuchi,MinistryofPetroleumNaturalGas,16.6,0.0,Significant overrun/delay
709782,ATF Pipeline from Jawaharlal Nehru Port Trust to Navi Mumbai International Airport,709752,HP-COAT [Crude to Olefins and Aromatics Technology] demo unit at Visakh Refinery,Hindustan Petroleum Corporation Limited,37.5,32.0,Significant overrun/delay
709797,POL & LOBS Installations with Receipt Pipelines at Rasayani,616254,Visakh Raipur Pipeline Project,Ministry of Petroleum and Natural Gas,0.0,0.0,Recovered / on track
616254,Visakh Raipur Pipeline Project,617830,C2/C3 Vijaipur Pata Pipeline,Ministry of Petroleum & Natural Gas,0.0,0.0,Recovered / on track
701346,North East Gas Grid,400168,"500 KTA PDHPP Project, Usar",Ministry of Petroleum & Natural Gas,28.0,24.0,Significant overrun/delay
617827,"Pipeline Rehabilitation Project, Phase-II",617838,Augmentation of CCKPL and IDPL Pipelines capacity along with setting up of Palakkad TOP,Ministry of Petroleum & Natural Gas,0.0,0.0,Recovered / on track
709757,"CGD Project in Banka, Dumka, Godda, Jamtara, Pakur, Sahibganj GA ID 11A.02",709791,City Gas Distribution Projects at Alipurduar and Cooch Behar,Bharat Petroleum Corporation Limited [BPCL],0.0,0.0,Recovered / on track
701354,Mumbai Nagpur Jharsuguda Pipeline Project,701346,North East Gas Grid,Ministry of Petroleum & Natural Gas,0.0,28.0,Significant overrun/delay
701330,Mehsana-Bhatinda & Bhatinda-Jammu Natural Gas Pipeline,701415,Polavaram Irrigation Project,Water Resources-AP,447.2,47.0,Significant overrun/delay
612853,Gurdaspur Jammu Pipeline,709847,Pipeline Network Project Rudrasagar,Ministry of Petroleum & Natural Gas,0.0,12.0,Significant overrun/delay
701228,Kochi - Koottanad - Bangalore - Mangalore Pipeline Phase-II,400119,Life Extension of 48 well platforms of Mumbai High & Heera Fields,Oil and Natural Gas Corporation Limited [ONGC],5.8,100.0,Significant overrun/delay
701338,City Gas Distribution Maharashtra Natural Gas Limited,705481,Ramganjmandi-Bhopal New Line Project [276.50 km],West Central Railway [WCR] - II,67.3,24.0,Significant overrun/delay
701344,Dhamra Haldia Pipeline Project,400171,2G Ethanol Biorefinery at Bathinda,Hindustan Petroleum Corporation Limited [HPCL],0.0,46.0,Significant overrun/delay
709794,"City Gas Distribution Projects at Fazilka [except area already authorized], Ganganagar and Hanumangarh districts",709792,"City Gas Distribution Projects at Darbhanga, Madhubani, Supaul, Sitamarhi and Sheohar districts",Bharat Petroleum Corporation Limited [BPCL],0.0,0.0,Recovered / on track
709786,"Augmentation/ Revamping of Dimapur Depot, Dimapur",617828,Siliguri-Jhapa Pipeline Project,Indian Oil Corporation Limited [IOCL],0.0,5.0,Significant overrun/delay
604859,Integrated Para Xylene [PX] and Purified Terephthalic Acid [PTA] Project at Paradip Refinery,701324,Barauni Refinery Capacity Expansion from 6.0 to 9.0 MMTPA,Ministry of Petroleum & Natural Gas,12.9,40.0,Significant overrun/delay
617818,"City Gas Distribution [CGD] Project in Gajapati, Kandhamal, Boudh, & Sonepur GA",617819,"City Gas Distribution [CGD] Project in Kondagaon, Bastar, Sukma, Narayanpur, Bijapur & Dantewada GA",Ministry of Petroleum & Natural Gas,0.0,0.0,Recovered / on track
709800,"CUF POL Depot at Sadashibpur [Meramundali], Odisha",617837,Siliguri Marketing Terminal [SMT] Capacity Augmentation Project,Ministry of Petroleum & Natural Gas,0.0,9.0,Significant overrun/delay
400119,Life Extension of 48 well platforms of Mumbai High & Heera Fields,617302,Durgapur - Haldia Pipeline [Section-3B of JHBDPL Project],Ministry of Petroleum & Natural Gas,43.3,69.0,Significant overrun/delay
616950,PRP-VIII [Group-A],617830,C2/C3 Vijaipur Pata Pipeline,Ministry of Petroleum & Natural Gas,0.0,0.0,Recovered / on track
619314,Pipeline Replacement Project- PRP-IX,616933,Lube Modernization & Bottom Upgradation Project at Mumbai Refinery,Ministry of Petroleum and Natural Gas,0.0,0.0,Recovered / on track
709839,Daman Upside Development Project,709799,Setting up Polypropylene Unit at Kochi Refinery,MinistryofPetroleumNaturalGas,8.7,0.0,Significant overrun/delay
709848,MHN TCPP PGC BGC Project [MTPBP],709797,POL & LOBS Installations with Receipt Pipelines at Rasayani,Bharat Petroleum Corporation Limited [BPCL],0.0,0.0,Recovered / on track
709849,PRP-VIII Group B [NH & BS Asset],616254,Visakh Raipur Pipeline Project,Ministry of Petroleum and Natural Gas,0.0,0.0,Recovered / on track
709851,Integrated Development of 4 Contract Areas under DSF-II,709799,Setting up Polypropylene Unit at Kochi Refinery,MinistryofPetroleumNaturalGas,8.7,0.0,Significant overrun/delay
400171,2G Ethanol Biorefinery at Bathinda,701344,Dhamra Haldia Pipeline Project,Ministry of Petroleum & Natural Gas,9.2,46.0,Significant overrun/delay
709770,City Gas Distribution Project at Pathankot District,709773,"City Gas Distribution Project at Jammu, Udhampur, Reasi, Samba and Kathua Districts",MinistryofPetroleumNaturalGas,0.0,30.0,Significant overrun/delay
604795,CBR 9 MMTPA Project,701289,Capacity Expansion of Panipat Refinery from 15 to 25 MMTPA,Ministry of Petroleum & Natural Gas,4.6,27.0,Significant overrun/delay
709750,Laying of new 28 inch Desal Water Pipeline and 10 inch Reject Water Pipeline between CPCL Manali Refinery and CPCL Desalination plant at Ennore,709760,HP TDAE Unit in Mumbai Refinery,Hindustan Petroleum Corporation Limited,0.0,2.0,Recovered / on track
709796,City Gas Distribution Projects at the Nilgiris and Erode districts,709792,"City Gas Distribution Projects at Darbhanga, Madhubani, Supaul, Sitamarhi and Sheohar districts",Bharat Petroleum Corporation Limited [BPCL],0.0,0.0,Recovered / on track
617822,ATF Pipeline from BPCLs Malkapur POL Installation to Hyderabad International airport,619191,Kanpur LPG Bottling Plant,MinistryofPetroleumNaturalGas,0.0,0.0,Recovered / on track
709837,"Creation of Gas Dehydration Facilities, Tripura Asset",709840,"Restoration of Gas Terminal, Phase-I [Part-A], Hazira",Oil and Natural Gas Corporation Limited [ONGC],0.0,16.9,Significant overrun/delay
619191,Kanpur LPG Bottling Plant,619312,Bulk Loading Hub- Kanpur,MinistryofPetroleumNaturalGas,0.0,0.0,Recovered / on track
619312,Bulk Loading Hub- Kanpur,619191,Kanpur LPG Bottling Plant,MinistryofPetroleumNaturalGas,0.0,0.0,Recovered / on track
709781,Revamping / Augmentation of Facilities at Mathura Bitumen Plant,709776,Augmentation/Revamping of Facilities at existing Guwahati Terminal at Betkuchi,MinistryofPetroleumNaturalGas,16.6,0.0,Significant overrun/delay
709795,"City Gas Distribution Projects at Lakhimpur Kheri , Sitapur, Bahraich, Shravasti,Balrampur, Siddharth Nagar & Maharajganj districts",701329,Petrochemical and Lube Integration Project at Gujarat Refinery,Ministry of Petroleum & Natural Gas,-5.9,27.0,Significant overrun/delay
617302,Durgapur - Haldia Pipeline [Section-3B of JHBDPL Project],604853,"Indian Oil Technology Development and Deployment Centre at R&D Campus-II, Faridabad",Ministry of Petroleum & Natural Gas,40.2,46.0,Significant overrun/delay
617828,Siliguri-Jhapa Pipeline Project,709786,"Augmentation/ Revamping of Dimapur Depot, Dimapur",MinistryofPetroleumNaturalGas,0.0,0.0,Recovered / on track
617837,Siliguri Marketing Terminal [SMT] Capacity Augmentation Project,709774,Revamping/ Augmentation of facilities at existing port terminal at Mangalore,Ministry of Petroleum & Natural Gas,8.1,18.0,Significant overrun/delay
709753,Haldia Panagarh Pipeline Project,709845,"Revamping of SV Stations, Gas Terminal & Kribhco Terminal",Oil and Natural Gas Corporation Limited [ONGC],0.0,0.0,Recovered / on track
709758,"CGD Project in Malda, Birbhum, Murshidabad, Dakshin Dinajpur GA ID 11A.03",709794,"City Gas Distribution Projects at Fazilka [except area already authorized], Ganganagar and Hanumangarh districts",Bharat Petroleum Corporation Limited [BPCL],0.0,0.0,Recovered / on track
709772,"City Gas Distribution Project at East Mednipore, West Mednipore & Jhargram Districts",709773,"City Gas Distribution Project at Jammu, Udhampur, Reasi, Samba and Kathua Districts",MinistryofPetroleumNaturalGas,0.0,30.0,Significant overrun/delay
709791,City Gas Distribution Projects at Alipurduar and Cooch Behar,709757,"CGD Project in Banka, Dumka, Godda, Jamtara, Pakur, Sahibganj GA ID 11A.02",Hindustan Petroleum Corporation Limited,0.0,0.0,Recovered / on track
701172,AIIMS Darbhanga,701168,ALL India Institute of Medical Sciences-AIIMS Madurai,PMSSY AND Institute of NATIONAL Importance,59.9,50.0,Significant overrun/delay
707020,Establishment of new GMC Jamui,707022,Establishment of new GMC Chaibasa [Singhbhum],"Medical Education, Ministry of Health and Family Welfare",81.6,0.0,Significant overrun/delay
707044,Establishment of new GMC Korba,707049,Establishment of new GMC Panchmahal,"Medical Education, Ministry of Health and Family Welfare",104.2,0.0,Significant overrun/delay
707045,Establishment of new GMC Mahasamund,707059,Establishment of new GMC Mandla,"Medical Education, Ministry of Health and Family Welfare",0.0,0.0,Recovered / on track
707046,Establishment of new GMC Kanker,707020,Establishment of new GMC Jamui,"Medical Education, Ministry of Health and Family Welfare",100.0,0.0,Significant overrun/delay
617882,"Setting up IT Infrastructure including Network Security and Hosting at AIIMS, New Delhi",707045,Establishment of new GMC Mahasamund,"Medical Education, Ministry of Health and Family Welfare",0.0,0.0,Recovered / on track
617883,"Redevelopment of Residential colonies at Ayur Vigyan Nagar and West Ansari Nagar campuses of AIIMS, New Delhi",701167,AIIMS Kashmir at Awantipora Jammu & Kashmir,PMSSY AND Institute of NATIONAL Importance,18.2,12.0,Significant overrun/delay
701170,AIIMS Rajkot,701173,AIIMS Majra Rewari Haryana,PMSSY AND Institute of NATIONAL Importance,26.7,0.0,Significant overrun/delay
707049,Establishment of new GMC Panchmahal,707086,Establishment of new GMC Rudrapur,"Medical Education, Ministry of Health and Family Welfare",0.0,0.0,Recovered / on track
707050,Establishment of new GMC Porbandar,707058,Establishment of new GMC Rajgarh,"Medical Education, Ministry of Health and Family Welfare",0.0,0.0,Recovered / on track
701173,AIIMS Majra Rewari Haryana,701170,AIIMS Rajkot,PMSSY AND Institute of NATIONAL Importance,0.0,0.0,Recovered / on track
701167,AIIMS Kashmir at Awantipora Jammu & Kashmir,701170,AIIMS Rajkot,PMSSY AND Institute of NATIONAL Importance,0.0,0.0,Recovered / on track
707021,Establishment of new GMC Koderma,707059,Establishment of new GMC Mandla,"Medical Education, Ministry of Health and Family Welfare",0.0,0.0,Recovered / on track
707022,Establishment of new GMC Chaibasa [Singhbhum],707039,Establishment of new GMC Gangtok,"Medical Education, Ministry of Health and Family Welfare",154.1,0.0,Significant overrun/delay
707058,Establishment of new GMC Rajgarh,707050,Establishment of new GMC Porbandar,"Medical Education, Ministry of Health and Family Welfare",90.5,0.0,Significant overrun/delay
707059,Establishment of new GMC Mandla,707045,Establishment of new GMC Mahasamund,"Medical Education, Ministry of Health and Family Welfare",0.0,0.0,Recovered / on track
707069,Establishment of new GMC Kapurthala,707070,Establishment of new GMC Hoshiarpur,"Medical Education, Ministry of Health and Family Welfare",15.3,0.0,Significant overrun/delay
707070,Establishment of new GMC Hoshiarpur,707069,Establishment of new GMC Kapurthala,"Medical Education, Ministry of Health and Family Welfare",69.2,0.0,Significant overrun/delay
707039,Establishment of new GMC Gangtok,707022,Establishment of new GMC Chaibasa [Singhbhum],"Medical Education, Ministry of Health and Family Welfare",81.6,0.0,Significant overrun/delay
701168,ALL India Institute of Medical Sciences-AIIMS Madurai,701172,AIIMS Darbhanga,PMSSY AND Institute of NATIONAL Importance,0.0,0.0,Recovered / on track
701171,AIIMS Bibinagar,701170,AIIMS Rajkot,PMSSY AND Institute of NATIONAL Importance,0.0,0.0,Recovered / on track
707086,Establishment of new GMC Rudrapur,707049,Establishment of new GMC Panchmahal,"Medical Education, Ministry of Health and Family Welfare",104.2,0.0,Significant overrun/delay
707087,Establishment of new GMC Pithoragarh,707086,Establishment of new GMC Rudrapur,"Medical Education, Ministry of Health and Family Welfare",0.0,0.0,Recovered / on track
612167,"Construction of 350 beds + 50 Super Specialty beds ESIC Hospital Sheelanagar, Visakhapatnam, Andhra Pradesh",612186,350 Bedded [Upgradable to 500 beds] ESI Hospital at Sanand,Employee's State Insurance Company [ESIC],0.0,14.0,Significant overrun/delay
612201,"Construction of 200 bedded ESIC Hospital with 62 Nos Staff quarters , Beltola",612748,"Construction of 100 bed ESI Hospital and Staff Quarters [32 Nos.] at Harohalli, Karnataka",Employee's State Insurance Company [ESIC],0.0,0.0,Recovered / on track
612186,350 Bedded [Upgradable to 500 beds] ESI Hospital at Sanand,612167,"Construction of 350 beds + 50 Super Specialty beds ESIC Hospital Sheelanagar, Visakhapatnam, Andhra Pradesh",Employee's State Insurance Company [ESIC],0.0,5.0,Significant overrun/delay
612211,"Demolition, Construction and upgradation of ESI Hospital, Kalol, Gujarat from 50 beds to 150 beds.",612259,CONSTRUCTION OF 300 BEDDED HOSPITAL AT HARIDWAR,Employee's State Insurance Company [ESIC],190.7,17.0,Significant overrun/delay
612745,"Construction of 200 bed ESI Hospital at Bommasandra, Karnataka",612213,"Construction of 200 Bedded ESIC Hospital at Butibori, Nagpur, Maharashtra.",Employee's State Insurance Company [ESIC],0.9,13.0,Significant overrun/delay
612748,"Construction of 100 bed ESI Hospital and Staff Quarters [32 Nos.] at Harohalli, Karnataka",612201,"Construction of 200 bedded ESIC Hospital with 62 Nos Staff quarters , Beltola",Employee's State Insurance Company [ESIC],8.0,14.0,Significant overrun/delay
612188,"Construction of 200 Bedded [Upgradable to 500 Bedded including 50 beds of SST] ESIC Hospital at Bibewadi, Pune",612748,"Construction of 100 bed ESI Hospital and Staff Quarters [32 Nos.] at Harohalli, Karnataka",Employee's State Insurance Company [ESIC],0.0,0.0,Recovered / on track
612213,"Construction of 200 Bedded ESIC Hospital at Butibori, Nagpur, Maharashtra.",612745,"Construction of 200 bed ESI Hospital at Bommasandra, Karnataka",Employee's State Insurance Company [ESIC],0.0,3.9,Significant overrun/delay
616691,"Upgradation & Extension of ESIC Hospital and Construction of PG Hostel / Staff Housing for ESIC Hospital at Andheri, Mumbai",612513,"Construction of 100 Bedded ESI Hospital at Duburi, Odisha.",Employee's State Insurance Company [ESIC],0.0,0.0,Recovered / on track
612513,"Construction of 100 Bedded ESI Hospital at Duburi, Odisha.",616691,"Upgradation & Extension of ESIC Hospital and Construction of PG Hostel / Staff Housing for ESIC Hospital at Andheri, Mumbai",Employee's State Insurance Company [ESIC],0.0,13.0,Significant overrun/delay
612259,CONSTRUCTION OF 300 BEDDED HOSPITAL AT HARIDWAR,612211,"Demolition, Construction and upgradation of ESI Hospital, Kalol, Gujarat from 50 beds to 150 beds.",Employee's State Insurance Company [ESIC],0.0,13.0,Significant overrun/delay
701565,Jal Marg Vikas Project,400382,Rewas Port Project,Reliance Industries Ltd,0.0,0.0,Recovered / on track
609424,"Development of Container Terminal at Tuna-Tekra, Deendayal Port on BOT Basis Under PPP Mode",701574,Deepening and Optimization of Inner Harbour facilities including development of Western Dock on BOT basis to handle Cape size vessels,Paradip Port Trust [PPT],0.0,10.0,Significant overrun/delay
701570,"Replacement and revamping of pipeline projects in oil jetty area, Kandla",617804,Mechanization of Berth No.14 for handling Containers and other cargo on DBFOT basis - Phase II,New Mangalore Port Authority,0.0,0.0,Recovered / on track
617804,Mechanization of Berth No.14 for handling Containers and other cargo on DBFOT basis - Phase II,701570,"Replacement and revamping of pipeline projects in oil jetty area, Kandla",Deendayal Port Trust [DPT],23.7,18.0,Significant overrun/delay
400382,Rewas Port Project,609424,"Development of Container Terminal at Tuna-Tekra, Deendayal Port on BOT Basis Under PPP Mode",Deendayal Port Trust,0.0,6.0,Significant overrun/delay
701574,Deepening and Optimization of Inner Harbour facilities including development of Western Dock on BOT basis to handle Cape size vessels,609424,"Development of Container Terminal at Tuna-Tekra, Deendayal Port on BOT Basis Under PPP Mode",Deendayal Port Trust,0.0,6.0,Significant overrun/delay
707215,National Maritime Heritage Complex [NMHC] Phase-I,703586,Baiyyappanahalli - Hosur Doubling Project [48 km],Karnataka Rail Infrastructure Development Company Limited [K-RIDE],50.1,22.0,Significant overrun/delay
707410,Integrated Multi Modal Logistics Hub at Nangal Chaudhary in Haryana - Other Trunk Infrastructure Development Phase 1,701657,Tumakuru Node - Phase 1 - Roads and Services Development,National Highways & Infrastructure Development Corporation Ltd. [NHIDCL],0.0,0.0,Recovered / on track
617727,Orvakal Industrial Area,601812,Development of Zaheerabad Node under Hyderabad Nagpur Industrial Corridor,National Industrial Corridor Development Corporation,0.0,0.0,Recovered / on track
617729,Kopparthy Industrial Area,601812,Development of Zaheerabad Node under Hyderabad Nagpur Industrial Corridor,National Industrial Corridor Development Corporation,0.0,0.0,Recovered / on track
701658,Krishnapatnam Node - Phase 1 - Roads and Services Development,701657,Tumakuru Node - Phase 1 - Roads and Services Development,National Highways & Infrastructure Development Corporation Ltd. [NHIDCL],0.0,0.0,Recovered / on track
701657,Tumakuru Node - Phase 1 - Roads and Services Development,701658,Krishnapatnam Node - Phase 1 - Roads and Services Development,National Industrial Corridor Development Corporation,0.0,0.0,Recovered / on track
701668,Development of Palakkad Node under extension of CBIC to Kochi,617727,Orvakal Industrial Area,NICDC,0.0,0.0,Recovered / on track
601812,Development of Zaheerabad Node under Hyderabad Nagpur Industrial Corridor,617729,Kopparthy Industrial Area,NICDC,0.0,0.0,Recovered / on track
707419,IMC at Prayagraj,617729,Kopparthy Industrial Area,NICDC,0.0,0.0,Recovered / on track
615202,Capacity expansion of Deposit-14 and 14 NMZ at Kirandul,400299,Pottangi Bauxite Mines Project,National Aluminium Company Limited [NALCO],42.0,14.0,Significant overrun/delay
617243,Replacement of Hot Leveller No.1 of Plate Mill at Bhilai Steel Plant,617251,Revamping of Air Pollution Control Systems of SP-1 at Durgapur Steel Plant,Steel Authority of India Limited [SAIL],0.0,0.0,Recovered / on track
617255,"Replacement of Converter Vessels, Trunnion Rings, Support System & Installation of Secondary Emission at Bhilai Steel Plant",617253,Revamping of old sub-systems of Blast Furnace 3 at Bokaro Steel Plant,Steel Authority of India Limited [SAIL],0.0,10.0,Significant overrun/delay
617256,Rebuilding of Coke Oven Battery No.7 & 8 at Bhilai Steel Plant,617246,Up-gradation of Blast Furnace No. 3 at Durgapur Steel Plant,Steel Authority of India Limited [SAIL],0.0,16.0,Significant overrun/delay
706811,NMDC Slurry Pipeline Project Phase-1,400121,"Construction of Screening Plant-II for Donimalai and Kumaraswamy Iron Ore Mining Complex of NMDC Limited at Ballari Dt, Karnataka.",National Mineral Development Corporation Limited [NMDC],0.0,0.0,Recovered / on track
709826,SCREENING PLANT-III AT KIRANDUL,706777,Baranagar-Barrackpore and Dakshineshwar- Construction of Metro Railway,RVNL - II,19.0,48.0,Significant overrun/delay
400174,"New Sinter Plant at BSL, SAIL",706811,NMDC Slurry Pipeline Project Phase-1,National Mineral Development Corporation Limited [NMDC],86.7,35.0,Significant overrun/delay
617249,Replacement of existing Grinders in CRM-I & II at Bokaro Steel Plant,617250,Secondary Emission Control in Converters of SMS-II at Bokaro Steel Plant,Steel Authority of India Limited [SAIL],0.0,0.0,Recovered / on track
617250,Secondary Emission Control in Converters of SMS-II at Bokaro Steel Plant,617249,Replacement of existing Grinders in CRM-I & II at Bokaro Steel Plant,Steel Authority of India Limited [SAIL],0.0,0.0,Recovered / on track
617253,Revamping of old sub-systems of Blast Furnace 3 at Bokaro Steel Plant,617255,"Replacement of Converter Vessels, Trunnion Rings, Support System & Installation of Secondary Emission at Bhilai Steel Plant",Steel Authority of India Limited [SAIL],0.0,0.0,Recovered / on track
617254,Replacement of remaining 04 sets of Battery Cyclones with 04 Nos. of ESPs in Sinter Plant-1 at Bokaro Steel Plant,617248,Third Ladle Furnace in Secondary Refinery Unit at IISCO Steel Plant,Steel Authority of India Limited [SAIL],0.0,0.0,Recovered / on track
617257,Rebuilding of Coke Oven Battery No.6 at Bokaro Steel Plant,617255,"Replacement of Converter Vessels, Trunnion Rings, Support System & Installation of Secondary Emission at Bhilai Steel Plant",Steel Authority of India Limited [SAIL],0.0,0.0,Recovered / on track
400121,"Construction of Screening Plant-II for Donimalai and Kumaraswamy Iron Ore Mining Complex of NMDC Limited at Ballari Dt, Karnataka.",706811,NMDC Slurry Pipeline Project Phase-1,National Mineral Development Corporation Limited [NMDC],86.7,35.0,Significant overrun/delay
612781,Rebuilding of COB 4 at Durgapur Steel Plant,617257,Rebuilding of Coke Oven Battery No.6 at Bokaro Steel Plant,Steel Authority of India Limited [SAIL],0.0,0.0,Recovered / on track
617242,Installation of New Bar Mill at Durgapur Steel Plant,617338,Stamp Charge Battery No.12 Battery Proper at IISCO Steel Plant,Steel Authority of India Limited [SAIL],0.0,0.0,Recovered / on track
617246,Up-gradation of Blast Furnace No. 3 at Durgapur Steel Plant,617256,Rebuilding of Coke Oven Battery No.7 & 8 at Bhilai Steel Plant,Steel Authority of India Limited [SAIL],0.0,5.0,Significant overrun/delay
617248,Third Ladle Furnace in Secondary Refinery Unit at IISCO Steel Plant,617251,Revamping of Air Pollution Control Systems of SP-1 at Durgapur Steel Plant,Steel Authority of India Limited [SAIL],0.0,0.0,Recovered / on track
617251,Revamping of Air Pollution Control Systems of SP-1 at Durgapur Steel Plant,617243,Replacement of Hot Leveller No.1 of Plate Mill at Bhilai Steel Plant,Steel Authority of India Limited [SAIL],0.0,0.0,Recovered / on track
617338,Stamp Charge Battery No.12 Battery Proper at IISCO Steel Plant,617242,Installation of New Bar Mill at Durgapur Steel Plant,Steel Authority of India Limited [SAIL],0.0,0.0,Recovered / on track
400298,Nadikudi - Srikalahasti New Line,705419,Gwalior - Seopurkala with extension to Kota [Gauge Conversion],North Central Railway,0.0,11.1,Significant overrun/delay
611752,GOOTY-PENDEKALLU DOUBLING 29.225 Km,611861,Rewari - Kathuwas Doubling Project [27.72 Km],North Western Railway [NWR],0.0,0.0,Recovered / on track
611754,GUNTAKAL WEST-MALLAPPA GATE RAIL OVER RAIL - ROR TRACK,612834,3rd & 4th line between Sarla - Sason [8 km] [PB 73/2023-24/NR],East Coast Railway [ECoR] - II,0.0,0.0,Recovered / on track
611927,Kurnool - Setting up facilities for coach midlife rehabilitation workshop,705500,3rd Line Wardha - Sewagram - Nagpur,Central Railway [CR] - II,69.7,10.0,Significant overrun/delay
612827,Flyover between Pendurthi and Simhachalam North to avoid surface crossing at Simhachalam 7.135 km PB 73 of 2023 24 NR,617370,Doubling between Jaunpur Jn - Zaffarabad 6.28 km,M/S SRC company Infra Private Limited,0.0,0.0,Recovered / on track
616697,3rd & 4th line between Vadlapudi -Gate Jn. cabin and Tie line between Gate Junction to Gangavaram port,617370,Doubling between Jaunpur Jn - Zaffarabad 6.28 km,M/S SRC company Infra Private Limited,0.0,0.0,Recovered / on track
617210,Tiupati Katpadi 104.39 kms,617390,Sardega -Bhalumuda New Double line [37.24 Km],SECR,0.0,0.0,Recovered / on track
617216,3rd Line between Gudur Renigunta 83.17 Km,616841,PUSHKAR- MERTA CITY NEW LINE,North Western Railway [NWR],0.0,0.0,Recovered / on track
705253,Kurnool Coach Midlife Rehabilitation Project,705244,Coach Production Factory Upgradation Project,CPM/ICF,0.0,0.0,Recovered / on track
705436,Kotapalli - Narasapur New Line,705497,Wardha - Yavatmal Nanded Railway Line Project,Central Railways,17.0,0.0,Significant overrun/delay
705633,Guntur-Guntakal Doubling Project,705617,Rajnandgaon - Nagpur [Kalumna] Third Railway Line [228.30 km],South East Central Railway [SECR] - II,0.0,18.0,Significant overrun/delay
705648,Vijaywada-Gudur 3rd Line,705667,Mathura-Jhansi Third Railway Line [274 Km],RVNL - II,0.0,24.0,Significant overrun/delay
618986,Furkating-New Tinsukia[194 Km],616842,LUNI- SAMDARI- BHILDI DOUBLING,North Western Railway [NWR],0.0,0.0,Recovered / on track
705572,Doubling of New Bonggigaon to Kamakhya via Goalpara - 176 km,400253,Vizianagaram - Titlagarh 3rd line [272 Km including By - pass line of 7.68 KM],RVNL - II,38.9,12.0,Significant overrun/delay
706940,"Mariani-Jorhat, Tinsukia-Dangri and Makum -TirapTrack Electrification Project",706942,Harmuty-Murkongselek Branch Line Electrification Project,GM/C/ NFR,0.0,0.0,Recovered / on track
706942,Harmuty-Murkongselek Branch Line Electrification Project,706940,"Mariani-Jorhat, Tinsukia-Dangri and Makum -TirapTrack Electrification Project",GM/C/ NFR,0.0,0.0,Recovered / on track
400254,Sakri -Hasanpur [via Harnagar - Kusheshwar Asthan] New Railway line,617216,3rd Line between Gudur Renigunta 83.17 Km,South Central Railway [SCR] - II,0.0,0.0,Recovered / on track
617231,Construction of Bulb line at Nabinagar Ankorah of East Central Railway,617215,Doubling between Parbhani Parli Vaijanath stations 64.71 Km,South Central Railway [SCR] - II,0.0,0.0,Recovered / on track
617239,Doubling of Narkatiaganj Raxaul Sitamarhi Darbhanga & Sitamarhi Muzaffarpur 256 KM,617212,Doubling between Mudkhed Medchal & Mahbubnagar Dhone section 417.88 Km,South Central Railway [SCR] - II,0.0,0.0,Recovered / on track
705364,Khagaria-Kusheshwar Asthan [42Km] new line project,705774,Aligarh -Daud Khan Flyover Construction & 3rd Railway Line Project,CAO/C/NCR,2.8,25.9,Significant overrun/delay
705366,Hajipur-Sagauli New line,705434,New Railway Line between Ginigera and Raichur [165.57 km],South Western Railway [SWR] - II,18.3,96.0,Significant overrun/delay
705368,Araria Supaul New BG Line,705528,Muzaffarpur-Sugauli,East Central Railway [ECR] - I,0.0,24.0,Significant overrun/delay
705373,"Fatuha-Islampur incl. MM for extn.of NL from Neora to Daniawan , Daniawan to Biharsharif, Biharsharif to Barbigha , Barbigha to Shekhpura",705375,Koderma-Tilaiya New Line,East Central Railway [ECR] - I,52.9,12.0,Significant overrun/delay
705450,Jogbani-Biratnagar New Rail Line project,617379,Development of New Bijwasan Railway Terminal,Northern Railways,0.0,81.0,Significant overrun/delay
705526,Samastipur-Darbhanga Doubling Railway Project,705500,3rd Line Wardha - Sewagram - Nagpur,Central Railway [CR] - II,69.7,10.0,Significant overrun/delay
705527,Sagauli-Valmiknagar,705506,3rd Line Manmad - Jalgaon [160 Kilometres],Central Railway [CR] - II,80.6,8.0,Significant overrun/delay
705528,Muzaffarpur-Sugauli,705368,Araria Supaul New BG Line,East Central Railway [ECR] - I,56.6,34.0,Significant overrun/delay
706759,Rampur Dumra-Tal-Rajendrapul Additional Bridge and Railway Line Doubling,705613,Third Line [new] between Kazipet - Balharshah with electrification [201.04 Km],South Central Railway [SCR] - II,18.3,10.0,Significant overrun/delay
706860,Barauni-Bachwara [16 km] - 3rd & 4th line incl. Barauni yard remodelling [32 km],611977,Dahod Creation of Infrastructure facilities for 9000 HP Electric locomotives Manufacturing at,PCE/WR,0.0,0.0,Recovered / on track
900874,JHAJHA - BATIA,705639,Ernakulam-Kumbalam doubling project [7.71 Km],SR-ERS,-0.9,-12.9,Recovered / on track
400220,Kharsia-Dharamjaygarh with Spur line [East Corridor-Phase 1],705598,Jhansi - Bina Third Railway Line [153 Km],CAO/C/NCR,0.0,48.0,Significant overrun/delay
400291,Doubling of Kirandul-Jagdalpur Line [150 km],705496,Tumkur-Chitradurga-Davangere New Rail Line Project [191 km],South Western Railway [SWR] - II,0.0,105.0,Significant overrun/delay
602792,Gauge Conversion of Kendri-Dhamtari including Abhanpur - Rajim Branch line 67.20 Kms - 2nd Material Modification to Raipur Titlagarh doubling.,705495,Bagalkot-Kudachi New Railway Line [142 km],South Western Railway [SWR] - II,19.7,-1.9,Significant overrun/delay
612815,4th line between Nipania Bhatapara 14.4 Km,709819,3RD AND 4TH LINE - SARAGBUNDIA AND MADWARANI,SECR,0.0,0.0,Recovered / on track
617200,KHARSIA- NAYA RAIPUR-PARMALKASA 5th and 6th Line [278KM],617201,Gondia-Balharshah [Chanda Fort] Doubling [240 Km],South East Central Railway,0.0,0.0,Recovered / on track
617374,"Dallirajhara - Rowghat New Rail Line Project, Phase-I",705433,Dallirajhra- Rowghat New Railway Line - Phase I [95 km],Rail Vikas Nigam Limited,0.0,3.0,Recovered / on track
705433,Dallirajhra- Rowghat New Railway Line - Phase I [95 km],617374,"Dallirajhara - Rowghat New Rail Line Project, Phase-I",Rail Vikas Nigam Limited,24.1,11.1,Significant overrun/delay
705444,Gevra Road-Pendra Road New Railway Line [135 km],705667,Mathura-Jhansi Third Railway Line [274 Km],RVNL - II,0.0,24.0,Significant overrun/delay
706854,Boridand - Ambikapur Doubling Line Project,706835,Belgaum-Dharwad via Kittur [73.10Km],South Western Railway [SWR] - II,0.0,15.0,Significant overrun/delay
709815,4TH LINE - BHATAPARA-HATHBAND [8.8 KM] [PB-72/NR/2022-23],709816,4TH LINE - BHILAI-BHILAI NAGAR [8.8 KM] [PB-72/NR/2022-23],SECR,0.0,0.0,Recovered / on track
709816,4TH LINE - BHILAI-BHILAI NAGAR [8.8 KM] [PB-72/NR/2022-23],709815,4TH LINE - BHATAPARA-HATHBAND [8.8 KM] [PB-72/NR/2022-23],SECR,0.0,11.0,Significant overrun/delay
709817,4TH LINE - DADHAPARA-BELHA [9.2 KM] [PB-72/NR/2022-23],612815,4th line between Nipania Bhatapara 14.4 Km,South East Central Railway [SECR] - II,0.0,0.0,Recovered / on track
709818,4TH LINE RAJNANDGAON-DONGARHGARH [31.2 KM] [PB-72/NR/2022-23],706837,Pradhan Kuntha Jn Line Doubling Project,East Central Railway [ECR] - I,0.0,0.0,Recovered / on track
709819,3RD AND 4TH LINE - SARAGBUNDIA AND MADWARANI,612815,4th line between Nipania Bhatapara 14.4 Km,South East Central Railway [SECR] - II,0.0,0.0,Recovered / on track
613785,Redevelopment of New Delhi Railway Station and construction of associated infrastructure,617212,Doubling between Mudkhed Medchal & Mahbubnagar Dhone section 417.88 Km,South Central Railway [SCR] - II,0.0,0.0,Recovered / on track
617379,Development of New Bijwasan Railway Terminal,705450,Jogbani-Biratnagar New Rail Line project,Indian Railway Construction International Limited [IRCON],20.9,57.0,Significant overrun/delay
705583,Anand Vihar-Tilak Bridge 3rd & 4th line,611927,Kurnool - Setting up facilities for coach midlife rehabilitation workshop,WPO/Patna,0.0,0.0,Recovered / on track
611918,Kosamba Umarpada 70 Km,616983,Kosamba Umarpada GC PROJECT,Ministry of Railways-,0.0,0.0,Recovered / on track
611943,New Broad Gauge line between Naliya to Jakhau Port,611884,Bhiwani - Dobh Bahali Doubling Project [42.30 Km],North Western Railway [NWR],0.0,0.0,Recovered / on track
611945,Petlad Bhadran 23 Kms,611971,Samni Jambusar 24 km,PCE/WR,-0.0,0.0,Recovered / on track
611970,Samlaya Timba Road 54 km,616856,Doubling between Bhadrachalam Road and Dornakal,South Central Railway [SCR] - II,0.0,0.0,Recovered / on track
611971,Samni Jambusar 24 km,611945,Petlad Bhadran 23 Kms,Western Railway,0.0,0.0,Recovered / on track
611974,Western Railway Samakhiali Gandhidham Quadrupiling 53 Kms,617390,Sardega -Bhalumuda New Double line [37.24 Km],SECR,0.0,0.0,Recovered / on track
611977,Dahod Creation of Infrastructure facilities for 9000 HP Electric locomotives Manufacturing at,706860,Barauni-Bachwara [16 km] - 3rd & 4th line incl. Barauni yard remodelling [32 km],East Central Railway [ECR] - I,0.0,14.0,Significant overrun/delay
611978,Dahod Rolling Stock Workshop Provision of Infrastructure for CBS at,611929,Maintenance cum workshop depot for Vande Bharat Sleeper Trains as per conditions under WTA 527,WPO/Patna,0.0,0.0,Recovered / on track
611979,Sabarmati Setting up of Maintenance Facilities for Train Sets Phase ii,612834,3rd & 4th line between Sarla - Sason [8 km] [PB 73/2023-24/NR],East Coast Railway [ECoR] - II,0.0,0.0,Recovered / on track
612072,4th LINE BETWEEN BAREJADI NANDEJ-SANAND-AHMEDABAD BYPASS,611855,Devgarh Madariya - Nathdwara Gauge Conversion [82.54 Km] part of Marwar - Mavli Gauge Conversion [152 Km],North Western Railway [NWR],0.0,0.0,Recovered / on track
613786,"Redevelopment of Ahmedabad railway station and associated infrastructure on engineering, procurement and construction mode",617211,Doubling of Guntur Bibinagar 239 Km,South Central Railway [SCR] - II,0.0,0.0,Recovered / on track
616983,Kosamba Umarpada GC PROJECT,611918,Kosamba Umarpada 70 Km,PCE/WR,0.0,0.0,Recovered / on track
617880,Desalpar-Hajipir-Luna and Vayor-Lakhpat New Line,616842,LUNI- SAMDARI- BHILDI DOUBLING,North Western Railway [NWR],0.0,0.0,Recovered / on track
618972,Devbhumi Dwarka [Okha] - Kanalus Doubling,616843,AJMER- CHANDERIYA DOUBLING,North Western Railway [NWR],0.0,0.0,Recovered / on track
705458,Miyagam-Karjan-Dabhoi-Samlaya [GC],705244,Coach Production Factory Upgradation Project,CPM/ICF,0.0,0.0,Recovered / on track
706757,Modasa-Shamlaji Road Railway Line Project,705491,Marikuppam - Kuppam New Line Project [23.70 Km],South Western Railway [SWR] - II,0.0,0.0,Recovered / on track
706763,Rajkot - Kanalus Doubling Project [111.2 Kms],705933,Nimach-Ratlam Doubling [133 Km],Western Railway [WR] - II,0.0,0.0,Recovered / on track
709812,NADIAD-PETLAD [37.26 KM],611971,Samni Jambusar 24 km,PCE/WR,-0.0,0.0,Recovered / on track
709813,NEW BG LINE INTERSECTION [5 NOS] BETWEEN GERATPUR-SANAND & BOTAD-AHMEDABAD [16.51 KM],611669,NER Provision of Automatic Block Signalling on Gorakhpur Cantt[Excl] Chhapra Gramin & Burhwal Jn [Excl] Sitapur Jn section of high density routes,North Eastern Railway [NER],0.0,12.0,Significant overrun/delay
611884,Bhiwani - Dobh Bahali Doubling Project [42.30 Km],611943,New Broad Gauge line between Naliya to Jakhau Port,Western Railway [WR] - II,0.0,1.0,Recovered / on track
617372,Doubling between Pradhankunta-Patherih-Bhojudih of East Central Railway,706866,Sawaimadhopur Bye Pass Line Project,North Western Railway [NWR],0.0,14.0,Significant overrun/delay
617832,Koderma-Arigada Doubling 133.38 Km of East Central Railway,618978,Gondia - Dongargarh 4th line [84 Km],South Eastern Central Railway,0.0,0.0,Recovered / on track
705747,Parasnath-Madhuban-Giridih new line,705774,Aligarh -Daud Khan Flyover Construction & 3rd Railway Line Project,CAO/C/NCR,2.8,25.9,Significant overrun/delay
705765,Gomoh - Flyover for DN trains,705762,Construction of New BG line between Hassan [Alur] to Belur [ Km 27.34],South Western Railway [SWR] - II,0.0,8.0,Significant overrun/delay
705785,Lodhma - Piska - Link Line bypassing Hatia/Ranchi with Y connection,706836,Dedicated Test Track for RDSO /Phase-II Project,North Western Railway [NWR],0.0,0.0,Recovered / on track
706837,Pradhan Kuntha Jn Line Doubling Project,611669,NER Provision of Automatic Block Signalling on Gorakhpur Cantt[Excl] Chhapra Gramin & Burhwal Jn [Excl] Sitapur Jn section of high density routes,North Eastern Railway [NER],0.0,12.0,Significant overrun/delay
400023,Construction of New BG line between Hassan to Belur [27 Km],705735,Solapur-tuljapur-Osmanabad,Central Railway,264.2,12.0,Significant overrun/delay
703585,Yeshvanthpur - Channasandra Doubling Project [21.70 Km],705777,Bhandai - Flyover for Etawah bound down train- 10 Km,North Central Railway [NCR] - II,0.0,12.0,Significant overrun/delay
705434,New Railway Line between Ginigera and Raichur [165.57 km],705366,Hajipur-Sagauli New line,East Central Railway [ECR] - I,1.0,87.0,Significant overrun/delay
705464,Bangalore-Satyamanglam New Line Project [260 Km] - Part Hejjala - Chamarajanagar [142 Km],705358,Khurda-Bolangir New Broad Gauge Rail Link [301km],East Coast Railway [ECoR] - II,34.2,0.0,Significant overrun/delay
705490,Gadag-Wadi New Railway Line [257 km],705385,Pirpainti - Jasidih [100.52 Km] New BG line,Eastern Railway [ER] - I,0.0,0.0,Recovered / on track
705492,Kadur - Chickamagalur - Sakleshpur [93km],705498,3rd Line Kalyan - Kasara [67.35 Kilometres],Central Railway,76.0,0.0,Significant overrun/delay
705493,Hubli-Ankola New Line Project [164.44 km],706779,Mumbai Urban Transport Project [MUTP] - PHASE II,Mumbai Rail Vikas Corporation Ltd.[MRVC],0.0,165.0,Significant overrun/delay
705495,Bagalkot-Kudachi New Railway Line [142 km],705515,3rd & 4th Railway Line Project from Salegaon to Budhapank via Rajathgarh.,East Coast Railway [ECoR] - II,78.3,0.0,Significant overrun/delay
705496,Tumkur-Chitradurga-Davangere New Rail Line Project [191 km],400291,Doubling of Kirandul-Jagdalpur Line [150 km],East Coast Railway [ECoR] - II,13.2,85.0,Significant overrun/delay
705663,Bangalore-Whitefield-Bangalore City-Krishnarajapuram [23.08 km] - Quadrupling,400019,DHULE [BORVIHIR] - NARDANA NEW LINE [50.60 KMS],Central Railway,137.6,9.0,Significant overrun/delay
705761,SHIMOGA - SHIKARIPURA - RANEBENNUR [96 Km],705424,Chandigarh-Baddi New Rail Line- 36 km,Northen Railway [NR],0.0,0.0,Recovered / on track
705762,Construction of New BG line between Hassan [Alur] to Belur [ Km 27.34],705752,Gudha-Thatha Mithri Construction of Railway Track Project,North Western Railway [NWR],18.0,0.0,Significant overrun/delay
705941,Bangalore Suburban Railway Project,616699,Multi tracking of Son Nagar-Andal 374.53 rkm & 814.38 tkm,East Central Railway [ECR] - I,0.0,0.0,Recovered / on track
706835,Belgaum-Dharwad via Kittur [73.10Km],705918,Allahabad division - Aligarh - Harduaganj Flyover,North Central Railway,0.0,5.0,Significant overrun/delay
705638,Kumbalam-Turavur doubling project [15.59 Km],617215,Doubling between Parbhani Parli Vaijanath stations 64.71 Km,South Central Railway [SCR] - II,0.0,0.0,Recovered / on track
705639,Ernakulam-Kumbalam doubling project [7.71 Km],900874,JHAJHA - BATIA,East Central Railway [ECR] - I,0.0,22.0,Significant overrun/delay
705480,"Lalitpur-Satna, Rewa-Singrauli & Mahoba-Khajuraho",705428,Bhanupalli-Bilaspur-Beri New Railway Line Project,RVNL - II,0.0,12.0,Significant overrun/delay
705659,Satna-Rewa Railway Line Doubling Project,705500,3rd Line Wardha - Sewagram - Nagpur,Central Railway [CR] - II,69.7,10.0,Significant overrun/delay
705660,Doubling of Katni - Singrauli Railway Line [261 km],705507,Itarsi - Nagpur Third Railway Line [280 km],Central Railway [CR] - II,2.3,9.0,Significant overrun/delay
705661,Katni Grade Separator/Bye Pass,705510,Bhadrak-Nergundi Third Line,East Coast Railway [ECoR] - II,0.0,14.0,Significant overrun/delay
705763,Indore - Budni New Railway Line [198 kms],400204,Bahraich-Shravasti-Balrampur-Siddharthnagar -Santkabir nagar,North Eastern Railway [NER],0.0,0.0,Recovered / on track
705933,Nimach-Ratlam Doubling [133 Km],612845,Gauge Conversion of Pachora-Jamner with Extension upto Malkapur [Bodwad] [84.34 Kms],Central Railway [CR] - II,0.0,0.0,Recovered / on track
400019,DHULE [BORVIHIR] - NARDANA NEW LINE [50.60 KMS],705663,Bangalore-Whitefield-Bangalore City-Krishnarajapuram [23.08 km] - Quadrupling,South Western Railway [SWR] - II,0.0,0.0,Recovered / on track
400271,Wardha-Nanded Via Yavatmal New BG Line,705617,Rajnandgaon - Nagpur [Kalumna] Third Railway Line [228.30 km],South East Central Railway [SECR] - II,0.0,18.0,Significant overrun/delay
611751,AURANGABAD-ANKAI - DOUBLING PROJECT 98.25 Km,611855,Devgarh Madariya - Nathdwara Gauge Conversion [82.54 Km] part of Marwar - Mavli Gauge Conversion [152 Km],North Western Railway [NWR],0.0,0.0,Recovered / on track
612845,Gauge Conversion of Pachora-Jamner with Extension upto Malkapur [Bodwad] [84.34 Kms],705933,Nimach-Ratlam Doubling [133 Km],Western Railway [WR] - II,0.0,0.0,Recovered / on track
613015,Redevelopment of Chhatrapati Shivaji Maharaj Terminus [CSMT] and construction of associated infrastructure,611974,Western Railway Samakhiali Gandhidham Quadrupiling 53 Kms,Western Railway [WR] - II,0.0,12.0,Significant overrun/delay
617201,Gondia-Balharshah [Chanda Fort] Doubling [240 Km],617239,Doubling of Narkatiaganj Raxaul Sitamarhi Darbhanga & Sitamarhi Muzaffarpur 256 KM,East Central Railway [ECR] - I,0.0,0.0,Recovered / on track
617215,Doubling between Parbhani Parli Vaijanath stations 64.71 Km,705638,Kumbalam-Turavur doubling project [15.59 Km],Ministry of Railways,-1.3,0.0,Recovered / on track
617361,Babupeth - Sasti New Rail Line [13.114 KMs],617364,Double Chord line Between Nilaje-Kopar,CentralRailway,-39.4,0.0,Recovered / on track
617364,Double Chord line Between Nilaje-Kopar,617361,Babupeth - Sasti New Rail Line [13.114 KMs],CentralRailway,0.0,0.0,Recovered / on track
705356,Ahmednagar - Beed - Parli - Vaijnath New Broad Gauge Line Railway Project [261.3 km],705481,Ramganjmandi-Bhopal New Line Project [276.50 km],West Central Railway [WCR] - II,67.3,24.0,Significant overrun/delay
705357,Baramati Lonand New Line Project,705610,"Renigunta, Wadi & Gooty Bypass Railway Project",South Central Railway [SCR] - II,79.8,3.0,Significant overrun/delay
705479,Wadsa-Gadchiroli,705660,Doubling of Katni - Singrauli Railway Line [261 km],Indian Railway Construction International Limited [IRCON],79.0,0.0,Significant overrun/delay
705497,Wardha - Yavatmal Nanded Railway Line Project,705436,Kotapalli - Narasapur New Line,South Central Railway [SCR] - II,0.0,0.0,Recovered / on track
705498,3rd Line Kalyan - Kasara [67.35 Kilometres],400247,Kalinarayanpur-Krishnanagar Doubling Alongwith Krishnanagar - Chapra New Line And Naihati-Ranaghat 3rd Line.,Eastern Railway [ER] - I,0.0,12.9,Significant overrun/delay
705500,3rd Line Wardha - Sewagram - Nagpur,705659,Satna-Rewa Railway Line Doubling Project,West Central Railway [WCR] - II,16.8,0.0,Significant overrun/delay
705502,3rd Line Wardha - Ballarshah [132 Kilometres],705437,Manoharabad-Kothapalli New Rail Line [151 km],South Central Railway [SCR] - II,139.7,9.0,Significant overrun/delay
705504,Doubling of Daund Manmad Line [247.6 km],705616,Jharsuguda-Bilaspur Fourth Railway Line [206 km],SECR,39.2,17.0,Significant overrun/delay
705505,4th Line Wardha - Nagpur [78.7 Kilometres],705632,Vijayawada - Kazipet Byepass line,South Central Railway [SCR] - II,39.7,11.0,Significant overrun/delay
705506,3rd Line Manmad - Jalgaon [160 Kilometres],705567,Burhwal Gonda 3rd line,North Eastern Railway [NER],10.0,14.0,Significant overrun/delay
705735,Solapur-tuljapur-Osmanabad,705765,Gomoh - Flyover for DN trains,East Central Railway [ECR] - I,0.0,0.0,Recovered / on track
705799,Nagpur- Nagbhir Railway Line Gauge Conversion Project,705918,Allahabad division - Aligarh - Harduaganj Flyover,North Central Railway,0.0,5.0,Significant overrun/delay
706779,Mumbai Urban Transport Project [MUTP] - PHASE II,705432,Sivok-Rangpo New Rail Line,Indian Railway Construction International Limited [IRCON],49.5,151.0,Significant overrun/delay
706780,Mumbai Urban Transport Project [MUTP] Phase-IIIA,705429,Rishikesh-Karnaprayag New Rail Line- 125 km,RVNL - II,0.0,36.0,Significant overrun/delay
706781,Mumbai Urban Transport Project Phase-III,705793,Raising of speed to 160 kmph/200 kmph on existing New Delhi-Mumbai route incl. Vadodara-Ahmedabad,PCE/WR,18.9,24.0,Significant overrun/delay
705391,Jiribam-Imphal new line project,400277,Dum Dum Airport-New Garia via Rajarhat-Construction of Metro Railway,RVNL - II,0.0,24.0,Significant overrun/delay
705396,Byrnihat-Shillong New Rail Line- 108 km,705392,Dimapur [Dhansiri]-Sukhobi Kohima [Zubza] NL [82.5 Km],Northeast Frontier Railway [NFR] - II,0.0,57.0,Significant overrun/delay
705491,Marikuppam - Kuppam New Line Project [23.70 Km],705453,"New line Dahod-Indore via Sardarpur, Jabuwa and Dhar",Western Railway [WR] - II,671.1,0.0,Significant overrun/delay
705494,Rayadurg-Tumkur via Kalyandurg New Line [207 km],705434,New Railway Line between Ginigera and Raichur [165.57 km],South Western Railway [SWR] - II,18.3,96.0,Significant overrun/delay
705610,"Renigunta, Wadi & Gooty Bypass Railway Project",602797,"Sainthia, Sitarampur, Mughalsarai, Allahabad & Etawah - Bypass Line Project",Eastern Railway [ER] - I,0.0,0.0,Recovered / on track
617212,Doubling between Mudkhed Medchal & Mahbubnagar Dhone section 417.88 Km,613785,Redevelopment of New Delhi Railway Station and construction of associated infrastructure,Rail Land Development Authority,0.0,0.0,Recovered / on track
400253,Vizianagaram - Titlagarh 3rd line [272 Km including By - pass line of 7.68 KM],705572,Doubling of New Bonggigaon to Kamakhya via Goalpara - 176 km,Northeast Frontier Railway [NFR],22.2,0.0,Significant overrun/delay
705512,Doubling of Kottavalasa-Koraput Rail Line [189 KM],705598,Jhansi - Bina Third Railway Line [153 Km],CAO/C/NCR,0.0,48.0,Significant overrun/delay
400275,Tindivanam-Nagari New Line Project [184.5 km],705497,Wardha - Yavatmal Nanded Railway Line Project,Central Railways,17.0,0.0,Significant overrun/delay
616857,Doubling between Motumari Vishnupuram - 88.81 Km and Rail over Rail - RoR at Motumari - 10.877 Km,616588,Buramara-Chakulia new line [59.96 km],South Eastern Railway [SER] - I,0.0,0.0,Recovered / on track
617211,Doubling of Guntur Bibinagar 239 Km,613786,"Redevelopment of Ahmedabad railway station and associated infrastructure on engineering, procurement and construction mode",Rail Land Development Authority,0.0,0.0,Recovered / on track
617214,Rail Connectivity to Errupalem Amravati Namburu 57 Km,616843,AJMER- CHANDERIYA DOUBLING,North Western Railway [NWR],0.0,0.0,Recovered / on track
705612,Kazipet-Vijayawada 3rd line with electrification [220 km],705513,Koraput - Singapur Railway Doubling,East Coast Railway [ECoR] - II,0.0,3.0,Recovered / on track
705632,Vijayawada - Kazipet Byepass line,705505,4th Line Wardha - Nagpur [78.7 Kilometres],Central Railway [CR] - II,90.4,10.0,Significant overrun/delay
705401,Murkongselek-Pasighat,705453,"New line Dahod-Indore via Sardarpur, Jabuwa and Dhar",Western Railway [WR] - II,671.1,0.0,Significant overrun/delay
705394,Tetlia-Byrnihat New Railway Line,705514,Jarapada- Budhapank with flyover at Talcher road 3rd and 4th Line,East Coast Railway [ECoR] - II,-19.0,112.0,Significant overrun/delay
616701,Lumding Furkating Doubling Project 140 km,613015,Redevelopment of Chhatrapati Shivaji Maharaj Terminus [CSMT] and construction of associated infrastructure,Rail Land Development Authority,0.0,0.0,Recovered / on track
705392,Dimapur [Dhansiri]-Sukhobi Kohima [Zubza] NL [82.5 Km],705667,Mathura-Jhansi Third Railway Line [274 Km],RVNL - II,0.0,24.0,Significant overrun/delay
705794,New Delhi- Howrah Speed Booster[160Kmph] Project,705793,Raising of speed to 160 kmph/200 kmph on existing New Delhi-Mumbai route incl. Vadodara-Ahmedabad,PCE/WR,18.9,24.0,Significant overrun/delay
616699,Multi tracking of Son Nagar-Andal 374.53 rkm & 814.38 tkm,617200,KHARSIA- NAYA RAIPUR-PARMALKASA 5th and 6th Line [278KM],CAO/C/SECR,0.0,0.0,Recovered / on track
705375,Koderma-Tilaiya New Line,705359,Talcher-Bimlagarh New Railway Line,East Coast Railway [ECoR] - II,0.0,48.0,Significant overrun/delay
705385,Pirpainti - Jasidih [100.52 Km] New BG line,705490,Gadag-Wadi New Railway Line [257 km],South Western Railway [SWR] - II,135.7,9.0,Significant overrun/delay
611669,NER Provision of Automatic Block Signalling on Gorakhpur Cantt[Excl] Chhapra Gramin & Burhwal Jn [Excl] Sitapur Jn section of high density routes,706837,Pradhan Kuntha Jn Line Doubling Project,East Central Railway [ECR] - I,0.0,0.0,Recovered / on track
617224,Gorakhpur-Valmikinagar Doubling project,617252,Anandnagar - Ghugli via Maharajganj New line 52.7 km,Construction NER,0.0,0.0,Recovered / on track
705562,Chhapra-Ballia Patch Doubling,705515,3rd & 4th Railway Line Project from Salegaon to Budhapank via Rajathgarh.,East Coast Railway [ECoR] - II,78.3,0.0,Significant overrun/delay
617245,Katihar Kumedpur & Katihar Mukuria BG Doubling Project,613002,Redevelopment of Chennai Egmore Station,Ministry of Railways,0.0,0.0,Recovered / on track
618978,Gondia - Dongargarh 4th line [84 Km],616586,Bangriposi-Gorumahisani new line [ 85.60 km ],CAO/C/SER,0.0,0.0,Recovered / on track
705617,Rajnandgaon - Nagpur [Kalumna] Third Railway Line [228.30 km],705668,KHARAGPUR-ADITYAPUR THIRD RAIL LINE- 132 KM,RVNL - I,0.0,15.0,Significant overrun/delay
617390,Sardega -Bhalumuda New Double line [37.24 Km],705912,Sawai Madhopur-Jaipur Railway Line Project,North Western Railway [NWR],0.0,0.0,Recovered / on track
705511,Jagdalpur-Koraput,705510,Bhadrak-Nergundi Third Line,East Coast Railway [ECoR] - II,0.0,14.0,Significant overrun/delay
705616,Jharsuguda-Bilaspur Fourth Railway Line [206 km],705613,Third Line [new] between Kazipet - Balharshah with electrification [201.04 Km],South Central Railway [SCR] - II,18.3,10.0,Significant overrun/delay
705728,Mumbai-Ahmedabad High Speed Rail Project- 508 km,705429,Rishikesh-Karnaprayag New Rail Line- 125 km,RVNL - II,0.0,36.0,Significant overrun/delay
705793,Raising of speed to 160 kmph/200 kmph on existing New Delhi-Mumbai route incl. Vadodara-Ahmedabad,705794,New Delhi- Howrah Speed Booster[160Kmph] Project,PCE/NCR,0.0,0.0,Recovered / on track
705650,Hospet - Tinaighat - Vasco Rail Doubling Project,705730,Joka-BBD Bag new metro project,RVNL - II,114.3,36.0,Significant overrun/delay
706950,Hospet-Hubli-Vasco da Gama Line Electrification Project,705362,"Jaynagar-Bijalpura, incl. extn. Bet, Bijalpura-Bardibas [Nepal]",East Central Railway [ECR] - I,0.0,48.0,Significant overrun/delay
705237,Western Dedicated Freight Corridor,705428,Bhanupalli-Bilaspur-Beri New Railway Line Project,RVNL - II,0.0,12.0,Significant overrun/delay
705453,"New line Dahod-Indore via Sardarpur, Jabuwa and Dhar",705401,Murkongselek-Pasighat,Northeast Frontier Railway [NFR] - II,187.4,21.0,Significant overrun/delay
705454,Chhota Udaipur - Dhar New Line Project [157 km],705433,Dallirajhra- Rowghat New Railway Line - Phase I [95 km],Rail Vikas Nigam Limited,0.0,3.0,Recovered / on track
611452,MUMBAI CENTRAL VIRAR VADODARA AHMEDABAAD TRAIN PROTECTION SYSTEM 500 RKM,705782,Barabanki-Malhaur 3rd & 4th Railway Line Project,Ministry of Railways,0.0,17.0,Significant overrun/delay
400022,Taranga Hill-Abu Road via Ambaji,706854,Boridand - Ambikapur Doubling Line Project,South East Central Railway [SECR] - II,14.6,0.0,Significant overrun/delay
616842,LUNI- SAMDARI- BHILDI DOUBLING,618986,Furkating-New Tinsukia[194 Km],Northeast Frontier Railway [NFR],0.0,0.0,Recovered / on track
705424,Chandigarh-Baddi New Rail Line- 36 km,705761,SHIMOGA - SHIKARIPURA - RANEBENNUR [96 Km],South Western Railway [SWR] - II,0.0,6.0,Significant overrun/delay
611861,Rewari - Kathuwas Doubling Project [27.72 Km],611752,GOOTY-PENDEKALLU DOUBLING 29.225 Km,South Central Railway [SCR] - II,0.0,0.0,Recovered / on track
705410,Nangal Dam-Talwara New Broad Gauge Line [84 KM] and Taking Over Siding Mukerian-Talwara [29 KM],705358,Khurda-Bolangir New Broad Gauge Rail Link [301km],East Coast Railway [ECoR] - II,34.2,0.0,Significant overrun/delay
705428,Bhanupalli-Bilaspur-Beri New Railway Line Project,400277,Dum Dum Airport-New Garia via Rajarhat-Construction of Metro Railway,RVNL - II,0.0,24.0,Significant overrun/delay
705628,Doubling of Hatia [Ranchi]-Bondamunda Rail Line - 159 km,705668,KHARAGPUR-ADITYAPUR THIRD RAIL LINE- 132 KM,RVNL - I,0.0,15.0,Significant overrun/delay
616588,Buramara-Chakulia new line [59.96 km],616857,Doubling between Motumari Vishnupuram - 88.81 Km and Rail over Rail - RoR at Motumari - 10.877 Km,South Central Railway [SCR] - II,0.0,0.0,Recovered / on track
616227,Chandil - Anara - Damodar - 3rd line [121.26 km],616587,Badampahar-Kendujhargarh new line [82.06 km],CAO/C/SER,0.0,0.0,Recovered / on track
705668,KHARAGPUR-ADITYAPUR THIRD RAIL LINE- 132 KM,705617,Rajnandgaon - Nagpur [Kalumna] Third Railway Line [228.30 km],South East Central Railway [SECR] - II,0.0,18.0,Significant overrun/delay
703586,Baiyyappanahalli - Hosur Doubling Project [48 km],705364,Khagaria-Kusheshwar Asthan [42Km] new line project,East Central Railway [ECR] - I,125.4,26.9,Significant overrun/delay
705635,Trivandrum- Kanyakumari,705527,Sagauli-Valmiknagar,East Central Railway [ECR] - I,82.7,0.0,Significant overrun/delay
705457,Ratlam-Mhow-Khandwa-Akola Gauge Conversion,705436,Kotapalli - Narasapur New Line,South Central Railway [SCR] - II,0.0,0.0,Recovered / on track
705507,Itarsi - Nagpur Third Railway Line [280 km],705660,Doubling of Katni - Singrauli Railway Line [261 km],Indian Railway Construction International Limited [IRCON],79.0,0.0,Significant overrun/delay
617406,RATLAM- DUNGARPUR VIA BANSWARA NEW LINE PROJECT,705513,Koraput - Singapur Railway Doubling,East Coast Railway [ECoR] - II,0.0,3.0,Recovered / on track
705419,Gwalior - Seopurkala with extension to Kota [Gauge Conversion],400298,Nadikudi - Srikalahasti New Line,South Central Railway [SCR] - II,156.6,10.0,Significant overrun/delay
705481,Ramganjmandi-Bhopal New Line Project [276.50 km],705356,Ahmednagar - Beed - Parli - Vaijnath New Broad Gauge Line Railway Project [261.3 km],Central Railway [CR] - II,95.3,0.0,Significant overrun/delay
705764,Nimach-Badi Sadri New Rail Line Project,602797,"Sainthia, Sitarampur, Mughalsarai, Allahabad & Etawah - Bypass Line Project",Eastern Railway [ER] - I,0.0,0.0,Recovered / on track
705667,Mathura-Jhansi Third Railway Line [274 Km],705392,Dimapur [Dhansiri]-Sukhobi Kohima [Zubza] NL [82.5 Km],Northeast Frontier Railway [NFR] - II,0.0,57.0,Significant overrun/delay
705598,Jhansi - Bina Third Railway Line [153 Km],705512,Doubling of Kottavalasa-Koraput Rail Line [189 KM],East Coast Railway [ECoR] - II,0.0,72.0,Significant overrun/delay
705608,Jhansi-Khairar-Manikpur & Khirar-Bhimsen,705633,Guntur-Guntakal Doubling Project,South Central Railway [SCR] - II,15.1,12.0,Significant overrun/delay
705613,Third Line [new] between Kazipet - Balharshah with electrification [201.04 Km],706759,Rampur Dumra-Tal-Rajendrapul Additional Bridge and Railway Line Doubling,Indian Railway Construction International Limited [IRCON],-28.4,12.0,Significant overrun/delay
705629,Narayangarh-Bhadrak 3rd line,705780,Bhatni-Aurnihar with electrification excluding Indara-Mau,RVNL - I,0.0,18.0,Significant overrun/delay
400223,Nagapattinam-Tiruturaipundi and Karaikal-Peralam New Line,400280,Phase II extension of MRTS from Velachery to St Thomas Mount,Ministry of Railways,0.0,2.0,Recovered / on track
705432,Sivok-Rangpo New Rail Line,706779,Mumbai Urban Transport Project [MUTP] - PHASE II,Mumbai Rail Vikas Corporation Ltd.[MRVC],0.0,165.0,Significant overrun/delay
602797,"Sainthia, Sitarampur, Mughalsarai, Allahabad & Etawah - Bypass Line Project",705764,Nimach-Badi Sadri New Rail Line Project,Western Railway [WR] - II,66.7,3.0,Significant overrun/delay
400006,Jharsuguda-Barpali-Sardega Ph II Works- Rail Connectivity for Coal Loading Bulb at Barpali.,613002,Redevelopment of Chennai Egmore Station,Ministry of Railways,0.0,0.0,Recovered / on track
400045,Proposed 6 nos Road Over Bridge [ROB] at different locations under MCL Talcher Under Deposit Scheme.,611978,Dahod Rolling Stock Workshop Provision of Infrastructure for CBS at,PCE/WR,0.0,0.0,Recovered / on track
400047,Doubling of Lingaraj SILO connectivity of NTPC line and augmentation of NTPC exchange yard and NTPC Block Cabin.,400048,Doubling of lines connecting the loading spurs in Talcher Yard.,East Coast Railway [ECoR] - II,0.0,30.0,Significant overrun/delay
400048,Doubling of lines connecting the loading spurs in Talcher Yard.,611929,Maintenance cum workshop depot for Vande Bharat Sleeper Trains as per conditions under WTA 527,WPO/Patna,0.0,0.0,Recovered / on track
400232,Brundamal-Jharsuguda- flyover connection for joining downline,706757,Modasa-Shamlaji Road Railway Line Project,Western Railway WR - II,0.0,12.0,Significant overrun/delay
612834,3rd & 4th line between Sarla - Sason [8 km] [PB 73/2023-24/NR],611979,Sabarmati Setting up of Maintenance Facilities for Train Sets Phase ii,Western Railway [WR] - II,0.0,11.0,Significant overrun/delay
615915,Rourkela-Bondamunda A-Cabin 5th line [9.6 km],706866,Sawaimadhopur Bye Pass Line Project,North Western Railway [NWR],0.0,14.0,Significant overrun/delay
616586,Bangriposi-Gorumahisani new line [ 85.60 km ],617213,Varanasi-Pt. Deen Dayal Upadhyaya multitracking 15km including construction of new Rail-cum-Road Bridge across Ganga River.,Northern Railways,0.0,0.0,Recovered / on track
616587,Badampahar-Kendujhargarh new line [82.06 km],616227,Chandil - Anara - Damodar - 3rd line [121.26 km],CAO/C/SER,0.0,0.0,Recovered / on track
616694,Flyover between Siju and Paradeep coaching Yard to avoid Surface crossing of trains,709811,GANDHAMARDAN IRON ORE MINES TO GOALDIH STATION/12.76kms,East Coast Railway [ECoR] - II,-0.0,0.0,Recovered / on track
616695,Paradeep - Badabandha 3rd & 4th Line / 18.51kms,706837,Pradhan Kuntha Jn Line Doubling Project,East Central Railway [ECR] - I,0.0,0.0,Recovered / on track
616839,Naupada-Gunupur - New line upto Theruvali [73.62 km],616588,Buramara-Chakulia new line [59.96 km],South Eastern Railway [SER] - I,0.0,0.0,Recovered / on track
618995,New Line between Junagarh - Nabarangpur [116.21 Km],617211,Doubling of Guntur Bibinagar 239 Km,South Central Railway [SCR] - II,0.0,0.0,Recovered / on track
705358,Khurda-Bolangir New Broad Gauge Rail Link [301km],705464,Bangalore-Satyamanglam New Line Project [260 Km] - Part Hejjala - Chamarajanagar [142 Km],South Western Railway [SWR] - II,0.0,0.0,Recovered / on track
705359,Talcher-Bimlagarh New Railway Line,705375,Koderma-Tilaiya New Line,East Central Railway [ECR] - I,52.9,12.0,Significant overrun/delay
705510,Bhadrak-Nergundi Third Line,705661,Katni Grade Separator/Bye Pass,Indian Railway Construction International Limited [IRCON],0.0,24.0,Significant overrun/delay
705513,Koraput - Singapur Railway Doubling,617406,RATLAM- DUNGARPUR VIA BANSWARA NEW LINE PROJECT,North Western Railway [NWR],0.0,0.0,Recovered / on track
705514,Jarapada- Budhapank with flyover at Talcher road 3rd and 4th Line,705253,Kurnool Coach Midlife Rehabilitation Project,South Central Railway [SCR] - II,-0.4,72.0,Significant overrun/delay
705515,3rd & 4th Railway Line Project from Salegaon to Budhapank via Rajathgarh.,705495,Bagalkot-Kudachi New Railway Line [142 km],South Western Railway [SWR] - II,19.7,-1.9,Significant overrun/delay
705741,Jeypore-Navarangpur New Rail Line Project,617409,Railway Manufacturing Unit,RVNL - II,0.0,-9.0,Recovered / on track
705742,Jeypore-Malkanagiri New Railway Line Project,705385,Pirpainti - Jasidih [100.52 Km] New BG line,Eastern Railway [ER] - I,0.0,0.0,Recovered / on track
706898,Khurda Road - Balangir Electrification of Railway Track Project,705298,North Region Video Surveillance Project,RCIL,0.0,0.0,Recovered / on track
709811,GANDHAMARDAN IRON ORE MINES TO GOALDIH STATION/12.76kms,709816,4TH LINE - BHILAI-BHILAI NAGAR [8.8 KM] [PB-72/NR/2022-23],SECR,0.0,0.0,Recovered / on track
705362,"Jaynagar-Bijalpura, incl. extn. Bet, Bijalpura-Bardibas [Nepal]",706950,Hospet-Hubli-Vasco da Gama Line Electrification Project,RVNL,50.8,39.0,Significant overrun/delay
705298,North Region Video Surveillance Project,703585,Yeshvanthpur - Channasandra Doubling Project [21.70 Km],Karnataka Rail Infrastructure Development Company Limited [K-RIDE],117.6,24.0,Significant overrun/delay
705783,Ludhiana- Killa Raipur Railway Doubling Project,706942,Harmuty-Murkongselek Branch Line Electrification Project,GM/C/ NFR,0.0,0.0,Recovered / on track
611855,Devgarh Madariya - Nathdwara Gauge Conversion [82.54 Km] part of Marwar - Mavli Gauge Conversion [152 Km],612072,4th LINE BETWEEN BAREJADI NANDEJ-SANAND-AHMEDABAD BYPASS,Western Railway WR - II,0.0,16.0,Significant overrun/delay
611929,Maintenance cum workshop depot for Vande Bharat Sleeper Trains as per conditions under WTA 527,611978,Dahod Rolling Stock Workshop Provision of Infrastructure for CBS at,PCE/WR,0.0,0.0,Recovered / on track
616841,PUSHKAR- MERTA CITY NEW LINE,617216,3rd Line between Gudur Renigunta 83.17 Km,South Central Railway [SCR] - II,0.0,0.0,Recovered / on track
616843,AJMER- CHANDERIYA DOUBLING,617390,Sardega -Bhalumuda New Double line [37.24 Km],SECR,0.0,0.0,Recovered / on track
617403,SADULPUR - CHURU DOUBLING PROJECT,617361,Babupeth - Sasti New Rail Line [13.114 KMs],CentralRailway,0.0,0.0,Recovered / on track
617404,POKHRAN - RAMDEVRA New Line,617345,SER Upgradation of maintenance infrastructure at Shalimar into Vande Bharat Chair Car maintenance cum workshop depot.,South Eastern Railway - JH,0.0,0.0,Recovered / on track
617408,NATHDWARA- NATHDWARA TOWN NL,705783,Ludhiana- Killa Raipur Railway Doubling Project,Railway,0.2,23.1,Significant overrun/delay
705752,Gudha-Thatha Mithri Construction of Railway Track Project,705762,Construction of New BG line between Hassan [Alur] to Belur [ Km 27.34],South Western Railway [SWR] - II,0.0,8.0,Significant overrun/delay
705912,Sawai Madhopur-Jaipur Railway Line Project,617390,Sardega -Bhalumuda New Double line [37.24 Km],SECR,0.0,0.0,Recovered / on track
705919,Agra Fort-Bandikui Doubling Line Project,617284,Chunar-Chopan doubling project,North Central Railway,0.0,0.0,Recovered / on track
706836,Dedicated Test Track for RDSO /Phase-II Project,705785,Lodhma - Piska - Link Line bypassing Hatia/Ranchi with Y connection,South Eastern Railway [SER] - I,0.0,11.0,Significant overrun/delay
706866,Sawaimadhopur Bye Pass Line Project,617372,Doubling between Pradhankunta-Patherih-Bhojudih of East Central Railway,East Central Railway [ECR] - I,0.0,3.0,Recovered / on track
400280,Phase II extension of MRTS from Velachery to St Thomas Mount,400223,Nagapattinam-Tiruturaipundi and Karaikal-Peralam New Line,Ministry of Railways,37.6,12.0,Significant overrun/delay
613002,Redevelopment of Chennai Egmore Station,617245,Katihar Kumedpur & Katihar Mukuria BG Doubling Project,Northeast Frontier Railway [NFR],0.0,6.0,Significant overrun/delay
705244,Coach Production Factory Upgradation Project,705458,Miyagam-Karjan-Dabhoi-Samlaya [GC],Western Railway [WR] - II,114.7,69.0,Significant overrun/delay
705489,Madurai- Tuticorin New Line,705583,Anand Vihar-Tilak Bridge 3rd & 4th line,CAO/C/NR,0.0,57.0,Significant overrun/delay
616856,Doubling between Bhadrachalam Road and Dornakal,705639,Ernakulam-Kumbalam doubling project [7.71 Km],SR-ERS,-0.9,-12.9,Recovered / on track
617409,Railway Manufacturing Unit,705659,Satna-Rewa Railway Line Doubling Project,West Central Railway [WCR] - II,16.8,0.0,Significant overrun/delay
705252,Kazipet Wagon Overhauling Project,705782,Barabanki-Malhaur 3rd & 4th Railway Line Project,Ministry of Railways,0.0,17.0,Significant overrun/delay
705437,Manoharabad-Kothapalli New Rail Line [151 km],705502,3rd Line Wardha - Ballarshah [132 Kilometres],Central Railway [CR] - II,46.9,2.0,Significant overrun/delay
400204,Bahraich-Shravasti-Balrampur-Siddharthnagar -Santkabir nagar,705763,Indore - Budni New Railway Line [198 kms],RVNL - II,0.0,0.0,Recovered / on track
400205,Sahjanwa-Dohrighat,705424,Chandigarh-Baddi New Rail Line- 36 km,Northen Railway [NR],0.0,0.0,Recovered / on track
617213,Varanasi-Pt. Deen Dayal Upadhyaya multitracking 15km including construction of new Rail-cum-Road Bridge across Ganga River.,616586,Bangriposi-Gorumahisani new line [ 85.60 km ],CAO/C/SER,0.0,0.0,Recovered / on track
617252,Anandnagar - Ghugli via Maharajganj New line 52.7 km,612072,4th LINE BETWEEN BAREJADI NANDEJ-SANAND-AHMEDABAD BYPASS,Western Railway WR - II,0.0,16.0,Significant overrun/delay
617284,Chunar-Chopan doubling project,617224,Gorakhpur-Valmikinagar Doubling project,NER,0.0,0.0,Recovered / on track
617333,Surface triangle line bet. Bhadura stn and new crossing stn Karma,709815,4TH LINE - BHATAPARA-HATHBAND [8.8 KM] [PB-72/NR/2022-23],SECR,0.0,11.0,Significant overrun/delay
617370,Doubling between Jaunpur Jn - Zaffarabad 6.28 km,612827,Flyover between Pendurthi and Simhachalam North to avoid surface crossing at Simhachalam 7.135 km PB 73 of 2023 24 NR,East Coast Railway [ECoR] - II,0.0,0.0,Recovered / on track
705567,Burhwal Gonda 3rd line,705506,3rd Line Manmad - Jalgaon [160 Kilometres],Central Railway [CR] - II,80.6,8.0,Significant overrun/delay
705588,Janghai-Pratapgarh- Amethi,705567,Burhwal Gonda 3rd line,North Eastern Railway [NER],10.0,14.0,Significant overrun/delay
705766,Lalitpur-Birari with flyover at Lalitpur- 16 Km,705252,Kazipet Wagon Overhauling Project,RVNL,0.0,0.0,Recovered / on track
705771,Allahabad-Bamhrauli Flyover Construction & 4th Railway Line Project,705782,Barabanki-Malhaur 3rd & 4th Railway Line Project,Ministry of Railways,0.0,17.0,Significant overrun/delay
705772,"Mughalsarai-Allahabad, 3rd line",705507,Itarsi - Nagpur Third Railway Line [280 km],Central Railway [CR] - II,2.3,9.0,Significant overrun/delay
705774,Aligarh -Daud Khan Flyover Construction & 3rd Railway Line Project,705364,Khagaria-Kusheshwar Asthan [42Km] new line project,East Central Railway [ECR] - I,125.4,26.9,Significant overrun/delay
705777,Bhandai - Flyover for Etawah bound down train- 10 Km,705783,Ludhiana- Killa Raipur Railway Doubling Project,Railway,0.2,23.1,Significant overrun/delay
705780,Bhatni-Aurnihar with electrification excluding Indara-Mau,705629,Narayangarh-Bhadrak 3rd line,South Eastern Railway [SER] - I,42.7,13.0,Significant overrun/delay
705782,Barabanki-Malhaur 3rd & 4th Railway Line Project,611452,MUMBAI CENTRAL VIRAR VADODARA AHMEDABAAD TRAIN PROTECTION SYSTEM 500 RKM,Western Railway,0.0,12.0,Significant overrun/delay
705918,Allahabad division - Aligarh - Harduaganj Flyover,706835,Belgaum-Dharwad via Kittur [73.10Km],South Western Railway [SWR] - II,0.0,15.0,Significant overrun/delay
705429,Rishikesh-Karnaprayag New Rail Line- 125 km,706780,Mumbai Urban Transport Project [MUTP] Phase-IIIA,Mumbai Rail Vikas Corporation Ltd.[MRVC],0.0,0.0,Recovered / on track
400247,Kalinarayanpur-Krishnanagar Doubling Alongwith Krishnanagar - Chapra New Line And Naihati-Ranaghat 3rd Line.,705498,3rd Line Kalyan - Kasara [67.35 Kilometres],Central Railway,76.0,0.0,Significant overrun/delay
400273,Tarakeshwar-Bishnupur New Line [82.47 km],705373,"Fatuha-Islampur incl. MM for extn.of NL from Neora to Daniawan , Daniawan to Biharsharif, Biharsharif to Barbigha , Barbigha to Shekhpura",East Central Railway [ECR] - I,95.7,29.0,Significant overrun/delay
400277,Dum Dum Airport-New Garia via Rajarhat-Construction of Metro Railway,706776,Noapara-Barasat via Bimanbandar - Construction of Metro railway [18 km],"Metro Railway, Kolkata",0.0,31.0,Significant overrun/delay
612096,Construction of Balurghat-Hilli new BG Line,617374,"Dallirajhara - Rowghat New Rail Line Project, Phase-I",Rail Vikas Nigam Limited,24.1,11.1,Significant overrun/delay
617345,SER Upgradation of maintenance infrastructure at Shalimar into Vande Bharat Chair Car maintenance cum workshop depot.,612834,3rd & 4th line between Sarla - Sason [8 km] [PB 73/2023-24/NR],East Coast Railway [ECoR] - II,0.0,0.0,Recovered / on track
705730,Joka-BBD Bag new metro project,705650,Hospet - Tinaighat - Vasco Rail Doubling Project,RVNL - II,0.0,9.0,Significant overrun/delay
706776,Noapara-Barasat via Bimanbandar - Construction of Metro railway [18 km],705730,Joka-BBD Bag new metro project,RVNL - II,114.3,36.0,Significant overrun/delay
706777,Baranagar-Barrackpore and Dakshineshwar- Construction of Metro Railway,705433,Dallirajhra- Rowghat New Railway Line - Phase I [95 km],Rail Vikas Nigam Limited,0.0,3.0,Recovered / on track
619184,"Rehabilitation and up-gradation of section to Intermediate/2-Lane with hard shoulder from Km 107.760 to Km 129.445 After Middle strait to Humphrey, Km 130.600 to Km 138.00 After Humphrey to Kadamtala & Km 155.00 to Km 181.0 End of Jarwa to Rangat of NH-04 in UT of A&N on EPC Package-IIIA",618423,Construction of 2-Lane with hard shoulders of Merangkong-Tamlu-Mon MTM Road from existing Km 20.456 to Km 41.065 Design Km. 20 to Km. 40.0 Design Length- 20.000 Km in the State of Nagaland under SARDP-NE Phase-A Pkg-2 Balance work,NHIDCL,0.0,7.0,Significant overrun/delay
619185,Rehabilitation and up-gradation and completion of balance work of section from Km 155.00 to Km 181.00 End of Jarwa to Rangat of NH -4 Total length 26 Km to Intermediate Lane/2-lane with hard shoulders in the UT of A&N Islands on EPC basis - Package-III.B Balance work,619184,"Rehabilitation and up-gradation of section to Intermediate/2-Lane with hard shoulder from Km 107.760 to Km 129.445 After Middle strait to Humphrey, Km 130.600 to Km 138.00 After Humphrey to Kadamtala & Km 155.00 to Km 181.0 End of Jarwa to Rangat of NH-04 in UT of A&N on EPC Package-IIIA",NHIDCL,81.5,8.0,Significant overrun/delay
619186,Construction of Balance works of Major Bridge over Middle Strait Creek between Km.106.590 to km108.553 of NH-04 connecting South Andaman & Baratang Island in the Union Territory of Andaman & Nicobar Islands on EPC basis,619060,"Construction of Balance Work of 4-Laning of the Section from Jhanji to Demow of NH- 37 Old from Km 514.800 to Km 534.800 20.000 Km, under SARDP- NE under EPC Mode in the state of Assam Pkg-III Road Works",NHIDCL,79.8,0.0,Significant overrun/delay
617907,Rehabilitation and Up-gradation from Km 170700 Bhadrachalam to Km 234567 Konta on NH-30 to Two lane with Paved Shoulder in the State of Andra Pradesh on EPC mode.,618037,Rehabilitation and Up-gradation of existin of road from 2-lane to 2-lane with paved shoulders from km. 0.00 to km 53.590 total length-53.590 km of Raychoti to Vempalli section of NH-440 in the State of Andhra Pradesh on EPC mode.,MoRTH,-18.3,25.0,Significant overrun/delay
617949,Tadipatri Bypass Km 0000 to Km 6285 of 4-Lane on NH-67 in Anantapuramu district of AP state under NHO on EPC Mode under Annual Plan 2022-23,618304,"Widening/Improvement to 2 Lane with earthen shoulder of Jessami to Laynen bridge Nagaland border section of NH-29 of Imphal -Ukhrul - Jessami Economic Corridor from km 0.000 to km 11.009 in the State of Manipur on EPC mode under Bharatmala Pariyojana, under NHO-NE Package-7",NHIDCL,0.0,4.0,Significant overrun/delay
617984,"Gudivada Town 2 RoB, and Road improvement NH-165",618200,Construction of 2 lane with Paved Shoulder for Northern Bypass Phase-II of Kota city in the State of Rajasthan.,MoRTH,0.0,22.0,Significant overrun/delay
617985,Widening to two lane with paved shoulders from Km 0/0 to 64/020 Pamarru to Akiveedu,618446,Construction & Upgradation of existing road to 2-lane with paved shoulder from New Rolep Bridge at km 37.600 to Chochenpheri at km 52.00 in the section of Rongli to Chochenpheri of NH 717B Pkg-II C,NHIDCL,-3.0,25.0,Significant overrun/delay
617986,Kurnool/Kadapa Border-Jammalamadugu section of NH-167K i.e. Design Ch. Km 248010 to km 269900 to 2,618036,Upgradation and reconstruction of existing intermediate lane to two Lane with paved shoulder configuration from km. 43.00 Barna River to km. 77.00 ken river length 34.00 km. on Gulganj-Amanganj-Pawai-Katni NH43 Extn. along with One time improvement in 01 no. of bypassed built-up area in a total length of 1.585 km in the state of Madhya Pradesh on EPCmode.,MoRTH,0.0,0.0,Recovered / on track
617987,Nandyala-Kurnool/Kadapa Border section of NH-167K i.e. Km 186/000 to Km 250/000Design Ch.186000 to 248010 to 2LPS,618367,Improvement and Widening to 2-lane with paved shoulder of road from design Km 72.000 Pati Chhari to design Km 107.654 Harina Total length 35.654 Km on Teliamura to Harina section of NH 208 in the state of Tripura on EPC mode under JICA ODA Loan Phase VI Package-4,NHIDCL,0.0,0.0,Recovered / on track
617988,Sangameswaram - Atmakuru section from Km 96 to Km 124 & Velegodu- Nandyal section including Nandyal Bypass from Km 143/6 to 185/9 NH-167K,618052,Gorantla - Hindupur section from Km 120/300 to 165/000 of NH716G in the State of Andhra Pradesh,MoRTH,0.0,0.0,Recovered / on track
617990,Construction of bypass road to Adoni town connecting NH-167 Hagari - Jadcharla road from km.62/700 to 71/400 in Kurnool District in the State of Andhra Pradesh.,618392,"Construction for Mitigation Measures of 5 Nos. Landslides, 5 Nos. Sinking Zones in between Ch. 433.00 to 450.00 BANERPANI VILLAGE on NH-07 on EPC mode in the state of Uttarakhand Package-2",NHIDCL,0.0,0.0,Recovered / on track
617991,"Rehabilitation and up-gradation of NH-167 from Km 14/900 to Km70/000 Design Ch. 14/900 to 69/700 Chintakunta to Adoni section to two lane with paved shoulders in the State of Andhra Pradesh under Corridor Approach through Engineering, Procurement",617996,Widening to 2/4 Lane with paved shoulders from Km 182.120 to Km 227.600 of NH 167 on Haggari-Jadcherla Road on EPC mode under NHO in the state of Telangana,MoRTH,0.0,84.9,Significant overrun/delay
618013,4-laning of Puttaparthi-Koduru Section of NH-342,618792,4L Bhiwani-Hansi road section of NH-148B,National Highways Authority of India [NHAI],-14.0,5.0,Significant overrun/delay
618037,Rehabilitation and Up-gradation of existin of road from 2-lane to 2-lane with paved shoulders from km. 0.00 to km 53.590 total length-53.590 km of Raychoti to Vempalli section of NH-440 in the State of Andhra Pradesh on EPC mode.,618011,Construction of 2 lane with paved shoulder for the work of Development of remaining sections of NH-325 Balotra to sanderao via Jalore to 2 lane with paved shoulder configuration by Construction of Byasses for town portions1 Asotra- Brahmdham bypass 2Siwana Bypass 3 Mokalsar Bypass 4 Major realignment at Kathadi 5 Major realignment at Bishangarh 6 Jalore Bypass 7 Ahore Town portion 8 Dujana Bypass in the state of Rajasthan on EPC Mode,MoRTH,0.0,24.0,Significant overrun/delay
618052,Gorantla - Hindupur section from Km 120/300 to 165/000 of NH716G in the State of Andhra Pradesh,617988,Sangameswaram - Atmakuru section from Km 96 to Km 124 & Velegodu- Nandyal section including Nandyal Bypass from Km 143/6 to 185/9 NH-167K,MoRTH,-17.0,0.0,Recovered / on track
618053,Muddanur to B. Kothapalli section of NH-716G from Km. 0/000 to Km. 56/500 56.500 Km in the State of Andhra Pradesh on EPC mode Job no. 741,618668,4L of Chowka to Kaimaha near MP/UP Border section NH-34 from D. Ch. 145.000 to D. Ch. 197.266 excluding existing Chhatarpur bypass from D. Ch. 160.307 to D. Ch. 168.630 Package-4,National Highways Authority of India [NHAI],-15.0,0.0,Recovered / on track
618062,Dornala to Kunta Junction from Design Chainage Km 244000 to 267990 section of NH-765 Package-2,618549,Construction of twin tube tunnels on Jammu Kashmir Ring Road NH-244A Between Design Ch. 50600 to 51700 and design Ch. 53535 to 55700 on EPC mode under residual NHDP component of Bharatmala Pariyojna,National Highways Authority of India [NHAI],201.5,18.0,Significant overrun/delay
618101,Kondamodu to Perecherla Section Design Ch. Km 000 to Km 49917 of NH-167AG to to 4LPS,618766,Up-gradation to Four Lane with Paved Shoulder configuration of the highway starting from existing km 88.400 Savali Vihir to km 163.400 start of Ahmednagar bypass Design Length 75.000 km section of NH-160 in the State of Maharashtra under Bharatmala Pariyojana on EPC Mode,NHAI,-28.3,0.0,Recovered / on track
618103,Rehabilitation and upgradation from Km 22300 to 58635 of MudireddyPalle to Kadapa/Nellore Border via porumamilla Section of NH 167 Two Lane with paved Shoulder in,618066,Construction of Amethi bypass Part-II at km.30.050 of NH-931 under EPC mode in the state of Uttar Pradesh,MoRTH,0.0,0.0,Recovered / on track
618125,Rehabilitation and upgradation of NH 326A from km 0/0 to 41/979 excluding km 2/255 to 3/372 and km 36/820 to 38/275 Odisha border to Narasamapeta to two lane with paved Shoulders in the State of Andhra Pradesh under NHO on EPC Mode,617982,Widening and strengthening of existing 2-lane to 2- lane with paved shoulders from km 159/0 to 165/4 and 186/0 to 215/0 of NH-163 on EPC mode int the state of Telangana,MoRTH,0.0,13.0,Significant overrun/delay
618145,Widening to two lane with paved shoulder of Rampachodavaram - Koyyuru section of NH 516E from Km 43700 to Km 113820 in the State of Andhra Pradesh on EPC mode Job No. 737,618196,Widening to 2 lane with Paved Shoulders of Siddipet-Elkathurthy section from Km 69/978 to km 133/619 of NH-765DG in the State of Telangana under Annual plan 2021-22 on EPC mode,MoRTH,0.0,18.0,Significant overrun/delay
618161,Widening and Reconstruction of existing road to four lane from Km.56400 to Km 120300 i.e. from B.Kothapalli Junction to Gorantla excluding Kadiri Bypass from Km 70200 to Km 77105 of NH 716G in the State of Andhra Pradesh on EPC mode Job no. 742,618093,Up-gradation to 2 lane with Paved shoulder from Charbhuja at Design km 0.00 existing km 150.00 to Neechli Oden Nathdwara at Design ch. Km 88.800 existing km 55.950 of NH-162E on EPC mode.,MoRTH,0.0,0.0,Recovered / on track
618191,"Rehabilitation and upgradation of NH-167AD from Macherla to Dachepalli via Paluvai Junction, Rentachinthala, Gurazala from Km.0.000 to 43.659 to two lane with paved shoulders in the state of Andhra Pradesh job-729",617954,Balance work of Rehabilitation and upgrading to 2lane/2lane with paved shoulder configuration and strengthening from from Km 343.80 to 400.33 of Gowribidanur-Chik Ballapur section in the state of Karnataka Under Annual Plan 2021-22 under EPC Mode.-952,MoRTH,0.0,13.9,Significant overrun/delay
618192,Duttalur at NH-565 Junction to Kavali Joining on NH-16 Chainage Km. 36/400 to Km. 107/224 excluding the stretch from Km 101.880 to 105.300 67.404 Km of NH-167BG from in the State of Andhra Pradesh on EPC mode,618204,Construction of realignment between Pandrass- Pashkyun Total length 27.10 km on road Zozila-Kargil -Leh NH-1 to 2 lane specifications i.e. Drass alignment 9.30 km Kharboo realignment 6.30 km & Kargil alignment 11.50 km under project Vijayak BRO in the UT of Ladakh on EPC Mode,MoRTH,0.0,13.0,Significant overrun/delay
618193,Widening of Existing Road to Two Lane with Paved Shoulder Configuration from Km 0.00 to 26.000 & Km 45.200 To 59.622 Of NH 365BB in the State of Andhra Pradesh Under Annual Plan 2023-24 through EPC Mode,618591,"Construction of 6-lane flyover at Ainthapali junction and a 2-lane ROB LHS on NH-53 Earlier NH-6 in Sambalpur, on EPC mode in Odisha under NHO",National Highways Authority of India [NHAI],-43.4,0.0,Recovered / on track
618194,Rehabilitation and upgradation of New NH 544DD from design Chainage Km. 56/000 to 102/20 of Kalyandrg - Molakalmuru Section,617994,Rehabilitation and upgradation of NH-167 from design km 113.900 to 154.479 Mallepally Haliya section to two lane with paved shoulders on EPC mode in the stte of Telangana,MoRTH,-12.4,73.0,Significant overrun/delay
618236,Rehabilitation and Up-gradation of Dhindi - Digamarru section from Km 126/510 to Km 135/740 of NH -214New NH -216 and digamarru -Losari section from Km 0/000 tp Km 34/230 of NH-214 ANew Nh-216 to two lane with paved shoulder in the state of AP- NH,617996,Widening to 2/4 Lane with paved shoulders from Km 182.120 to Km 227.600 of NH 167 on Haggari-Jadcherla Road on EPC mode under NHO in the state of Telangana,MoRTH,0.0,84.9,Significant overrun/delay
618237,Rehabilitation and Up-gradation of Pasarlapudi to Dhindi section from Km 105/170 to Km 126/510 of NH -214 New NH -216 to two lane with paved shoulder in the state of Andhra Pradesh under NHDP-IV,618142,Widening to Two lane with Paved shoulders from km.40/410 to 84/037 of Thirumanlagiri-- Suryapet Section of NH-365B earstwhile section of SH-16,MoRTH,0.0,4.0,Significant overrun/delay
618238,Rehabilitation and Up-gradation of Thimmapuram to Gurajanapalli section from Km 26/150 to Km 41/161 of NH - 214 New NH - 216 to two lane with paved shoulder in the state of Andhra Pradesh under NHDP-IV,618236,Rehabilitation and Up-gradation of Dhindi - Digamarru section from Km 126/510 to Km 135/740 of NH -214New NH -216 and digamarru -Losari section from Km 0/000 tp Km 34/230 of NH-214 ANew Nh-216 to two lane with paved shoulder in the state of AP- NH,MoRTH,-8.6,66.0,Significant overrun/delay
618239,"Rehabilitation & Upgradation of NH214New NH-216 from Km 34/230 to Km 84/550 Losari to Machavaram Section to two lane with paved shoulder in the state of Andhrapradesh under NHDP-IV through Engineering, Procurement& Construction EPC mode.",618006,Sitamarhi-Jaynagar Section km 79.400 to km 156.500 Lot-II,MoRTH,36.1,90.0,Significant overrun/delay
618254,Construction of Paderu bypass Km 0000 to Km 13000 of 2- lane with paved shoulder on NH-516E,618035,Rehabilitation & Upgradation of existing intermediate lane to two Lane with paved shoulder from km. 0.600 Gulganj bypass on NH-34 to km. 43.00 Barna River length 42.400 km. on Gulganj-Amanganj-Pawai-Katni NH43 Extn. in the state of Madhya Pradesh on EPCmode.,MoRTH,0.0,7.0,Significant overrun/delay
618255,Two laning with paved shoulders of Lambasingi to Paderusection of NH 516E,618297,Construction of 2-lane with hard shoulder of Kohima - Jessami road on NH-29 Old NH- 150 from existing Km 30.474 Near Kidwema road Chakahabama to existing Km 53.220 Near Kikruma Village Design Km 29.60 to Km 51.50 Design length-21.90 Km in the state of Nagaland Under Bharatmala Pariyojna on EPC Mode under NHO Package-II -Balance work,NHIDCL,0.0,11.0,Significant overrun/delay
618256,"Rehabilitation and Upgradation to 2-lane with paved should ders Sir, configuration of Chaprathipalem to Lambasingi section Km 165500 to Km 205000 of NH-516E in the State of Andhra Pradesh under Green National Highways Corridor Project GNHCP with the loan assistance of World Bank on EPC mode",617935,"Construction of Elevated corridor from Km. 135.650 to 136.300 on 63, from Km. 249 to Km. 250.050 on old NH-4 and from Km. 192.910 to Km. 193.350 on NH-218 from decongestion of traffic in Ranichennamma circle in Hubli city in the state of Karnataka on EPC basis",MoRTH,17.3,29.0,Significant overrun/delay
618257,Rehabilitation and Upgradation to 2-lane with paved shoulders configuration of Koyyuru to Chaprathipalem section Km 120000 to Km 165500 of NH-516E in the State of Andhra Pradesh under Green National Highways Corridor Project GNHCP with the loan assistance of World Bank on EPC mode,618256,"Rehabilitation and Upgradation to 2-lane with paved should ders Sir, configuration of Chaprathipalem to Lambasingi section Km 165500 to Km 205000 of NH-516E in the State of Andhra Pradesh under Green National Highways Corridor Project GNHCP with the loan assistance of World Bank on EPC mode",MoRTH,0.0,19.0,Significant overrun/delay
618258,Two laning with paved shoulders of Gondiguda to Araku uptoBhallaguda section of NH 516E,617885,Rehabilitation and Up-gradation of Nongstoin Wahkaji section of Project Road Km 0000 to Km 43060 to Intermediate Lane with earthern shoulder under SARDP-NE Phase-A in the State of Meghalaya on EPC mode. Job No- SARDP-NE ong-Don- Maw/MG/2020-21/294,MoRTH,0.0,33.0,Significant overrun/delay
618259,Two laning with paved shoulders of Paderu to GundigudaSection of NH 516E,618289,Construction and up gradation to 4-Lane of existing two lane with paved shoulder from Hapachara to Tulungia road of NH-117 of existing Km 0.00 to km 14.050 and Design Km 0.000 to km 14.660 under BMP on EPC mode,NHIDCL,0.0,39.0,Significant overrun/delay
618412,Construction of i Connecting Road from Z-Morh Tunnel to Zojila Tunnel Road Length 18.475km and ii 14.150 Km long 2-L Bi-directional single tube Zoji-la Tunnel across Zojila Pass on Sonamarg - Kargil section from Km 82 to Km 118 of NH-01 under PMDP,618373,"Construction of 4-Lane Bridge including approaches over River Brahmaputra between Dhubri on North Bank,Assam and Phulbari on south Bank,Meghalaya on NH-127B under JICA ODA Loan assistance Phase-III",NHIDCL,0.0,0.0,Recovered / on track
618475,Bangalore Chennai Expressway Phase-II Pkg-II from km.96.000 to Km 127.000 Baireddypalle to Bangarupalem section,618493,Delhi-Amritsar-Katra Expressway Phase-I Spur-I from Jn. with Kapurthala - Sultanpur Lodhi Road NH-703A near Isharwal village to Jn. with Kapurthala - Tarn Taran road NH-703AA near Goinwal Sahib [Km 24000 to Km 41000 of Amritsar connectivity],National Highways Authority of India [NHAI],-29.8,23.0,Significant overrun/delay
618476,Bangalore Chennai Expressway Phase-II Pkg-III from km.127.000 to Km 156.000 Bangarupalem to Gudipala section,619199,Bangalore Chennai Expressway Phase-II Pkg-I from km.71.000 to Km 96.000 Bethamangala in the state of Karnataka to Byreddypalli,National Highways Authority of India [NHAI],0.0,-24.0,Recovered / on track
618524,Construction of 6 lane elevated corridor including its approaches from Km. 629880 to Km. 634470 Design Chainage of NH-16 in Ranasthalam Town portion in the state of Andhra Pradesh on EPC Mode under NHO.,618403,Construction of Intermediate Lane Road with hard shoulder from design Km 0.000 to Km 17.387 Total length 17.387 km of Hunli to Ithun Bridge section on NH-913 Frontier Highway in State of Arunachal Pradesh on EPC mode under NHO-NE,NHIDCL,0.0,0.0,Recovered / on track
618525,Construction of flyover at Gammon Junction at Km.903.265 on NH16 including vent at Diwancheruvu junction at Km.902.308 Blackspot ID No.AP03299 in Andhra Pradesh on EPC mode under NHO,618572,Binnaguri Bypass-Descoped portion of Ghoshpukur-Dhupguri Section of NH-31Dpkg-1,National Highways Authority of India [NHAI],-1.3,0.0,Recovered / on track
618526,6L of Gundugolanu Design km 1023.280 to Kalaparru Design km 1050.680 of NH-5 New NH-16,617944,Kashedi ghat tunnel NH-66 [Bhogaon Khurd - Kashedi section] 4 lanes under NHDP on EPC mode,MoRTH,3.1,0.0,Recovered / on track
618527,Six Laning of Vijayawada Bypass from Gollapudi to Chinnakakani in Vijayawada - Gundugolanu Section from km. 30.00 to km. 47.881 Pkg-IV,618695,Indore - Harda Pkg-III [Nanasa to Pidgaon Section from km 95.000 to km 142.445],National Highways Authority of India [NHAI],8.2,31.0,Significant overrun/delay
618579,6L of Anandapuram Pendurthi Anakapalli Section from km. 681.000 to km. 731.780 of NH-16,619090,8L of Dwarka Expressway Pkg-II RuB near Dwarka Sector 21-DL/HR Border from 5.300 Km.to 9.500 Km. of NH-248BB,National Highways Authority of India [NHAI],29.1,55.0,Significant overrun/delay
618629,Nandigama Bypass and Kanchikacherla bypass,617934,Nasratpur to Barasgaon section of NH-61 2L / 4L PS from Km.514/00 to 558/200,MoRTH,0.0,81.0,Significant overrun/delay
618633,4L of Kadapa China Orampadu section of NH-716 Package I of Kadapa-Renigunta section,618116,lmprovement and Up-gradation from Km. 73.300 Bikapur to Km.140.960 Patranga of NH-227B 84 Kosi Parikrama Marg to 2LPS along with Parikrama Path,MoRTH,0.0,0.0,Recovered / on track
618682,6L Korlam-Kantakapalle Section of NH-130CD Road from Km 421.100 to Km 445.100 Pkg-3,619109,6L of Badakumari - Karki Section from Km 179.000 to km 226.500 of NH-130-CD Package OD-3,National Highways Authority of India [NHAI],24.7,25.0,Significant overrun/delay
618700,Renigunta - Poyya - Naidupeta km 124.60 to km 183.4 of NH 71,618639,4L of Bilaspur to Urga km 0.00 to 70.2 of NH-130A,National Highways Authority of India [NHAI],36.0,28.0,Significant overrun/delay
618712,6L Access Controlled Greenfield Highway from Kodur Ch. 0000 to Vanavolu Ch. 24300 of [NH-544G] Package-1,618719,6L Access Controlled Greenfield Highway from Mallapalle Ch. 176000 to Kavulakuntla Ch. 196000 Package-08,National Highways Authority of India [NHAI],-17.3,11.0,Significant overrun/delay
618713,6L Access Controlled Greenfield Highway from Yerragudipadu Ch. 129000 to Audireddipalle Ch. 160000 of [NH 544G] Package-6,619045,Construction of New Double Tier 4L Elevated Corridor from Chennai Port to Maduravoyal in Chennai District from km -0.342 to Km 20.593 and Package IV from Km 14.185 to Km 20.593,National Highways Authority of India [NHAI],0.4,18.0,Significant overrun/delay
618714,6L Access Controlled Greenfield Highway from Nallacheruvu palli Ch. 96300 to Yerragudipadu Ch. 129000 of [NH-544G] Package-5,618165,Construction of 4-lane highway with paved shoulders from Km 49.155 to Km 74.700 of NH-731A on Hybrid Annuity Mode in the state of Uttar Pradesh,MoRTH,0.0,5.0,Significant overrun/delay
618715,6L Access Controlled Greenfield Highway from Odulapalle Ch. 72000 to Nallacheruvu- palli Ch. 96300 of [NH-544G]Package-4,619114,Indore - Harda Pkg-II [Raghavgarh to Nanasa from km. 29.30 to km. 92.30],National Highways Authority of India [NHAI],6.0,9.0,Significant overrun/delay
618716,6L Access Controlled Greenfield Highway from Vankarakunta Ch. 45700 to Odulapalle Ch. 72000 of [NH-544G]Package-3,618663,i 4L Vidisha to Hinotiya from km 0.000 to Km 27.000 Vidisha Mehulwa-Talbehat Pkg- I Section of NH- 346 and ii 4L Vidisha to Morikori from Km 39.000 to 59.476 section of NH-146,National Highways Authority of India [NHAI],-6.3,5.0,Significant overrun/delay
618717,6L Access Controlled Greenfield Highway from Vanavolu Ch. 24300 to Vankarakunta Ch. 45700 of [NH-544G] Package-2,619124,6L Access Controlled Greenfield Highway from Polavaram Ch. 260000 to Marripudi Ch. 285500 of [NH-544G]Package-12,National Highways Authority of India [NHAI],-16.1,9.0,Significant overrun/delay
618718,6L Access Controlled Greenfield Highway from Kavulakuntla Ch. 196000 to Narayanmpet Ch. 203500Package-09,618872,4L PS from near Hunsur - KR Nagar Junction to near Yalachahalli village KR Nagara - Yelawala Road Junction fcrom Km 169.000 to Km 195.550 of NH-275 Pkg-IV,National Highways Authority of India [NHAI],-10.4,5.0,Significant overrun/delay
618719,6L Access Controlled Greenfield Highway from Mallapalle Ch. 176000 to Kavulakuntla Ch. 196000 Package-08,618712,6L Access Controlled Greenfield Highway from Kodur Ch. 0000 to Vanavolu Ch. 24300 of [NH-544G] Package-1,National Highways Authority of India [NHAI],-12.6,10.0,Significant overrun/delay
618720,6L Access Controlled Greenfield Highway from Audireddipalle Ch. 160000 to Mallapalle Ch. 176000Package-07,619126,6L Access Controlled Greenfield Highway from Marripudi Ch. 285500 to Somavarappadu Ch. 314600 of [NH-544G] Package-13,National Highways Authority of India [NHAI],-18.2,7.0,Significant overrun/delay
618721,6L Access Controlled Greenfield Highway from Chandrasekharapuram Ch. 228000 to Polavaram Ch. 260000of [NH-544G] Package-11,619139,Construction of New Double Tier 4L Elevated Corridor from Chennai Port to Maduravoyal in Chennai District from km -0.342 to Km 20.593 and Package III from Km 9.700 to Km 14.185,National Highways Authority of India [NHAI],0.0,18.0,Significant overrun/delay
618748,Khammam-Devarapalle Pkg IV [4L Access Controlled Greenfield from Recherla village to Gurvaygudem village Design Chainage 105236 to 132664],617985,Widening to two lane with paved shoulders from Km 0/0 to 64/020 Pamarru to Akiveedu,MoRTH,11.2,42.0,Significant overrun/delay
618749,Khammam-Devarapalle Pkg V [4L Access Controlled Greenfield from Gurvaygudem village to Devarapalle village Design Chainage 132664 to 162126,618614,Sanchore - Santalpur from km 67.000 - km 99.000 of NH-754K AJ-RGBS-Package-3,National Highways Authority of India [NHAI],1.7,33.0,Significant overrun/delay
618759,4L PS Mydukur - Badvel from Km 585.820 to Km 630.960 of NH-67,618645,4L of Gola-BokaroJaina More section from Km 53.600 to Km 21.110 of NH-320PKG-1,National Highways Authority of India [NHAI],2.2,11.0,Significant overrun/delay
618777,4L of Pileru to Kalur Section from Km 55.900 to Km 92.800 & Km 94.500 to Km 95.717 of NH-71Package-II,619089,Balance work of 4L of NarimbangloJatinga Junction- Harangajoroad section from Km 0.000 to Km 49.230 of NH-27,NHAI,43.8,5.0,Significant overrun/delay
618778,4L of Madanapalle to Pileru Section from Km 0.000 to Km 55.900 of NH-71Package-I,618741,4L Greenfield Alignment from Kalyanapur to Tal Dashraha of NH-119D Pkg-III,NHAI,6.0,27.9,Significant overrun/delay
618803,Development of 4L Road from Samarlakota to Achampeta Junction as part of Kakinada Port Connectivity to NH-16 Rajanagaram Junction in East Godavari District,618190,Widening to two lane with paved shoulders of 'Bodhan Basar Bhainsa ' section from Km 38/900 to 95/300 of NH-161BB in the state of Telangana under Annual Plan 2021- 22 on EPC Mode under NH O.,MoRTH,0.0,14.0,Significant overrun/delay
618804,Dedicated Port road to Krishnapatnam Port Package-I from Km. 0.000 to Km. 18.000,617919,Construction of 4 Nos Grade separtor between km. 281.000 to km. 307.600 km. 286.400 kumhari km. 299.000 Transport Nagar km. 302.000 Power House km. 304.000 Chandra Moura Chowk to km. 305.000 supeia of NH-53 old NH-06 Raipur - Durg 4 Lane on EPC mode in the state of chhattisgarh job NO. NH-53old NH-06 CG- 2017-18-56,MoRTH,0.0,55.0,Significant overrun/delay
618805,6L Connectivity to Port Road from Sabbavaram Sheelanagar-NH516C,618705,"4L Godibandha to Ballhar Chhak, Ballhar Chhak to Banarpal & Banarpal to Start of Angul bypass at Km.314.130 to Km.321.035 of NH53, at Km.75.200 to Km.84.000 of NH149 & at Km.84.000 to Km.86.100 of NH55",National Highways Authority of India [NHAI],0.0,0.0,Recovered / on track
618806,Improvement of 4L road to 6L road and 4L dedicated Port Roads for the Port connectivity road from Convent junction to Sheelanagar Junction,618556,"Construction of 26 VUPs, Major Bridge, Service Road etc. on Lalitpur-Sagar- Lakhnadon section of NH-44 NS",National Highways Authority of India [NHAI],0.0,3.0,Significant overrun/delay
618807,"4L Greenfield Road connecting North and South industrial cluster of Khandaleru Creek near Krishnapatnam port at Thamminapatnam to Mollur from Km 0.0 to Km 16.046, Part I & 6L extension of dedicated port road of NH-67 Km 18.0 to Km 19.3, Part II",618190,Widening to two lane with paved shoulders of 'Bodhan Basar Bhainsa ' section from Km 38/900 to 95/300 of NH-161BB in the state of Telangana under Annual Plan 2021- 22 on EPC Mode under NH O.,MoRTH,0.0,14.0,Significant overrun/delay
618826,4 Laning of NH-544D from Km 0.000 to km 37.000 of Anantapur- Muchukota section Pkg-1,618372,"Widening / Improvement to 4-Lane with Paved Shoulder configuration of existing single lane road from Kachukhana Harichara Paglagaunj to Dhubri - Phulbari Bridge approach Package-II of Srirampur - Dhubri Section of NH-127B from existing Km 28.050 to Km 55.060 Design Km 27.650 to Km 54.154, Design Length26.504 Km under JICA ODA Loan assistance Phase-V [Srirampur - Dhubri Pkg-2]",NHIDCL,0.0,5.0,Significant overrun/delay
618827,4 Laning of NH-544D from Km 37.000 to km 69.000 of Muchukota- Bugga section Pkg-2,619292,4L Medinipur to Ballupur from Km. 458.65 to Km. 487.65 of NH-07Pkg-2,NHAI,-1.9,16.9,Significant overrun/delay
618919,4L PS from Mandlem Existing Km. 38.000/Design Km.30.600 to Atmakur Existing Km.73.000/Design Km 66.115 of NH340C Package2,618820,Rehabilitation and Up gradation from 4 to 8 laning of Chandikhole Paradip Section of NH-53 Old NH 5A from Km.39.000 to Km.60.00 Package-3,National Highways Authority of India [NHAI],8.9,9.0,Significant overrun/delay
618920,Access Controlled Highway of 4 Lane with Paved Shoulders from TN/AP Border Design Chainage Km 6151 to Puttur Design Chainage Km 81540 of NH-716 & 6 Lane with Paved Shoulders from Mallavaram to Renigunta,618769,Walajahpet/Ranipet to TN/AP Border Section of from Km.106.800 to Km.133.36 NH-4,National Highways Authority of India [NHAI],-9.2,0.0,Recovered / on track
619076,Six Laning of Vijayawada Bypass from Chinna Avutapalli to Gollapudi in Vijayawada - Gundugolanu Section from km. 0.00 to km. 30.00 Pkg-III,618484,Delhi-Amritsar-Katra Expressway Phase-I Pkg-III from Junction with Jind-Panipat road NH-352A near Gangana village to Junction with Jind-Karnal road NH-709A near Alewa village Km 60800 to Km 91400,National Highways Authority of India [NHAI],12.9,5.0,Significant overrun/delay
619102,4 L of China Orampadu-Renigunta section of NH-716 Package-II of Kadapa- Renigunta section,618954,Umagaon - Saharsa Package - I Combined Umagaon-Kaluahi0.000KM to 21.609Km of NH227LSaharghat-Rahika0.000 Km to 26.130KM of NH227JRahika-Rampatti 0.00 KM to 15.00KM of NH527ABideshwarsthan-Bheja0.000KM to 25.915KM of NH527A.,NHAI,15.6,0.0,Significant overrun/delay
619111,6L Jakkuva Korlam Section of NH-130CD Road from km 396.800 to km 421.100 Pkg 2,619213,6L of Hatibena - Badakumari Section from Km 146.50 to km 179.00 of NH-130-CD Package OD-2,National Highways Authority of India [NHAI],35.3,26.0,Significant overrun/delay
619112,6L Kantakapalle Sabbavaram Section of NH-130CD Road from Km 445.100 to Km 464.662 Pkg-4,618810,4L of existing Beas Baba Bakala - Dera Baba Nanak Section from start of Batala Bypass till intersection with Ajnala Gurdaspur Highway NH 354 near Dera Baba Nanak from Km. 31.300 to Km. 69.100 with Additional batala Bypass Pkg-II,National Highways Authority of India [NHAI],-1.0,21.0,Significant overrun/delay
619123,6L Access Controlled Greenfield Highway from Narayanmpet Ch. 203500 to Chandrasekharpuram Ch. 228000Package-10,618626,Four laning from Dive Ghat Km. 220.900 to Hadapsar Km. 234.150 of Mohol Alandi section Pkg VI of NH-965,National Highways Authority of India [NHAI],-51.2,6.0,Significant overrun/delay
619124,6L Access Controlled Greenfield Highway from Polavaram Ch. 260000 to Marripudi Ch. 285500 of [NH-544G]Package-12,618333,Widening to 2 lane with Paved shoulder of lmphal to Jiribam section of NH-37 from Design Ch. from km 169570 Near Nungkao vlllage under Tamenglong District to km 205974 near Jiribam Bridge under Jiribam district under NHO-NE PKG-7,NHIDCL,0.0,6.0,Significant overrun/delay
619125,6L Access Controlled Greenfield Highway from Somavarappadu Ch.314.600 to Muppavaram Ch.343240 of [NH-544G] Package-14,618815,4L Access Controlled Greenfield Highway section on NH-163G Warangal-Khammam from Venkatpur village in Warangal District at Design Ch. 150.240 Km to Thallasenkesa village in Mahabubabed District at Design Ch. 189.650 kmPackage-II,National Highways Authority of India [NHAI],-0.9,6.0,Significant overrun/delay
619126,6L Access Controlled Greenfield Highway from Marripudi Ch. 285500 to Somavarappadu Ch. 314600 of [NH-544G] Package-13,618720,6L Access Controlled Greenfield Highway from Audireddipalle Ch. 160000 to Mallapalle Ch. 176000Package-07,National Highways Authority of India [NHAI],-14.1,11.1,Significant overrun/delay
619140,6L of Naidupeta Junction - Turpukanupur Section from km 57.046 to km 91.927,618516,6L from Sankeshwar Bypass to MH-KNT Border from Km. 555.017 to Km. 592.853 of NH-48 Pkg-II,National Highways Authority of India [NHAI],-23.2,19.0,Significant overrun/delay
619141,Construction of four lane access controlled highway from Chillakuru cross road to Turpu KanupurPart 1 of Package - II km 0.000 131.500 of NH - 16 to km 23.770 on New NH-516W including sixlane flyover and approaches on NH-16 length km 1.050 and six lane access controlled from TurpuKanupur to Port South Gate Part 2 of Package - II km 23.770 to km 35.015 on New NH-516W inthe state of Andhra Pradesh on HAM Mode under Bharatmala Pariyojana Phase I,618104,Widening to two lane with paved shoulders from Km 0/000 to Km 79/300 of Kalwakurthy - Kollapur section of NH-167K in the state of Telangana under annual plan 2021-22 on EPC mode under NHO.,MoRTH,0.0,11.0,Significant overrun/delay
619160,Balance works in AP Portion and punch list items in TN & AP portion of NH-205,618118,Upgradation of two lane paved shoulder from Shahpura existing km. 0.00 Design Ch. 000 to Thanagazi existing Km.37352 Design Ch. 36810 of NH-248A on EPC mode in the State of Rajasthan.,MoRTH,0.0,12.0,Significant overrun/delay
617892,Construction of 2-lane road of Potin to Pangin section of NH-13 from Km 163.59 to Km 206.66 Package-5 on EPC Mode in the State of Arunachal Pradesh under Arunachal Pradesh Package of Roads and Highways of SARDP-NE [Job No SARDP-NE/P- P/Pkg-A/NH-13/Ar.Pr./PWD/2018-19/116],618611,Sangariya near Chautala-Rasisar near Bikaner section of NH-754K Phase-I AJ/SR- Package-7,National Highways Authority of India [NHAI],5.3,35.0,Significant overrun/delay
618033,4-Laning of Itanagar to Bandardewa section of NH-415from km 40430 to km 51735 Package-Bon EPC Mode in the state of Arunachal Pradesh Job NO. 415/Ar. P/2020- 21/031,618748,Khammam-Devarapalle Pkg IV [4L Access Controlled Greenfield from Recherla village to Gurvaygudem village Design Chainage 105236 to 132664],National Highways Authority of India [NHAI],32.1,8.0,Significant overrun/delay
618401,"Construction of Intermediate Lane with Hard Shoulder of Hunli to Hayuliang Package- III from design Km 60.000 to Km 121.500 Design Length 61.500 km, Greenfield Section of Frontier Highway NH-913 in the State of Arunachal Pradesh on EPC Mode Pkg-3",618933,Construction of 6 lane Indore western bypass from km 34000 to Km 64000 Pkg-II in the state of Madhya Pradesh on Hybrid Annuity Mode under NHO,National Highways Authority of India [NHAI],0.0,0.0,Recovered / on track
618402,"Construction of Intermediate Lane with Hard Shoulder of Hunli to Hayuliang from Design Km 0.000 to Km 53.000 Design Length 53.000 km, Greenfield Section of Frontier Highway NH-913 in the State of Arunachal Pradesh on EPC Mode Package-I",618832,4L from Km 55.00 Kuru to Km 95.400 Udaipura on NH-75 Sec-I,National Highways Authority of India [NHAI],0.0,0.0,Recovered / on track
618403,Construction of Intermediate Lane Road with hard shoulder from design Km 0.000 to Km 17.387 Total length 17.387 km of Hunli to Ithun Bridge section on NH-913 Frontier Highway in State of Arunachal Pradesh on EPC mode under NHO-NE,618524,Construction of 6 lane elevated corridor including its approaches from Km. 629880 to Km. 634470 Design Chainage of NH-16 in Ranasthalam Town portion in the state of Andhra Pradesh on EPC Mode under NHO.,National Highways Authority of India [NHAI],-25.2,0.0,Recovered / on track
618404,Construction of lntermediate Lane Road with hard shoulder from design chainage Km 0.000 to Km 53.040 Existing Length68.500 Km & Total Design length 53.04 km of Tato to Monigong section of NH-913 Frontier Highway on Nafra Bomdila to Vijaynagar along China border in state of Arunachal pradesh on EPC mode,618086,"Widening to Two Lane with Paved Shoulders from KB Cross to Chunchanahalli ie., Design Ch. 485240 Km Existing Km 494.000 to Design Ch. 523393 Km Existing km 533.152 & From Design Ch. 530393 Existing Km 540.175 to Design Ch. 534476 Existing Km 544.200 at Nelligere of NH-150A on EPC mode under Annual Plan 2022-23 NH-150A-KNT-2022-23-977 dated 08.03.2023",MoRTH,0.0,0.0,Recovered / on track
618405,"Construction of Intermediate Lane of Pango to Jorging Road from 0000 to Design Km Design Km 40000 Design Length 40.00 Km, Pkg-l, Greenfield Alignment in the State of Arunachal Pradesh on EPC mode Pkg-1",618691,4 laning of Aligarh-Palwal Section from Km. 46.390 Design Chainage to Km. 69.110 Terminating at junction EPE Package-II from Kurana- Eastern Peripheral Expressway of NH-334D,National Highways Authority of India [NHAI],-3.8,0.0,Recovered / on track
618432,Construction of Balance work of 2-Lane with PS of Joram-Koloriang Road NH-713 on EPC basis from Design Km 44.989 to Km 61.547 Existing Km 50.050 to Km 70.000 in the state of Arunachal Pradesh under SARDP-NE Pkg-3,618433,Construction of Balance work of 2-Lane with PS of Joram Koloriang Road from existing Km122.600 to km138.00 [Design Km108.724 to Km123.714] in Arunachal Pradesh on EPC Mode under SARDP-NE Pkg-7,NHIDCL,0.0,48.0,Significant overrun/delay
618433,Construction of Balance work of 2-Lane with PS of Joram Koloriang Road from existing Km122.600 to km138.00 [Design Km108.724 to Km123.714] in Arunachal Pradesh on EPC Mode under SARDP-NE Pkg-7,618432,Construction of Balance work of 2-Lane with PS of Joram-Koloriang Road NH-713 on EPC basis from Design Km 44.989 to Km 61.547 Existing Km 50.050 to Km 70.000 in the state of Arunachal Pradesh under SARDP-NE Pkg-3,NHIDCL,0.0,15.0,Significant overrun/delay
618434,Roing-Hunli Road Greenfield Alignment Project,618839,Aunta - Simaria including Ganga Bridge,National Highways Authority of India [NHAI],61.0,49.9,Significant overrun/delay
618445,Construction of 2-Laning with hard shoulders of Demwe-Brahmakund section of NH- 13 from Ch.0.00 km to 18.464 km on EPC under SARDP-NE NHO-NE -Balance Work,618374,Improvement/Widening to 2-L with Paved Shoulder/ 4-Laning of NH-40 section from Km 151330 to Km 163400 design Km 63.530 to Km 71.520 including Dawki Bridge of length 368 m between Shillong-Dawki under JICA ODA Loan assistance Phase-II Pkg- 5 -Balance work,NHIDCL,0.0,0.0,Recovered / on track
619014,"lmprovement and Widening to 2 lane with paved Shoulder of NH-15 old NH-52 from Existing Km 770.600 Design Km 24.819 to Existing km 805.750 Design Km 59.885 Kamlang T-Junction to Chowkham, Existing Length 35.150 Km, Design Length-35.066 Km in the state of Arunachal Pradesh on EPC mode Pkg-2",617951,Construction of Chintamani Bypass from Design Ch.0000 Existing Ch.428880 to Design Ch.15400 Existing Ch.444010 on NH-69 in the State of Karnataka in EPC Mode under NHO Annual Plan 2022-23. NH-69-KNT-2022-23-989 dated 24.03.2023,MoRTH,0.0,0.0,Recovered / on track
617895,Construction of Mangaldoi Bypass NH-15 starting at Ch 26400 and terminating at Ch 41505 under Rangia NH Division L 15.105 Km in the State of Assam. Job No. 15/AS/2021-22/234,619291,4L Poanta SahebMednipur from Km. 435.65 to km. 458.65 of NH-07Pkg-1,NHAI,25.3,14.0,Significant overrun/delay
617896,"Construction of 4 lane Gauripur Bypass Starting bfrom Km 852.56 of NH- 31Dumardoha Pt-II and Terminating at Km 862.17 Baladmara via. Khudimari Pt.- II, Fulkumari, Charaldanga, Sajuakuti,Geramari Pt.-III and finally meeting at km 862.17 of NH-17New/ NH-31Old in the State of Assam under EPC Mode Job no. 31/AS/ 2023- 24/265",618370,Improvement and Widening to 2-lane with paved shoulder of road from Km 101.300 to km 127.319 Total Length 26.019 Km i.e. the Khowai Teliamura-Amarpur-Harina- Sabroom section of NH 208 in the state of Tripura on EPC under JICA ODA Loan Phase VI Package-1,NHIDCL,0.0,5.0,Significant overrun/delay
618034,Construction of 2 lane Barpeta Bypass from Km 77900Baradi to Km 86150 Deurikuchi Length8.25Km on NH-427 in the state of Assam under EPC ModeJob No.427/AS/2022-23/245,618079,Construction of Dharmagarh Bypass on NH-130C including land acquisition in the state of Odisha on EPC Mode under Annual plan 2022-23.,MoRTH,0.0,0.0,Recovered / on track
618159,"Construction of new 2 Lane with paved shoulders of NH Standards from km 0.080 to km 11.690 L11.610 km in Majuli and from km 19.715 to km 27.484 L 7.769 km in Jorhat on the newly declared NH 715K and construction of 1.10 km flyover on NH-715 with its approaches and service roads L1.10 km, Total Length 20.479 km in the State of Assam Job No. 715K/AS/2023-24/256",618506,"Construction of Additional Structures, Improvement of Service Road & Maintenance of Six Lane Gurgaon-Jaipur Section of NH-48 old NH-8 between km 42700 to km 107100 in the State of Haryana",National Highways Authority of India [NHAI],-40.3,0.0,Recovered / on track
618160,"Construction of 2 lane Major Bridge including approaches over Brahmaputra between Majuli on North Bank and Jorhat on South Bank from km. 11.690 to km. 19.715 length of bridge 6,812.5m Package - II on NH-715K in the state of Assam Job no. 715/AS/2020-21/213",618619,Bypass on Western side of Gwalior City,National Highways Authority of India [NHAI],0.0,0.0,Recovered / on track
618282,4-L Bilasipara-Guwahati Package-10,617939,6-Laning of Pune-Hyderabad Section of NH-65 from Km 493/0 to Km 524/0 from Sangareddy X Roads to Madinaguda in the State of Telangana,MoRTH,0.0,0.0,Recovered / on track
618283,4-L Bilasipara-Guwahati Package-9,618203,"Construction of 4 lane with paved shoulder Pattan bypass Greenfield bypass from existing Ch. Km 24320 to Km 33760 and Design Ch. from Km 24400 to Km 35300, total length 10.900 km on road SrinagarBaramulla Uri NH-01 in the UT of Jammu & Kashmir under Project BEACON, Border Roads Organization BRO on EPC mode. Package-II",MoRTH,0.0,0.0,Recovered / on track
618284,Widening/Improvement to 4-Lane with paved shoulder from Km 99930 to Km 143680 Design Chainage 96000 to 139750 of Paikan to Dhupdhara Sahar of Bilasipura- Guwahati Road on NH-17 in the state of Assam on EPC mode under Bharatmala Pariyojana in Economic Corridors Project Length 43.750km under NHO-NE Package- 8,618728,6L Greenfield Varanasi-Ranchi-Kolkata Highway from junction with NH-19 & Varanasi Ring Road near Rewasa village to junction with Chandauli-Chainpur road near Khainti village from Km. 0.000 to Km. 27.000 - Pkg-1,National Highways Authority of India [NHAI],9.1,5.9,Significant overrun/delay
618285,Widening/Improvement to 4 -Lane with Paved Shoulder from Ch. 88.000km to Ch.99.930 km Design Ch.84.100km to Ch.96.000 km of Sagunbashi forest near Nichinta to starting of Krishnai Bypass Section of Bilasipura Guwahati road NH 17 on EPC Package-7,618414,Construction of Balance work for 2-lane with hard shoulder of Peren- Dimapur section on NH-129A from Design Km 126.775 to Km 146.208 Length 19.433 Km in the state of Nagaland on EPC mode under NHO-TSP Package-II,NHIDCL,0.0,0.0,Recovered / on track
618286,Construction of New 2-Lane Bridge with its approaches from km 0000 to Km 4385 across River Brahmaputra on NH-17 at Jogighopa in Assam on EPC mode,618665,4L of Sagar - Mohari from Km.8 to Km.50 Pkg-I,National Highways Authority of India [NHAI],-16.5,25.0,Significant overrun/delay
618287,"Widening/Improvement to 4-Lane with paved Shoulder from Ch. 25.633 Km to Ch. 52.470 Km Design Ch. 21.850 Km to Ch.48.670 Km for Package-2 of Bilasipura- Guwahati road NH-17 Section Near Mowatari, before Chapar Bypass to Tulungia junction with NH-17 in the state of Assam on HAM mode under NHO-NE Package-2",618636,Akkalkot MH/KN border New Greenfield corridor from Km 512.000 to Km 548.400 of NH-150C part of Akkalkot KN/TS Border section Package XIV,National Highways Authority of India [NHAI],2.4,8.0,Significant overrun/delay
618288,"Widening/lmprovement to 4-Lane with Paved Shoulder from Ch.5.580 Km to Ch.25.633 Km Design Ch.0.000 Km to Ch.17.737km Km 901.100 to Km 921.145 of old NH-31 of Bilasipara- Guwahati road NH-17 Section Near Chirakuta to near Mowatari, before Chapar Bypass in the state ol Assam on HAM mode Package-1",618962,4L of Budhni to Shahganj Bypass End Package-III of NH-146B from Km. 73.750 to Km. 102.000,National Highways Authority of India [NHAI],-30.2,-3.0,Recovered / on track
618289,Construction and up gradation to 4-Lane of existing two lane with paved shoulder from Hapachara to Tulungia road of NH-117 of existing Km 0.00 to km 14.050 and Design Km 0.000 to km 14.660 under BMP on EPC mode,618449,Construction & Upgradation of existing road to 2-lane with paved shoulder from km27.200 End of Rongli bypass to km37.600New Rolep Bridge of Rhenok-Menla spur NH-717B on EPC Mode under SARDP-NE Phase-A in Sikkim Pkg-II B,NHIDCL,6.3,41.0,Significant overrun/delay
618308,Construction of 4-Lane Panchgram Bypass from Design Chainage km 15500 on NH- 37 Old NH-53 at Kalinagar Pt.-I Village to Design Chainage km 27300 at crossing with NH-6 Old NH-44 Near Siddeswar Pt.-I Village on Silchar - Churaibari stretch in the State of Assam on EPC Mode under Bharatmala Pariyojana in Economic Corridors Silchar- Churaibari Package-2,618359,Widening/Improvement to 4-Lane with Paved Shoulder from km 55000 Nagabang Gamsuk to km 82514 Oyan in the State of Assam and Arunachal Pradesh on EPC mode under Bharatmala Pariyojna of Length 27.514 Km Package-3,NHIDCL,0.0,0.0,Recovered / on track
618309,Widening/lmprovement to 4-Laning and Greenfield alignment with Paved shoulder of Silchar-Badarpur Churaibari section of NH-37 & NH-8 from Design chainage 38.600 End point of proposed Badarpur Bypass to Km. 62.800 Start point of proposed Nilambazar/Cheragi Bypass in the state of Assam on HAM Mode Package-4,618641,4 Lane of CG/JH Border-Gumla from km 0.000 to km 32.370 of NH-43 in the State of Jhrkhand,National Highways Authority of India [NHAI],0.0,0.0,Recovered / on track
618310,Widening/lmprovement to 4-L of Karimgani - sutarkandi section of NH 37 from design Ch 0020 Start of proposed Karimganj Bypass from NH -8 to design Chainage Km 14380 near Sutarkandi Spur Connectivity to Indo/Bangladesh Border on Silchar- Churaibari in the State of Assam on HAM Mode Package-7,618688,Outer Ring Road of Jabalpur Town from Amjhar Road including Airport Connectivity to barela Pkg-V,National Highways Authority of India [NHAI],-32.1,0.0,Recovered / on track
618311,Widening/lmprovement to 4-Lane with Paved shoulder for existing as well as Greenfield alignment of Badarpur Churaibari section of NH-8 from Design chainage 87.700 Chandkhira to Km. 106.500 Churaibari section Assam-Tripura border in the state of Assam on HAM Mode Package-6,618672,4-lanning of Gyaraspur to Rahatgarh section of NH-146 from Design Ch. 88361 to Ch 124470 in the state of MP on HAM mode,National Highways Authority of India [NHAI],-34.4,0.0,Recovered / on track
618312,Widening/lmprovement to 4-Lane with Paved Shoulder from existing road and Greenfield alignment form Design Ch. 62.800 start of proposed Nilambazar/Cheragi Bypass to Design Ch. 87.700 near Chandkhira Village of NH-8 on Silchar-Churaibari in the state of Assam on HAM Mode Package-5,618768,Four laning of Agra-Aligarh Section from Km. 0.000 Junction of NH-34 Aligarh Km 144.60 to Km. 28.000 near Asroi village in Hathras of NH-509 Package-I,National Highways Authority of India [NHAI],0.0,8.0,Significant overrun/delay
618313,Widening/lmprovement of Existing 2 lane to 4-Laning of Karimganj-Silchar section of NH-37 from Design Ch 0.000 near Silchar ISBT to Design Ch 15.970 near Kalinagar Pt I on NH-37 in Assam on HAM Mode Pkg-1,618966,Six laning with both sides Service Road of Ayodhya Bypass from Design Km 0000 near Ashram Tiraha on NH-46 to Km 16439 end at Ratnagiri Tiraha on Nh-146,National Highways Authority of India [NHAI],-1.8,0.0,Recovered / on track
618314,4-Laning of Dhanehari Lailapur / Vairengte section from Existing Chainage km 12920 to km 43000 of NH 306 Design Chainage km 20000 to km 49360 on Silchar - Vairengte Sairang road in the State of Assam under Bharatmala Pariyojna on EPC mode. Project Length 29.360 km under NHO-NE Package-2,618537,Construction of Ring Road around Kanpur from Km.000 to Km. 23.325 Chachendi Sachendi I to Maharajpur Package-I,National Highways Authority of India [NHAI],-25.2,0.0,Recovered / on track
618315,4-Laning of Silchar - Dhanehari section from Existing Chainage km 263800 of NH 37 to km 12920 of NH 306 Design Chainage km 0000 to km 20000 on Silchar - Vairengte - Sairang road in the State of Assam under Bharatmala Pariyojna on EPC mode Package-1,617939,6-Laning of Pune-Hyderabad Section of NH-65 from Km 493/0 to Km 524/0 from Sangareddy X Roads to Madinaguda in the State of Telangana,MoRTH,0.0,0.0,Recovered / on track
618325,Dillai to Lahorijan Package-7,618136,Upgradatiobn and Rehabilitation of Section of NH 361 F from Parli 00/000 to Gangakhed 30/400 to Two Lanes with paved shoulder / Four lane configurations on EPC mode in the State of Maharashtra.,MoRTH,0.0,30.0,Significant overrun/delay
618326,Widening/Improvement to 4-Lane with Paved Shoulder from KM 38500 to Km 51246 Design Chainage 38500 to 50959 with proposed Daboka Bypass of Daboka- Parokhaowa of NH 29 on EPC under NHO-NE Package-1,617999,Widening to 2LPS from Km 67 to Km 115 on Kadur-Hosadurga section NH 173 in the state of Karnataka NH-173-KNT-2022-23-980 dated 13.03.2023,MoRTH,0.0,6.0,Significant overrun/delay
618327,Widening/Improvement to 4-Lane with Paved Shoulder from KM 113300 to Km 146230 Design Chainage 113830 to 145712 of Kwaram Taro Village - Dillai Section in Assam on EPC Package-6,618911,4L Greenfield Western Side spur of Rampur-Rudrapur Section from Km 0.000 to Km 13.700 connecting NH-24 to NH-87 bypassing rampur town,National Highways Authority of India [NHAI],-1.3,17.9,Significant overrun/delay
618330,Construction of 4/6 Laning from existing Km 159.400 of NH-36 to existing Km 102.500 of NH-39 and upto end point of Assam portion [Design Km 118.050 to design Km 132.375] Total New Alignment length of 14.325 Km of Daboka -Dimapur Section Dimapur Bypass in the state of Assam under SARDP-NE 'Phase-A' on EPC mode Assam Portion,618799,Belakeri Port to Kumta - Sirsi road from km 0.00 - km 4.265 of Belekeri Port Road Link Rd. and km 4.965 - km 60.00 of SH-69,National Highways Authority of India [NHAI],0.0,42.0,Significant overrun/delay
618331,lmprovement to 4-Lane with Paved Shoulder from existing km 260000 Design Ch.4560 km to existing km Ch.233000 D. Ch.24560 of Silchar near Nutan Dayapur village - Budha Nagar Section Length-20.00 Km of NH-37 under Package Silchar- Jiribam Pkg-1 in the state of Assam on HAM Mode,618561,Improving the Alignment of Thoppur Ghat Section from Km 158.500 to Km 165.100 in Dharmapuri - Salem Section of NH-44,National Highways Authority of India [NHAI],-19.2,0.0,Recovered / on track
618339,Widening/Improvement to 2-Lane Lane with Paved Shoulder from km 16900 Bogapani to km 27150 Golai Goan on existing Dibrugarh to Ledo section with proposed Digboi Bypass Green Field and Brownfield 2-LanePS of NH-315 OLD NH-38 in Tinsukia District under NHO- NE Package-4,618028,"Construction of Bypass at Kuknoor, Yelburga, Gajendragada of Bhanapur Gaddanakeri section of NH-367 in the State of Karnataka under NHO on EPC mode under Annual Plan 2022-23. NH-367-KNT-2022-23-973 dated 08.02.2023",MoRTH,0.0,0.0,Recovered / on track
618340,Widening/Improvement to 4-Lane with Paved Shoulder from km 626030 Nalani hulla Gaon to km 650450 Chotahapjan on existing Tinsukhia -Makum Bypass of NH-15 OLD NH-37 and Strengthening of existing NH-315 OLD NH-38 from Km 0000 Chotahapjan to Km 16900 Bogapani section 2-Lane PS in Assam on EPCMode under NHO-NE Package-3,618917,4L Greenfield starting from NH-30 near Saristabad Patna to Nathupur Project end point of Patna-Gaya-Dobhi Section of NH-83,National Highways Authority of India [NHAI],-14.0,10.0,Significant overrun/delay
618351,Widening & Upgradation to 2 lanes with paved shoulders road from Tamenglong to Mahur NH-137 in the State of Assam starting from km 156.489 near P. Leikul to km 176.410 near Borowapu on EPC mode under NHO-NE Assam portion Package-10,618353,Widening & Upgradation to 2-lanes with paved shoulders road from Tamenglong to Mahur NH-137 in the State of Assam starting from km 116.480 near Hangrum to km 136.500 near Hejaichak Package-8 on EPC mode under NHO-NE Package 8,NHIDCL,0.0,10.0,Significant overrun/delay
618352,Widening & Upgradation to 2 lanes with paved shoulders road from Tamenglong to Mahur NH-137 in the State of Assam starting from km 136.500 near Hejaichak to km 156.489 near P. Leikul Package-9 on EPC mode under NHO-NE Package-9,618351,Widening & Upgradation to 2 lanes with paved shoulders road from Tamenglong to Mahur NH-137 in the State of Assam starting from km 156.489 near P. Leikul to km 176.410 near Borowapu on EPC mode under NHO-NE Assam portion Package-10,NHIDCL,-22.1,10.0,Significant overrun/delay
618353,Widening & Upgradation to 2-lanes with paved shoulders road from Tamenglong to Mahur NH-137 in the State of Assam starting from km 116.480 near Hangrum to km 136.500 near Hejaichak Package-8 on EPC mode under NHO-NE Package 8,618351,Widening & Upgradation to 2 lanes with paved shoulders road from Tamenglong to Mahur NH-137 in the State of Assam starting from km 156.489 near P. Leikul to km 176.410 near Borowapu on EPC mode under NHO-NE Assam portion Package-10,NHIDCL,-22.1,10.0,Significant overrun/delay
618354,Wideinig & Upgradation to 2-lanes with paved shoulders road from Tamenglong to Mahur NH-137 in the State of Assam starting from km 96.870 near Jiri River to km 116.550 near Hangrum Package-7 on EPC mode Package7,618352,Widening & Upgradation to 2 lanes with paved shoulders road from Tamenglong to Mahur NH-137 in the State of Assam starting from km 136.500 near Hejaichak to km 156.489 near P. Leikul Package-9 on EPC mode under NHO-NE Package-9,NHIDCL,-28.6,10.0,Significant overrun/delay
618371,"Widening/Improvement to 4-Lane with Paved Shoulder configuration of existing single lane road from Srirampur near Bhairiguri Village to Kachukhana Harichara Paglagaunj Package-I of Srirampur - Dhubri Section of NH-127B from existing Km 0.000 to Km 28.050 Design Km 0.000 to Km 27.650, Design Length27.650 Km under JICA ODA Loan assistance Phase-V -Balance work",618113,"Improvement and up-gradation of NH-227B 84 Kosi Parikrama Marg Package III, from Km.47.800 Gosaiganj to Km.73.300 Bikapur in the State of Uttar Pradesh on EPC basis.",MoRTH,0.0,0.0,Recovered / on track
618372,"Widening / Improvement to 4-Lane with Paved Shoulder configuration of existing single lane road from Kachukhana Harichara Paglagaunj to Dhubri - Phulbari Bridge approach Package-II of Srirampur - Dhubri Section of NH-127B from existing Km 28.050 to Km 55.060 Design Km 27.650 to Km 54.154, Design Length26.504 Km under JICA ODA Loan assistance Phase-V [Srirampur - Dhubri Pkg-2]",618826,4 Laning of NH-544D from Km 0.000 to km 37.000 of Anantapur- Muchukota section Pkg-1,National Highways Authority of India [NHAI],-0.2,10.0,Significant overrun/delay
618373,"Construction of 4-Lane Bridge including approaches over River Brahmaputra between Dhubri on North Bank,Assam and Phulbari on south Bank,Meghalaya on NH-127B under JICA ODA Loan assistance Phase-III",618412,Construction of i Connecting Road from Z-Morh Tunnel to Zojila Tunnel Road Length 18.475km and ii 14.150 Km long 2-L Bi-directional single tube Zoji-la Tunnel across Zojila Pass on Sonamarg - Kargil section from Km 82 to Km 118 of NH-01 under PMDP,NHIDCL,0.0,17.0,Significant overrun/delay
618435,4-Laning from Rangagara to Kaliabor Tiniali from km 297.00 to km 315.315 of NH-37 on EPC basis under SARDP-NE in state of Assam,618006,Sitamarhi-Jaynagar Section km 79.400 to km 156.500 Lot-II,MoRTH,36.1,90.0,Significant overrun/delay
618436,4-Laning of Jamugurihat to end of Biswanath Chariali By-Pass from Km 182.000 to Km 208.000 of NH-52 on EPC mode in state of Assam under SARDP-NE,618840,Simaria Km. 206.050 to Khagaria Km. 266.282,National Highways Authority of India [NHAI],34.3,87.0,Significant overrun/delay
618437,"Construction of Balance Work of 4-Laning of NH-37 Section between End of Moran Bypass to Bogibeel junction near Lapetketa Km. 561.700-Km. 580.875 under SARDP- NE, Phase 'A' in the State of Assam on EPC mode Pkg-I Road works & Toll Plaza",618438,"4-Laning of NH-37 Section between Demow to End of Moran Bypass From Km. 534.800 to Km. 561.700 including Emergency Landing Facility ELF under SARDP-NE, Phase 'A' in the State of Assam on EPC mode",NHIDCL,0.0,13.0,Significant overrun/delay
618438,"4-Laning of NH-37 Section between Demow to End of Moran Bypass From Km. 534.800 to Km. 561.700 including Emergency Landing Facility ELF under SARDP-NE, Phase 'A' in the State of Assam on EPC mode",618437,"Construction of Balance Work of 4-Laning of NH-37 Section between End of Moran Bypass to Bogibeel junction near Lapetketa Km. 561.700-Km. 580.875 under SARDP- NE, Phase 'A' in the State of Assam on EPC mode Pkg-I Road works & Toll Plaza",NHIDCL,0.0,5.0,Significant overrun/delay
618439,"Construction of Balance Work of 4-Laning of the Section from Jorhat to Jhanji of NH- 37 Old from Km 453000 to Km 463000 10.000 Km, under SARDP- NE under EPC Mode in the state of Assam Pkg-I Road Works",618443,"Construction of Balance Work of the 4-Laning of the Section from Jorhat to Jhanji of NH-37 Old from Km 463.00 to Km 477.000 14.000 Km, under SARDP- NE under EPC Mode in the state of Assam Pkg-II Road Works",NHIDCL,0.0,0.0,Recovered / on track
618440,"Construction of Balance Work of 4-Laning of the Section from Jhanji to Demow of NH- 37 Old from Km 490.800 to Km 534.800, under SARDP- NE on EPC Mode in the state of Assam Pkg- IV Structures & Toll Plaza",617931,Construction of ROB and its approaches in lieu of LC No. 10/B/T at Km 307.050 of NH-60.,MoRTH,-11.1,19.0,Significant overrun/delay
618441,"Construction of Balance Work of 4-Laning of the Section from Jhanji to Demow of NH- 37 Old from Km 490.800 to Km 501.800 11.000 Km, under SARDP- NE under EPC Mode in the state of Assam Pkg-I Road Works",618328,4-Laning of Balance work of Dimapur-Kohima Road from design km 152.490 to km 166.700 Existing km 156.000 to km 172.900 Excluding Dimapur & Kohima Bypass under SARDP-NE Package-III,NHIDCL,41.2,0.0,Significant overrun/delay
618442,"Construction of Balance Work of the 4-Laning of the Section from Jorhat to Jhanji of NH-37 Old from Km 477.000 to Km 490800 13.800 Km, under SARDP- NE under EPC Mode in the state of Assam Pkg-III Road Works",618443,"Construction of Balance Work of the 4-Laning of the Section from Jorhat to Jhanji of NH-37 Old from Km 463.00 to Km 477.000 14.000 Km, under SARDP- NE under EPC Mode in the state of Assam Pkg-II Road Works",NHIDCL,0.0,0.0,Recovered / on track
618443,"Construction of Balance Work of the 4-Laning of the Section from Jorhat to Jhanji of NH-37 Old from Km 463.00 to Km 477.000 14.000 Km, under SARDP- NE under EPC Mode in the state of Assam Pkg-II Road Works",618439,"Construction of Balance Work of 4-Laning of the Section from Jorhat to Jhanji of NH- 37 Old from Km 453000 to Km 463000 10.000 Km, under SARDP- NE under EPC Mode in the state of Assam Pkg-I Road Works",NHIDCL,0.0,0.0,Recovered / on track
618444,"Construction of Balance Work of the 4-Laning of the Section from Jorhat to Jhanji of NH-37 Old from Km 453.000 to Km 490.800, under SARDP- NE , under EPC Mode in the state of Assam Pkg-IV Structures & Toll Plaza",618442,"Construction of Balance Work of the 4-Laning of the Section from Jorhat to Jhanji of NH-37 Old from Km 477.000 to Km 490800 13.800 Km, under SARDP- NE under EPC Mode in the state of Assam Pkg-III Road Works",NHIDCL,0.0,0.0,Recovered / on track
618454,"Earthwork in Formation, Road Work, Construction of Bridges, Blanketing, P. Way Linking works including Supply of P. Way Fittings and Track Ballast in connection with Construction of Railway Siding from Jogighopa Railway Station to MMLP at Jogighopa from Ch. 00 to 3760 on Item Rate basis Package -3, Railway Siding from Jogighopa Railway Station to MMLP",618455,Development of External Trunk Connectivity and Internal Infrastructure Works at Multi Model Logistics ParkMMLP at Jogighopa in the State of Assam on EPC Mode Package-I Road and Utility Works,NHIDCL,0.0,29.0,Significant overrun/delay
618455,Development of External Trunk Connectivity and Internal Infrastructure Works at Multi Model Logistics ParkMMLP at Jogighopa in the State of Assam on EPC Mode Package-I Road and Utility Works,618835,4L of Bal Works of Talaja - Mahuva from 54.990 km. to 100.450 km. of Old NH-8E Package-II,National Highways Authority of India [NHAI],5.3,0.0,Significant overrun/delay
618576,"6L Standalone Flyovers at Raha, Demow, Borghat, Kathiatali junctions and ROB at Jagiroad on stretches of NH 36 and NH 27",618030,Widening to 2 lane with paved shoulder from Km. 103.225 Pattadakal to Km. 133.00 Shirur cross of NH-367 in the state of Karnataka on EPC Mode.Job No. NH-367-KNT- 2021-22-934,MoRTH,0.0,31.0,Significant overrun/delay
618934,Guwahati Ring Road in the State of Assam,618738,6L Bridge and its approaches across River Ganga as Part of Patna Ring Road NH- 131G starting from Km 8.480 near Sherpur to Km 23.000 near Dighwara,National Highways Authority of India [NHAI],-46.7,18.0,Significant overrun/delay
618958,2L with ES of Yagyi - Kalewa section from Milepost 40/0 to Milepost 115/5 in Myanmar,618839,Aunta - Simaria including Ganga Bridge,National Highways Authority of India [NHAI],61.0,49.9,Significant overrun/delay
619013,"Construction of Balance Work of 4-Laning of the Section from Jhanji to Demow of NH- 37 Old from Km 501.800 to Km 514.800 13.000 Km, under SARDP- NE under EPC Mode in the state of Assam Pkg-II Road Works",619060,"Construction of Balance Work of 4-Laning of the Section from Jhanji to Demow of NH- 37 Old from Km 514.800 to Km 534.800 20.000 Km, under SARDP- NE under EPC Mode in the state of Assam Pkg-III Road Works",NHIDCL,79.8,0.0,Significant overrun/delay
619057,Construction of 4-Lane Badarpur Bypass from Design Chainage km 27300 at crossing with NH-6 Old NH-44 Near Siddeswar Pt.-I Village to Design Chainage km 38600 on NH-37 Old NH-44 at Kandigram Chaita Village on Silchar - Churaibari stretch in the State of Assam on EPC Mode under Bharatmala Pariyojana in Economic Corridors Silchar- Churaibari Pkg-3,618419,"Construction of 2-Lane with paved shoulders of Shillong Western Bypass starting from NH-06 near Ladumsaw existing Km 60.900 of old NH40 to NH106 old NH 44E Package-III, from km 24700 to km 38256 under SARDP-NE PHASE A in the state of Meghalaya on EPC Mode Greenfield alignment",NHIDCL,0.0,0.0,Recovered / on track
619060,"Construction of Balance Work of 4-Laning of the Section from Jhanji to Demow of NH- 37 Old from Km 514.800 to Km 534.800 20.000 Km, under SARDP- NE under EPC Mode in the state of Assam Pkg-III Road Works",619186,Construction of Balance works of Major Bridge over Middle Strait Creek between Km.106.590 to km108.553 of NH-04 connecting South Andaman & Baratang Island in the Union Territory of Andaman & Nicobar Islands on EPC basis,NHIDCL,41.4,10.0,Significant overrun/delay
619089,Balance work of 4L of NarimbangloJatinga Junction- Harangajoroad section from Km 0.000 to Km 49.230 of NH-27,618777,4L of Pileru to Kalur Section from Km 55.900 to Km 92.800 & Km 94.500 to Km 95.717 of NH-71Package-II,National Highways Authority of India [NHAI],-68.4,7.0,Significant overrun/delay
617897,Construction of proposed 4Lane Revelgunj bypass NH-19 in the State of Bihar on EPC mode connecting NH 19 to 85 origin,617924,Construction of bypass to Nayagarh town from km 235.469 to 252.482 of NH-57 including land acquisition in the state of Odisha.,MoRTH,0.0,11.0,Significant overrun/delay
617958,Widening & Strenthening from km132.895 to km 190.15 NH-80,619128,Khammam-Devarapalle Pkg II [4L Access Controlled Greenfield from Somavaram village to Chintagudem village Design Chainage 33604 to 63117],National Highways Authority of India [NHAI],59.4,19.9,Significant overrun/delay
617959,Rehabilitation & Widening work for 2 Lane with Paved Shoulder of Existing NH-80 from km 70.15 to Km 121.025 of Munger-Suttanganj -BhagatpurMirzachowki section on EPC Mode in the State of Bihar.,619010,Up-gradation to 2 lane with paved shoutders of Pawlrang - Rulchawm section- of NH- 102B of Aizawl - Imphal Economic Corridor from Existing Chainage km 72.030 to km 104.129 including 2.459 km re-alignment section from Tuivai River to Rulchawm connecting km 48.150 of NH-6 [Design Chainage km 68.170 to km 98.579] in the State of Mizoram under Bharatmala Pariyojna on EPC mode under NHO-NE Package-3 Keifang- Tuivai Pkg-3,NHIDCL,0.0,2.0,Recovered / on track
617961,Gaya-Hisua-Rajgir-Nalanda-Biharsharif section km0.00 to 92.935 NH-82,619217,4L of Haridwar-Nagina section from km. 0.00 to km. 71.614 of NH-74,National Highways Authority of India [NHAI],-2.2,70.0,Significant overrun/delay
617966,Rehabilitation and Upgrading to 2 lanes/2-lane with paved shoulders configuration and strengthening of of Birpur and Bihpur Section from km 0.0 to Km 106 of NH 106 under phase I of National Highways Interconnectivity Improvement Projects NHIIP ICB No. NHIIP-BR-106-7 [NHIIP-BR-106-7],618523,Bhadrak KM 136.500 to Baleshwar KM 199.141,National Highways Authority of India [NHAI],65.1,62.0,Significant overrun/delay
617969,Construction of 4 Lane ROB and its approaches at the level crossing LC No 29 B of Km 29 Ekangarsarai at NH 110 New NH 33 & Railway Km 32.63 at Fatwa FUT Islampur IPR section in the state of Bihar on EPC mode.,618095,Widening to Two Lane with Paved Shoulders from Km 0.00 Design Chainage 0.00 to Km 23.338 Design Chainage 23310 of NH-166E MH/KNT Border- Kanamadi- Bijjargi- Tikota section in the state of Karnataka in EPC Mode under Annual plan 2022-23 NH- 166E-KNT-2022-23-974,MoRTH,0.0,0.0,Recovered / on track
618004,Construction of Bhabhua Bypass from Ch. 10800Design Ch. 10800 to Ch. 19860 Design Ch. 18150 and Chand Bypass from Ch. 38060 Design Ch. 36250 to Ch. 40460 Design Ch. 38650 and widening of existing road to 2 - lane with Paved shoulder from Ch. 40460 Design Ch. 38650 to Ch. 46860 Design Ch. 45050 of NH-219 Total length- 16.150 Kmunder EPC mode in the state of Bihar,618122,Widening to 2 lane with paved shoulded of Jareikela Jharkhand/Odisha Border - Dhabaleswar section from 0/0 to 36/0 of NH-320D in the State of Odisha under Annual Plan 2021-22.,MoRTH,0.0,0.0,Recovered / on track
618005,Sheohar-Sitamarhi Section km 40.000 to 79.400 km Lot-I,618143,widening to two lane with Paved shoulders from Km.0/970 to Km.40/410 of Jangaon - Thirumal giriof NH- 365B in the state of Telanganaon EPC mode under NHO Annual Plan 2016-17,MoRTH,0.0,0.0,Recovered / on track
618006,Sitamarhi-Jaynagar Section km 79.400 to km 156.500 Lot-II,619067,6L of Chiloda-Naroda section from Km. 540.595 to Km. 555.595 of NH-8Package-VII,National Highways Authority of India [NHAI],29.8,84.0,Significant overrun/delay
618007,Jaynagar-Narahia Section km 156.500 to km 219.945 Lot-III,618239,"Rehabilitation & Upgradation of NH214New NH-216 from Km 34/230 to Km 84/550 Losari to Machavaram Section to two lane with paved shoulder in the state of Andhrapradesh under NHDP-IV through Engineering, Procurement& Construction EPC mode.",MoRTH,3.2,82.0,Significant overrun/delay
618073,Improvement to Two lane with Paved Shoulder from Junction of NH22 near Hajipur to Junction of NH -122 at Bachhwara via Mahnar and Mohiuddin Nagar from Km 0.00 to Km 29.730 of NH 122 B in the State of Bihar.,618824,"Development to 4-laning of the de-scoped stretches from Km 115.342 to Km 191.700 of NH-34 in Nadia District 3.962 & Murshidabad District 5.538 pertaining to Krishnagar to Berhampore section of NH-34 New NH-12 , in the state of West Bengal under NHO.",National Highways Authority of India [NHAI],-1.7,12.0,Significant overrun/delay
618074,Pre construction activity of NH 122B from km 0 to 72.348 and Improvement to two lane with paved shoulders of NH 122B from km 29.730 to km 72.348 in state of Bihar under EPC mode,618885,Construction of Four Lane Highway from Ghazipur- Ballia-UP/Bihar State Border Greenfield section of NH-31 Package IV [from Buxur Spur of length km 17.270 on EPC Mode in the state of Uttar Pradesh.,National Highways Authority of India [NHAI],-11.1,14.0,Significant overrun/delay
618080,Improvement to two lane with paved shoulders of BH WB Border Amdabad Manihari section from design Km 0.000 to Km 23.945 of NH 131 A Total length 23.945 Km under EPC mode in the state of Bihar,617971,Up-gradation to Two/Four lane with paved shoulder Configuration of Kondagaon- Narayanpur from design ch. 0.00 - 48.693 Design Length 47.493 Km. 1.20 Km. retained on NH-130D under EPC mode in the State Chhattisgarh.,MoRTH,0.0,0.0,Recovered / on track
618120,construction of Four-Lane of chausa-Buxar Bypass from Km 45.000 to Km 65.915 Package - 2 in the State of Bihar on EPC Mode.,618252,"Improvement and Up-gradation to two Lane with Paved Shoulder/Four Lane configuration from existing Km 130.000 to Km 191.000 design km 131.500 to Km 188.735, Design length 57.235 Km of NH-227A near Barhalganj to Mehrauna Ghat in the state of Uttar Pradesh on Hybrid Annuity Model HAM basis",MoRTH,38.0,0.0,Significant overrun/delay
618121,Improvement to two lane with paved shoulders of NH-319A from km 0 to km 45 in state of Bihar under EPC mode,618141,Widening and Improvement of existing carriage way to 2 lane with paved shoulders from Km. 86/160 to 131/730 of Jangaon-Duddeda section of NH-365B in the State of Telangana on EPC Mode,MoRTH,0.0,17.0,Significant overrun/delay
618126,"Pre-Construction activities from Km 134.000 to Km 190.233 of NH-333A and Construction of 4 no. of Bypasses at Katoria, Lakhpura, Banka & Panjwara total length-14.359 Km to two lane with paved shoulders standard in State of Bihar.",618146,Estimate for Improvement to two lane with paved shoulder from Ramnagar to Roseda from km 3.500 to 43.000 of NH 527 E on EPC mode in State of Bihar,MoRTH,0.0,12.0,Significant overrun/delay
618146,Estimate for Improvement to two lane with paved shoulder from Ramnagar to Roseda from km 3.500 to 43.000 of NH 527 E on EPC mode in State of Bihar,618043,Upgradation and reconstruction of Dindori - Mandla Section of NH 543 from Km 77100 Design to Km 170580 Design Total length 93.48km to Two lane with paved shoulder configuration along with One time improvement in 04 nos of bypassed built-up areas in a total length of 7.23 km in the state of Madhya Pradesh on EPC mode,MoRTH,6.4,0.0,Significant overrun/delay
618228,construction of a new 4 lane Parallel to existing MG Setu with its approaces from km 0.00 to km 14.500 across river Ganga on NH-19 at Patna in the state of Bihar.,618846,Poondiyankuppam Km.67.000 to Sattanathapuram Km.123.800,National Highways Authority of India [NHAI],-9.6,29.0,Significant overrun/delay
618234,Construction of a new 4-lane major bridge across river Kosi at Phulaut including Rehabilitation and upgradation of existing Birpur and Bihpur section of NH-106 from km 106.000 to km 136.000 to 2-lane with paved shoulders in the State of Bihar on EPC mode,618845,Puducherry Km.29.000 to Poondiyankuppam Km.67.000,National Highways Authority of India [NHAI],-10.9,31.0,Significant overrun/delay
618246,Construction of New 4-Lane Bridge Parallel to existing Vikramashila Setufrom km 8920 to Km 13375including approach road 35m Naugachhia side &53 m Bhagalpur sideacross River Ganga on newly declared NH-131B at Bhagalpur in the State of Bihar,619130,Mahabalipuram - Pondicherry Pkg-II [Mugaiyur to Marakkanam],National Highways Authority of India [NHAI],31.1,14.0,Significant overrun/delay
618250,Construction of 6-Lane Elevated / Extra Dose Cable Bridge on River Ganga parallel to & Western side of Digha-Sonepur Rail cum-Road Bridge of NH 139W in the State of Bihar,618568,4/6L Southern Ayodhya Bypass from Km 5.000 to Km 37.172 starting near Km. 112.540 and ending at Km. 153.281 of NH-27,NHAI,-22.0,0.0,Recovered / on track
618251,"Improvement and Up gradation to four lane with Paved shoulder configuration from Existing Km 0000 to Km 39500 design km 0500 to Km 40342, Design length km of NH 227A near Mehrauna GhatUP Bihar Border to Siwan on the state of Bihar on Hybrid Annuity Model HAM basis",618248,Widening to 4 lane from km. 139.00 to km 179.20 of NH-135A Pkg-III Jaunpur Akbarpur section and Akbarpur bypass on Hybrid Annuity Mode in the state of Uttar Pradesh.,MoRTH,0.0,0.0,Recovered / on track
618569,Balance work - WB-10 Gandak Bridge Km 402.00 to Km 440.00 Devanpur - Kotwa,618298,Widening/Improvement of existing 2-Lane road to 4-Lane Divided Highway from Sekmai to Nilakuthi section of Imphal-Kohima Road Design Chainage from Km 297700 to Km 308729 of NH-39 New NH-02 in state of Manipur on EPC mode Pkg-5B,NHIDCL,0.0,41.0,Significant overrun/delay
618570,4L Elevated Highway and at grade improvements at Gopalganj Town from Km. 384.000 to Km. 386.750 on NH-27,618085,Upgradation of Nasrullagani-Rehti-Budhni Scction to 2-lane with paved shoulder from Km 0150 to Km 50500 of NH-146B in the state of Madhya Pradesh on EPC mode.,MoRTH,-3.7,20.0,Significant overrun/delay
618571,Permanent rectification of 3 nos. of black spots in project Highway NH-27 of U.P border - Dewapur - Kotwa section from Km.360.915 to km.440.000 Total Length of 79.085 Km of NH-27& Permanent rectification of 5 nos. of black spots of project Highway NH-27 of Kotwa - Mehsi - Muzaffarpur Section from km.440.000 to km.520.000 Total length 80.00Km,617904,Construction of Bypass road to Balangir town from km 72/400 Desing km 0/0 to km 79/800 Design km 11/670 of NH-26 in the State of Odisha.,MoRTH,0.0,9.0,Significant overrun/delay
618582,4L of Galgalia - Bahadurganj section from Km 0.000 to Km 49.000 Package-I of NH327E,618485,Delhi-Amritsar-Katra Expressway Phase-I Pkg-IV from Junction with Jind-Karnal road NH-709A near Alewa village to Junction with Ambala-Kaithal-Hissar road NH-152 near Kharak Pandwa village Km 91400 to Km 120250,National Highways Authority of India [NHAI],20.8,3.0,Significant overrun/delay
618583,4L of Bahadurganj Araria section from Km 49.000 to Km 94.000 Package-II of NH- 327E,618865,4L from Gaju Village at Km. 32.982 to Devinagar Bypass End at Km. 208.000 of NH- 530B Pkg-1C.,National Highways Authority of India [NHAI],8.1,0.0,Significant overrun/delay
618725,6L Greenfield Varanasi-Ranchi-Kolkata Highway from Pachmon village to Anarbansalea village From KM. 116000 to KM. 151200 Package-6,618162,"Improvement and up-gradation to 2LPS of NH-227B 84-Kosi Parikrama Marg PackageVI, Design Km 160200 Bahuvan Madar Majha to Km 224040 Jagarnathpur under HAM",MoRTH,0.0,0.0,Recovered / on track
618726,6L Greenfield Varanasi-Ranchi-Kolkata Highway from junction with Chandauli- Chainpur Road near Khainti village to junction with Bhabhua-Adhaura road near Palka village from Km. 27.000 to Km. 54.000 Pkg-2,618930,4L PS from Ch. 94.030 in Jabugam Village to Ch. 132.320 in Dhamasiya Village of NH-56 Pkg-III,National Highways Authority of India [NHAI],-24.4,0.0,Recovered / on track
618727,6L Greenfield Varanasi-Ranchi-Kolkata Highway from junction with Bhabhua-Adhaura road in Bhairopur village to Konki village From KM. 54.000 to KM. 90.000Pkg-3,618248,Widening to 4 lane from km. 139.00 to km 179.20 of NH-135A Pkg-III Jaunpur Akbarpur section and Akbarpur bypass on Hybrid Annuity Mode in the state of Uttar Pradesh.,MoRTH,0.0,0.0,Recovered / on track
618738,6L Bridge and its approaches across River Ganga as Part of Patna Ring Road NH- 131G starting from Km 8.480 near Sherpur to Km 23.000 near Dighwara,618914,"4L Elevated Corridor and at-grade improvements from Design Ch0000 to Design Ch 19870 of Danapur Bihta Section, Design Ch0000 to Design Ch0231 connecting the existing RoB near Danapur station ,1.35 Km ramps and at-grade improvements to 4- lane section on Danapur side and Upgradation of existing Two lane carriageway to Four Lane carriageway from Design Ch19870 to Design Ch23500 of Bihta - Koilwar section",National Highways Authority of India [NHAI],-40.8,11.0,Significant overrun/delay
618739,4L Greenfield Alignment of Amas to Shivrampur from 0.000 Km. to 55.002 Km. of NH 119 D Pkg-I,619140,6L of Naidupeta Junction - Turpukanupur Section from km 57.046 to km 91.927,National Highways Authority of India [NHAI],-31.0,16.0,Significant overrun/delay
618740,4L Greenfield Alignment of Shivrampur to Ramnagar from Km. 55.002 to Km. 109.300 of NH 119 D Pkg-II,618828,4L from Km 219.600 Khajuri to Km 260.483 Wyndhamganj on NH-75 Sec-V,National Highways Authority of India [NHAI],2.0,8.0,Significant overrun/delay
618741,4L Greenfield Alignment from Kalyanapur to Tal Dashraha of NH-119D Pkg-III,618722,6L access Controlled Greenfield Highway from Gogwan Jalalpur Shamli to Ranipur Barsi Saharanpur of Shamli -Ambala section Package-I Design Ch. Form km 00.600 to km 45.500,National Highways Authority of India [NHAI],-32.3,14.0,Significant overrun/delay
618742,"Construction of 6-lane Greenfield corridor from Ramnagar to Kacchi Dargah NH-119D from Km 109700 to Km 122300, including widening of the existing NH-31 from Km 196700 to Km 198600, as part of the Amas-Darbhanga.",618619,Bypass on Western side of Gwalior City,National Highways Authority of India [NHAI],0.0,0.0,Recovered / on track
618774,Ara - Mohania Pkg-II,618503,Ahmedabad - Dholera Pkg III from km. 48.52 to km. 71.06 [Vejallka Village - Start of DSIR zone],National Highways Authority of India [NHAI],11.7,34.0,Significant overrun/delay
618775,Ara Bypass,618886,Road Safety Improvement of Critical Junctions on MuzaffarnagarHaridwar Section of NH-334 from Km 143000 to Km 196000,National Highways Authority of India [NHAI],-100.0,0.0,Recovered / on track
618779,4L of Aurangabad-Paithan,619063,4L Greenfield spur from Delhi-Vadodara Greenfield expressway near Bandikui to Jaipur,National Highways Authority of India [NHAI],32.7,17.9,Significant overrun/delay
618790,Construction of four laning of Bakarpur- Manikpur road section starting from village Chitarsenpur km 0000 and terminating at SH-74 near Manikpur 38814 at NH-139W under Bharatmalapariyona,618249,Widening to 4 lane from km. 108.50 to km 139.00 of NH-135A Pkg-II Jaunpur Akbarpur section on Hybrid Annuity Mode in the state of Uttar Pradesh,MoRTH,0.0,0.0,Recovered / on track
618791,4L PS under NH configuration of Manikpur-Sahebganj of NH-139W,618950,Construction of Bypass to NH-114A Connecting NH-333 and NH-133 Deoghar Bypass from design km 0.000 to design Km 49.000,National Highways Authority of India [NHAI],0.0,0.0,Recovered / on track
618839,Aunta - Simaria including Ganga Bridge,618958,2L with ES of Yagyi - Kalewa section from Milepost 40/0 to Milepost 115/5 in Myanmar,National Highways Authority of India [NHAI],0.0,49.0,Significant overrun/delay
618840,Simaria Km. 206.050 to Khagaria Km. 266.282,619146,Kagvadar - Una Package-IV,National Highways Authority of India [NHAI],27.3,80.0,Significant overrun/delay
618841,4L Elevated Section and at-grade improvements at Begusarai town Simaria - Khagaria section from Km. 221.047 to Km. 225.302 of NH-31,618334,Widening to 2 Lane with Paved shoulder of lmphal to Jiribam section of NH-37 from Design Ch. from km 131.280 to km 169.570 on EPC mode in Manipur under NHO- TSP PKG-6,NHIDCL,0.0,14.9,Significant overrun/delay
618861,Bakhtiyarpur-Rajauli Pkg-II from km. 54.405 to km.101.630,619308,6L access-controlled highway from Ganeshpur tonear Mohand of Ganeshpur Dehradun section from Km.0 to Km.8.3 of NH-72A Package-1,NHAI,-0.1,33.0,Significant overrun/delay
618862,Bakhtiyarpur-Rajauli Pkg-III from km. 101.630 to km.152.520,618490,Delhi-Amritsar-Katra Expressway Phase-I Pkg-X from Jn. with Jalandhar - Moga road NH-703 to Jn. with Jalandhar-Kapurthala road NH-703A and to Jn. with Kapurthala - Sultanpur Lodhi road NH-703A km 000 to km 24000 to Amritsar connectivity,National Highways Authority of India [NHAI],-5.3,14.0,Significant overrun/delay
618902,Maheshkunt-Saharsa-Purnea Pkg I km 0.00 to km. 90.00 of NH-107,619158,4 Laning of Duburi Chandikhole from km 388.376 to km 428.074 Pkg-III,National Highways Authority of India [NHAI],15.0,46.0,Significant overrun/delay
618903,Maheshkunt -Saharsa-Purnea Pkg II,618512,Tunnel at Khambataki Ghat Section and its approaches from existing Km. 771.730 to existing Km. 782.000,National Highways Authority of India [NHAI],-10.0,53.9,Significant overrun/delay
618904,Chhapra - Hajipur from km. 143.200 to km. 209.200,619074,6-laning of Krishnagiri Km.0.000 to Walajahpet Km.148.300 section on NH-46 under NHDP-V,National Highways Authority of India [NHAI],-53.3,150.0,Significant overrun/delay
618905,Widening with additional 3L abetting Chhapra Bypass Section of NH-19 from Km. 143.200 to Km. 159.255 Pkg-1,618609,Construction of 4L Flyover from MES College Junction to Bogmalo Junction on NH- 566 from Km. 7.106 to Km. 10.460 and 4L VUP at Queeny Nagar Junction from Km. 3.330 to Km. 4.550,National Highways Authority of India [NHAI],-31.7,10.0,Significant overrun/delay
618914,"4L Elevated Corridor and at-grade improvements from Design Ch0000 to Design Ch 19870 of Danapur Bihta Section, Design Ch0000 to Design Ch0231 connecting the existing RoB near Danapur station ,1.35 Km ramps and at-grade improvements to 4- lane section on Danapur side and Upgradation of existing Two lane carriageway to Four Lane carriageway from Design Ch19870 to Design Ch23500 of Bihta - Koilwar section",618602,6L of Thalikulam to Kodugallur section from km 369.015 to km 397.850 of NH - 66 old NH-17,National Highways Authority of India [NHAI],0.0,15.9,Significant overrun/delay
618915,4L of Bal. works of Patna - Gaya -Dobhi Pkg-II from km. 39.00 to km. 83.00 of Old NH- 83,618462,Delhi-Vadodara Greenfield Alignment NH-148N Pkg-31 Ch.824920 to Ch.844382 [Junction near Pratap nagar Village - Junction near Dodka Village],National Highways Authority of India [NHAI],0.4,36.0,Significant overrun/delay
618916,4L of Bal. works of Patna - Gaya -Dobhi Pkg-III from km. 83.00 to km. 127.217 of Old NH-83,618456,Delhi-Vadodara Greenfield Alignment NH-148N Pkg-14 Ch. 388.420 to Ch. 419.000 [Junction with NH- 76 to Junction with NH-12 near village Ummedpura],National Highways Authority of India [NHAI],6.7,22.0,Significant overrun/delay
618917,4L Greenfield starting from NH-30 near Saristabad Patna to Nathupur Project end point of Patna-Gaya-Dobhi Section of NH-83,618565,Strengthening of existing 4L Ayodhya Bypass Section from design Km. 121 600 to Km. 144020 of NH 28 New NH 27Pkg-3,NHAI,-46.6,5.0,Significant overrun/delay
618926,4L of Siwan- Masrakh section of Ram Janki Marg from Km 230.385 to Km 281.391 of NH-227A,618669,4 -Laning of MP/UP Border to Kabarai section of NH-34&35 from km 197.000 to km 242.991 Length 45.991 Km Sagar-Kabrai Package-5 under Bharat Mala Pariyojana EC in MP & UP on HAM,National Highways Authority of India [NHAI],-12.7,-1.0,Recovered / on track
618953,Umagaon-Saharsa Package-IV Koshi Bridge & approach Road - Bheja-Bakaur,619094,Thorapalli - Agraharam - Jittandahalli Section from km 23.350 to km 60.100 [Hosur to Dhamrapuri Pkg-2],National Highways Authority of India [NHAI],2.3,36.0,Significant overrun/delay
618954,Umagaon - Saharsa Package - I Combined Umagaon-Kaluahi0.000KM to 21.609Km of NH227LSaharghat-Rahika0.000 Km to 26.130KM of NH227JRahika-Rampatti 0.00 KM to 15.00KM of NH527ABideshwarsthan-Bheja0.000KM to 25.915KM of NH527A.,619102,4 L of China Orampadu-Renigunta section of NH-716 Package-II of Kadapa- Renigunta section,National Highways Authority of India [NHAI],0.0,0.0,Recovered / on track
618955,2L PS of Majhauli to Charout section from km. 0.00 to km. 63.655,618825,Bridge over Ganga River at d/s of Farraka Barrage including Approaches connecting Farakka-Raiganj,National Highways Authority of India [NHAI],3.9,57.0,Significant overrun/delay
618956,Construction of Major Bridge over Baghmati and Lakhandei River along with Approaches from Design km.16.500 to km.21.500,619253,Construction of 4 lane Bypass to Nalgonda Town lrorn Km 000 Existing Ch. 181590 to Km 14.00 Existing Ch. 28/685 ol Nakrekal to Nagarjunsagar Section of NH -565 in the State of Telangara on EPC under Annual Plan 2024 -25,MoRTH,0.0,0.0,Recovered / on track
619127,4L of Greenfield Alignment from Km. 47.000 to Km. 89.210 of Balbhadarpur to Bela Nawda Section of NH-119D,619211,6L of MH/KN Border Nimbal Village to KN/TS Border Singnodi Village from Km. 97.000 to Km. 162.500 in Yadgir of NH-150C Pkg-III,National Highways Authority of India [NHAI],-1.8,11.0,Significant overrun/delay
619136,Rehabilitation and Upgradation of Chorma - Bairgania Section of National Highway No 227F to 2 lane with paved shoulders from Design Ch.0.000 to Ch. 34.566,618686,Outer Ring Road of Jabalpur Town from Kushner to Amjhar Road including Airport Connectivity Pkg-IV,National Highways Authority of India [NHAI],-16.8,3.0,Significant overrun/delay
619152,Bakhtiyarpur Km 153.300 to Mokama Km 197.900,617946,Kashedi to Parshuram Ghat section of NH-66 from Km 161/600 - Km 205/400 - 4L PS,MoRTH,0.0,70.0,Significant overrun/delay
619166,Umagaon-Saharsa Package-V Bakaur-Parsarma-Bangaon-Bariyahi & Spur to Mahishi,619101,4L Shahpur to Muktainagar from Km. 186.000 to km 216.278 of NH 753L Pkg II of Boregaon Buzurg to Muktainagar,National Highways Authority of India [NHAI],-15.9,7.0,Significant overrun/delay
619289,4L of Munger Mirzachauki section from Munger to Kharia village junction from Km 69520 to Km 95580 Pkg-1,619305,4L of Munger Mirzachauki section from start of existing Bhagalpur bypass to Rasulpur from Km 125000 to Km 157350 Pkg-3,NHAI,14.4,26.0,Significant overrun/delay
619301,Construction of Approach Road to Rail-cum- Road Bridge across river Ganga at Munger Ghat NH-333 B,618523,Bhadrak KM 136.500 to Baleshwar KM 199.141,National Highways Authority of India [NHAI],65.1,62.0,Significant overrun/delay
619305,4L of Munger Mirzachauki section from start of existing Bhagalpur bypass to Rasulpur from Km 125000 to Km 157350 Pkg-3,618486,Delhi-Amritsar-Katra Expressway Phase-I Pkg-V from Junction with Ambala-Kaithal- Hissar road NH-152 near Kharak Pandwa village to Junction with Patiala-Samana- Patran road SH-10 near Ghagga village Km 120250 to Km 157920,National Highways Authority of India [NHAI],31.0,24.0,Significant overrun/delay
619306,4L of Munger Mirzachauki section from Km 95580 to Km 125000 Pkg-2,619153,4L of HP/Punjab Border - Mo from km. 11.00 to km. 42.00 of Old NH-20 New NH-154 Package-IA,National Highways Authority of India [NHAI],36.0,28.0,Significant overrun/delay
617908,Bemetara Bypass NH 30,619187,"Slope protection and landslide mitigation at 4 vulnerable locations km 1.950 to Km 2.100, km 11.100 to 11.450, km 22.435 to km 22.485 and km 22.610 to km 22.680 within Sevoke-Rangpo section of NH-10 old NH-31A in Darjeeling & Kalimpong district in the State of West Bengal on EPC mode",NHIDCL,0.0,0.0,Recovered / on track
617919,Construction of 4 Nos Grade separtor between km. 281.000 to km. 307.600 km. 286.400 kumhari km. 299.000 Transport Nagar km. 302.000 Power House km. 304.000 Chandra Moura Chowk to km. 305.000 supeia of NH-53 old NH-06 Raipur - Durg 4 Lane on EPC mode in the state of chhattisgarh job NO. NH-53old NH-06 CG- 2017-18-56,618804,Dedicated Port road to Krishnapatnam Port Package-I from Km. 0.000 to Km. 18.000,National Highways Authority of India [NHAI],-2.1,68.0,Significant overrun/delay
617971,Up-gradation to Two/Four lane with paved shoulder Configuration of Kondagaon- Narayanpur from design ch. 0.00 - 48.693 Design Length 47.493 Km. 1.20 Km. retained on NH-130D under EPC mode in the State Chhattisgarh.,618080,Improvement to two lane with paved shoulders of BH WB Border Amdabad Manihari section from design Km 0.000 to Km 23.945 of NH 131 A Total length 23.945 Km under EPC mode in the state of Bihar,MoRTH,0.0,0.0,Recovered / on track
617972,Upgradation to Two lane with Paved Shoulder Configuration of Narayanpur Kasturmeta pkg-II from design ch. 48.693 to 70.453 design length21.760 Km. on NH-130D under EPC mode in the state of Chhattisgarh.,619183,Widening of Existing Road from Intermediate Lane 2-lane to 4-lane Between Km 19.994 to Km 35.180 of NH-848A Rakholi-Khadoli-Velugam Section in U.T. of Dadra and Nagar Haveli and Daman and Diu,MoRTH,21.0,0.0,Significant overrun/delay
617973,Strengthening and widening of existing 2 lane road to two lane paved shoulder from km 7.750 to 26.542 & km. 32.093 to 45.786 of NH-130 on EPC mode in the state of chhattisgarh.job No. 130-CG-2017-18-348,618143,widening to two lane with Paved shoulders from Km.0/970 to Km.40/410 of Jangaon - Thirumal giriof NH- 365B in the state of Telanganaon EPC mode under NHO Annual Plan 2016-17,MoRTH,0.0,0.0,Recovered / on track
618014,"Upgradation of Ambikapur-Ramanujganj-Garwa road of NH-343, Package-III, Badki mahri village to Ramanujganj section from existing km 80.600 to km 110.330 Design Ch. 85.370 to Ch. 114.800 of total length 29.430 km to two lane with paved shoulders udner corridor scheme under EPC Mode in the of Chhattisgarh",618004,Construction of Bhabhua Bypass from Ch. 10800Design Ch. 10800 to Ch. 19860 Design Ch. 18150 and Chand Bypass from Ch. 38060 Design Ch. 36250 to Ch. 40460 Design Ch. 38650 and widening of existing road to 2 - lane with Paved shoulder from Ch. 40460 Design Ch. 38650 to Ch. 46860 Design Ch. 45050 of NH-219 Total length- 16.150 Kmunder EPC mode in the state of Bihar,MoRTH,0.0,9.0,Significant overrun/delay
618015,"Upgradation of Keonchi - Ratanpur Road of NH 45 Package-I, from design chainage km 237.860 to km 273.200 of length 35.340 km to two lane with paved shoulders under Corridor scheme on EPC mode in the state of Chhattisgarh.",618571,Permanent rectification of 3 nos. of black spots in project Highway NH-27 of U.P border - Dewapur - Kotwa section from Km.360.915 to km.440.000 Total Length of 79.085 Km of NH-27& Permanent rectification of 5 nos. of black spots of project Highway NH-27 of Kotwa - Mehsi - Muzaffarpur Section from km.440.000 to km.520.000 Total length 80.00Km,National Highways Authority of India [NHAI],41.4,7.0,Significant overrun/delay
618016,"Upgradation of Ambikapur Ramanujganj - Garhwa Road NH 343 of Package-I, Rajpuri Khurd Village to Padih Village section from existing km 7.830 to km 57.650 Design Ch. 13.700 to Ch. 62.700 of total length 49.00 km to two lane with paved shoulders under EPC mode in the state of Chhattisgarh",618185,Widening to 2LPS from Km 0.000 to 37.850 Except Ex. Km 24.45 to 27.20 of NH-766c Byndoor-Ranebennur Section in the state of Karnataka on EPC Mode under Annual Plan 2022-23 NH-766C-KNT-2022-23-969 dated 30.12.2022,MoRTH,0.0,0.0,Recovered / on track
618017,"Upgradation of Keonchi - Ratanpur Road of NH 45 Package-II, from design chainage km 278.75 to km 321.348 of length 42.598 km to two lane with paved shoulders under Corridor scheme on EPC mode in the state of Chhattisgarh.",618242,Widening and Reconstruction to 4-lane/4-lane with service road including structures from Pokharia More at Km 47.600 Ex. Km 50.230 to Govindpur at km 62.949 Ex. Km 65.325 of Nh-419 in the State of Jharkhand on EPC mode.,MoRTH,0.0,5.0,Significant overrun/delay
618018,Upgradation of Bilaspur-Takhatpur-Mungeli-Pandariya-Pondi Road on N.H.-130A Package IIIA Takhatpur By-pass from existing Ch. 26.542 to 32.093 [Design Ch. 18.700 to 25.900] & Mungeli By-pass from existing Ch. 45.786 to 56.275 [Design Ch. 29.600 to 51.600] and Package IIIB Pandariya By-Pass from existing Ch. 82.582 to 87.133 [Design Ch. 77.900 to 81.1000 & Pondi By-pass from existing Ch. 103.166 to 104.756 [Design Ch. 97.000 to 103.395] to two lane with paved shoulder configuration in the,618019,Upgradation & widening of Jharkheda- Berasia - Dholkhedi from design km 0000 to km 87900 Design length 87.90km of NH-346 including 3 nos. bypasses of 13.10 Km in the State of Madhya Pradesh under EPC mode.,MoRTH,0.0,13.0,Significant overrun/delay
618064,Up-gradation of NH-930 Sherpar to Kohka from Km.67880 to Km.114860 to 2LPS in Chhattisgarh under EPC mode,618226,Rehabilitation and upgradation to 2 lane with paved shoulder from existing chainage Km 30.053 to Km 49.150 design chainage Km 30.000 to Km 46.450 including Kandi Tunnel under 31 BRTF on Akhnoor-Poonch Road NH-144A Under Project Sampark in the UT of Jammu & Kashmir EPC modePackage-I Job no NH-144A-J&K-2020-21-83.,MoRTH,0.0,19.0,Significant overrun/delay
618078,Up-gradation of NH-130C Abhanpur to Paund from NH Km. 0000 to KM 40380 to two lane with paved shoulders in the State of Chhattisgarh on EPC mode.,618259,Two laning with paved shoulders of Paderu to GundigudaSection of NH 516E,MoRTH,0.0,12.0,Significant overrun/delay
618589,Durg-Raipur Bypass Section Package - 1 from km. 0.00 to km. 44.50 near Tendesara to near Khatti Village,618741,4L Greenfield Alignment from Kalyanapur to Tal Dashraha of NH-119D Pkg-III,NHAI,6.0,27.9,Significant overrun/delay
618590,Durg-Raipur-Arang Package - 2 from km. 44.50 to km. 92.23 near Khatti Village to near Aurang,618778,4L of Madanapalle to Pileru Section from Km 0.000 to Km 55.900 of NH-71Package-I,National Highways Authority of India [NHAI],6.2,17.0,Significant overrun/delay
618639,4L of Bilaspur to Urga km 0.00 to 70.2 of NH-130A,618700,Renigunta - Poyya - Naidupeta km 124.60 to km 183.4 of NH 71,National Highways Authority of India [NHAI],34.7,28.0,Significant overrun/delay
618640,4L of Urga - Pathalgaon from Km. 70.200 to km. 157.745 of NH-130A,619127,4L of Greenfield Alignment from Km. 47.000 to Km. 89.210 of Balbhadarpur to Bela Nawda Section of NH-119D,NHAI,-3.1,17.0,Significant overrun/delay
618673,Development of 6L of Jhanki Sargi Section Road from km 0.000 to km 42.800 of NH- 130CD Pkg-CG-1,618544,"4L twin tube tunnel including approaches from Digdol to Khuni Nallah North Bound connecting with existing major bridge on NB and South Bound connecting with Tunnel T4 ,Single tube tunnel of Ramban to Banihal Pkg-II of Old NH-1A New NH-44",National Highways Authority of India [NHAI],-27.2,26.0,Significant overrun/delay
618674,Development of 6L Sargi Basanwahi Section from km 42.800 to km 99.500 of NH- 130CD Pkg-CG-2,618865,4L from Gaju Village at Km. 32.982 to Devinagar Bypass End at Km. 208.000 of NH- 530B Pkg-1C.,National Highways Authority of India [NHAI],8.1,0.0,Significant overrun/delay
618675,Development of 6L of Basanwahi Marangpuri Section from km 99.500 to km 124.661 of NH-130-CD,618828,4L from Km 219.600 Khajuri to Km 260.483 Wyndhamganj on NH-75 Sec-V,National Highways Authority of India [NHAI],2.0,8.0,Significant overrun/delay
618849,Conversion of Partially Excavated Escape Tunnel to Uni-Directional 2L Tunnelincluding construction of cross passages and approach roads on either side of the tunnel from Km 12.732 to Km 14.568 of Kiratpur to Nerchowk Section of NH-21,618505,Additional Structures on 6LGurgaon-Jaipur Section of NH-48 between KM 42.700 to KM 273.00,National Highways Authority of India [NHAI],-29.0,25.0,Significant overrun/delay
618957,4 laning of Champa - Korba from km 0.00 to km 38.2,619306,4L of Munger Mirzachauki section from Km 95580 to Km 125000 Pkg-2,NHAI,21.0,27.0,Significant overrun/delay
619103,4/6 Laning of Raipur-Simga Pkg-I from km. 0.00 to km. 48.58,619117,Hassan km 184.912 to Maranahally km 230.060 of NH - 75 in Karnataka,National Highways Authority of India [NHAI],6.8,86.0,Significant overrun/delay
619167,4 Laning with PS of Pathrapalli-Katghora km 53.3 to km 92.6 Pkg-II of Bilaspur Kathghora,618380,Widening and Up-gradation to 2- Lane with Paved Shoulder Configuration and geometric improvement from Km. 125. 000 to Km 166 Package-3 on Aizawl Tuipang Section of NH-54 in the State of Mizoram Package-3,NHIDCL,0.0,24.0,Significant overrun/delay
619183,Widening of Existing Road from Intermediate Lane 2-lane to 4-lane Between Km 19.994 to Km 35.180 of NH-848A Rakholi-Khadoli-Velugam Section in U.T. of Dadra and Nagar Haveli and Daman and Diu,617972,Upgradation to Two lane with Paved Shoulder Configuration of Narayanpur Kasturmeta pkg-II from design ch. 48.693 to 70.453 design length21.760 Km. on NH-130D under EPC mode in the state of Chhattisgarh.,MoRTH,0.0,0.0,Recovered / on track
618509,Development of 6L UER II [Package - I] NH-1 Near Bakoli till Karala Kanjhawala Road from km. 0.70 to km.15.00,618710,DL/UP Border - EPE Crossing Pkg-02,National Highways Authority of India [NHAI],-5.6,30.0,Significant overrun/delay
618578,6L Access Controlled Highway from DND Maharani Bagh - Jn. with Jaitpur - Pushta Road of NH-148NA from km. 0.00 to km. 9.00 in NCR,618468,Vadodara Mumbai Expressway Phase II - Pkg XI [Km. 77.000 to Km. 103.400] Ganjad - Talsari,National Highways Authority of India [NHAI],25.5,23.0,Significant overrun/delay
619090,8L of Dwarka Expressway Pkg-II RuB near Dwarka Sector 21-DL/HR Border from 5.300 Km.to 9.500 Km. of NH-248BB,618579,6L of Anandapuram Pendurthi Anakapalli Section from km. 681.000 to km. 731.780 of NH-16,National Highways Authority of India [NHAI],17.0,58.0,Significant overrun/delay
619202,Dwarka Expressway from Km -0.600 to Km 5.300 - Pkg-I Shivmurti Chowk-RuB near Dwarka Sector 21,619090,8L of Dwarka Expressway Pkg-II RuB near Dwarka Sector 21-DL/HR Border from 5.300 Km.to 9.500 Km. of NH-248BB,National Highways Authority of India [NHAI],29.1,55.0,Significant overrun/delay
617941,4-Laning from End of Zuari approaches to Start of Margao Bypass section of NH-66 from Km 536.800 to Km 543.450,617926,Construction of new 4 lane major bridge with approaches on Sabarmati River near Dharoi at Km. 82/00 to 86/00 Design length 3.300 km on NH-58 in the State of Gujarat on Hybrid Annuity Mode HAM,MoRTH,0.0,0.0,Recovered / on track
617942,Construction of Six lane Elevated Corridor from Km. 508.000 to Km. 513.150 including approaches on NH-66,618556,"Construction of 26 VUPs, Major Bridge, Service Road etc. on Lalitpur-Sagar- Lakhnadon section of NH-44 NS",National Highways Authority of India [NHAI],0.0,3.0,Significant overrun/delay
618609,Construction of 4L Flyover from MES College Junction to Bogmalo Junction on NH- 566 from Km. 7.106 to Km. 10.460 and 4L VUP at Queeny Nagar Junction from Km. 3.330 to Km. 4.550,618905,Widening with additional 3L abetting Chhapra Bypass Section of NH-19 from Km. 143.200 to Km. 159.255 Pkg-1,National Highways Authority of India [NHAI],12.3,0.0,Significant overrun/delay
617906,Up-gradation of Dhoraji-Jamkandorna-Kalavad Section of NH-927D from Design Chainage km 0/00 to km 58/115 to Two lane with PS configuration in the State of Gujarat on EPC,617962,"Construction of Bypass to Madurai Achambathu Viratipathu in between km 6/850 10/382 of NH 49 Extn New NH 85 including Land Acquisition on Engineering, Procurement & Construction EPC basis Contract under NH O Annual Plan 2021-22 in the state of Tamil Nadu job No.NH-49 Extn New NH 85 - TN-2021-22-997",MoRTH,8.8,0.0,Significant overrun/delay
617916,Work of 6 laning/Construction of elevated corridor from km 0/0 to 10/170 Narol Junction to Sarkhej junction including 4 lane Shastri Bridge on Sabarmati river on NH 47 in the State of Gujarat on HAM mode,618832,4L from Km 55.00 Kuru to Km 95.400 Udaipura on NH-75 Sec-I,National Highways Authority of India [NHAI],0.0,0.0,Recovered / on track
617926,Construction of new 4 lane major bridge with approaches on Sabarmati River near Dharoi at Km. 82/00 to 86/00 Design length 3.300 km on NH-58 in the State of Gujarat on Hybrid Annuity Mode HAM,617941,4-Laning from End of Zuari approaches to Start of Margao Bypass section of NH-66 from Km 536.800 to Km 543.450,MoRTH,0.0,0.0,Recovered / on track
617927,Widening to 2LPS between Km 0/0 to 56/0 Khokhara Gujarat Border Vijayanagar Antrasuba Mathasur road of NH 58 in the State of Gujarat,618707,Additional works under BM1 to ensure road safety under 6L of Bengaluru Mysuru Access control with close toll from Km.17.300 to Km.136.300 of NH-275,National Highways Authority of India [NHAI],0.0,0.0,Recovered / on track
617928,"Widening 2 lane to 4-lane from KM 92/320 to Km 115/320 Vav Chokdi-Satlasana to to Vrundavan Chokdi, Kheralu on NH-58 in the State of Gujarat.",618068,"Construction of Kaithi-Padaria Kala bypass, Patna-Tamoli bypass, Jaso bypass and Nagod bypass total length 15.44 Km to 2-lane with paved shoulders flexible pavement on NH-943 in the State of Madhya Pradesh on EPC Mode.",MoRTH,0.0,14.0,Significant overrun/delay
617976,Work of development and construction of elevated corridorfrom km 38/660 to km 42/690 Iscon junction to start point of approach of sanand flyover of NH-147 in the sate of Gujarat,618076,Improvement and Widening two lannig with paved Shoulder of NH 127B from km 31.500 Goeragre to km 63.224 Package-II in state of Meghalaya,MoRTH,-30.4,0.0,Recovered / on track
617977,Development of Chiloda - Gandhinagar- Sarkhej ofNH-147 Package -II,618132,Widening & strengthening of existing carriageway in 2 lane with paved shoulders from km 25/0 to 59/2 design Ch km 25.467 to 59.200 of NH - 353C on EPC mode in the state of Telangana,MoRTH,0.0,0.0,Recovered / on track
618022,Upgradation to two lane with paved Shoulder Configuaration from Km. 0/00 to 47/000 of NH 351 Mahuva to Badhada section in the State of Gujarat,618045,"Construction of Mihona bypass, Lahar bypass, Daboh bypass & Bhander Bypass total length 20.60 km to 2-lane with paved shoulder from on Mihona-Bhander-MP/UP border section of NH 552E in the State of Madhya Pradesh on EPC mode",MoRTH,0.0,0.0,Recovered / on track
618107,Upgradation of Mehsana-Visnagar-vadnagar-Kheralu-Idar section from km 0/00 to 81/300 of NH 168G Mehsana to Idar in the State of GujaratTotal Length 81.300 Km on Hybrid Annuity Mode HAM,618402,"Construction of Intermediate Lane with Hard Shoulder of Hunli to Hayuliang from Design Km 0.000 to Km 53.000 Design Length 53.000 km, Greenfield Section of Frontier Highway NH-913 in the State of Arunachal Pradesh on EPC Mode Package-I",NHIDCL,0.0,1.0,Recovered / on track
618108,Up-gradation and strengthening to 2lanePS from Km 95/500 to km 129/775 of Nh 168G Idar-Bhiloda-Samlaji in the state of Gujarat Length 34.275 km,618209,Construction & up gradation of existing road to 2-Lane with paved shoulder from existing chainage km 468000 to km 489350 Design Chainage km 465150 to km 471500 of NH-07 Old NH-58 including Joshimath bypass on EPC mode in the state of Uttarakhand Length 6.35 km,MoRTH,0.0,23.0,Significant overrun/delay
618459,Delhi-Vadodara Greenfield Alignment NH-148N Pkg-26 Ch.696890 to Ch.726390,618468,Vadodara Mumbai Expressway Phase II - Pkg XI [Km. 77.000 to Km. 103.400] Ganjad - Talsari,National Highways Authority of India [NHAI],25.5,23.0,Significant overrun/delay
618460,Delhi-Vadodara Greenfield Alignment NH-148N Pkg-28 Ch.756052 to Ch.781282,619073,4L of 42.000 to km 80.00 of Dodaballapur Bypass to Hoskote section of NH-648 Old NH-207 [Bangalore Ring Road Pkg 2],National Highways Authority of India [NHAI],40.1,39.9,Significant overrun/delay
618462,Delhi-Vadodara Greenfield Alignment NH-148N Pkg-31 Ch.824920 to Ch.844382 [Junction near Pratap nagar Village - Junction near Dodka Village],618915,4L of Bal. works of Patna - Gaya -Dobhi Pkg-II from km. 39.00 to km. 83.00 of Old NH- 83,National Highways Authority of India [NHAI],-52.5,30.0,Significant overrun/delay
618463,Vadodara Mumbai Expressway Kim to Ankleshwar Phase IA - Pkg V,619218,4L Tumkur-Shimoga Pkg-I from Mallasandra to Karadi village of NH-206 from Km. 12.300 to Km. 65.195,National Highways Authority of India [NHAI],24.0,56.0,Significant overrun/delay
618464,Vadodara Mumbai Expressway Ena -Kim Phase IB - Pkg VI [Km 217.500 to Km 254.430],618490,Delhi-Amritsar-Katra Expressway Phase-I Pkg-X from Jn. with Jalandhar - Moga road NH-703 to Jn. with Jalandhar-Kapurthala road NH-703A and to Jn. with Kapurthala - Sultanpur Lodhi road NH-703A km 000 to km 24000 to Amritsar connectivity,National Highways Authority of India [NHAI],-5.3,14.0,Significant overrun/delay
618465,Vadodara Mumbai Expressway Gandeva to Ena Phase IB - Pkg VII [Km 190.00 to Km 217.500],619198,Vadodara Mumbai Expressway Phase II - Pkg XII [Km. 50.700 to Km. 77.000] Masvan - Ganjad,National Highways Authority of India [NHAI],39.6,26.0,Significant overrun/delay
618466,Vadodara Mumbai Expressway Jujuwa - Gandeva from Km. 154.600 to Km. 190.000 Phase-I Package-VIII,619068,Construction of Greenfield Connectivity to Jewar International Airport from DND- Faridabad-Ballabhgarh Bypass KMP Link - Spur to Delhi Mumbai Expressway,National Highways Authority of India [NHAI],19.3,22.0,Significant overrun/delay
618467,Vadodara Mumbai Expressway Karvad - Jujuwa from Km. 128.000 to Km. 154.600 Phase-I Package-IX,618868,4L from Devinagar Bypass End Existing Km. 208.000 of NH 530B/Design Km. 66.000 to Kasganj Bypass End Existing Km.150.100 of NH 530B/ Design Km. 123.100 of NH 530B,National Highways Authority of India [NHAI],-2.9,0.0,Recovered / on track
618501,Ahmedabad - Dholera Pkg I from km. 0.00 to km. 22.00 [Sardar Patel Ring Road - Sindhrej Village],618502,Ahmedabad - Dholera Pkg II from km. 22.00 to km. 48.52 [Sindhrej Village - Vejallka Village],National Highways Authority of India [NHAI],22.2,28.0,Significant overrun/delay
618502,Ahmedabad - Dholera Pkg II from km. 22.00 to km. 48.52 [Sindhrej Village - Vejallka Village],619199,Bangalore Chennai Expressway Phase-II Pkg-I from km.71.000 to Km 96.000 Bethamangala in the state of Karnataka to Byreddypalli,National Highways Authority of India [NHAI],0.0,-24.0,Recovered / on track
618503,Ahmedabad - Dholera Pkg III from km. 48.52 to km. 71.06 [Vejallka Village - Start of DSIR zone],618774,Ara - Mohania Pkg-II,National Highways Authority of India [NHAI],-16.0,28.1,Significant overrun/delay
618504,Ahmedabad - Dholera Pkg IV from km. 71.06 to km. 109.019 [Start of DSIR zone - Adhelai Village],619197,Delhi-Vadodara Greenfield Alignment NH-148N Pkg-27 Ch.729.700 to Ch.756.052,National Highways Authority of India [NHAI],6.2,26.9,Significant overrun/delay
618507,"Balance work of Six Laning of Shamlaji-Motachiloda from Km. 401.200 to Km.494.410 section Design Chainage Km.447.385 to Km 540.595, Length- 93.210 Km of old NH-8 NH-48 in the state of Gujarat on single Percentage Item Rate Contract",618439,"Construction of Balance Work of 4-Laning of the Section from Jorhat to Jhanji of NH- 37 Old from Km 453000 to Km 463000 10.000 Km, under SARDP- NE under EPC Mode in the state of Assam Pkg-I Road Works",NHIDCL,0.0,0.0,Recovered / on track
618508,Construction of Additional Structures including Approaches in Vadodara Surat Section of NH48 between existing Km. 108.000 to Km. 250.000,618736,4L Elevated corridor of Kalimandir-Dimna Chowk-Baliguma Jamshedpur Section of NH-33 New NH-18 from km 241940 to km 251961 Length 10.021 km,National Highways Authority of India [NHAI],-11.1,0.0,Recovered / on track
618564,6L with PS of Samakhiyali to Santalpur section from km. 339.700 to Km. 430.100 of NH-27,618800,Construction of New Double Tier 4L Elevated Corridor from Chennai Port to Maduravoyal in Chennai District from km -0.342 to Km 20.593 and Package II from Km 4.604 to Km 9.700,National Highways Authority of India [NHAI],0.0,18.0,Significant overrun/delay
618614,Sanchore - Santalpur from km 67.000 - km 99.000 of NH-754K AJ-RGBS-Package-3,618749,Khammam-Devarapalle Pkg V [4L Access Controlled Greenfield from Gurvaygudem village to Devarapalle village Design Chainage 132664 to 162126,National Highways Authority of India [NHAI],30.1,21.0,Significant overrun/delay
618615,Sanchore - Santalpur from km 99.000 - km 130.073 of NH-754K AJ-RGBS-Package-4,618448,Construction of 2-Laning with Paved Shoulder of New Greenfield Alignment From Chochenpheri at Km 52000 to Helipad near Menla at Km 82000 of Rhenock-Menla Spur NH-717B Package-IIIA on EPC Basis under SARDP-NE Phase 'A' in the State of Sikkim.,NHIDCL,-3.7,34.0,Significant overrun/delay
618616,4L of Dhrol bypass section of NH-151A Approx. length 5.7 Km & widening upto 4 laning of missing link of Amran section of NH-151A Approx. length 6.55 Km from existing Ch. 42000 to 48500 of ongoing Dhrol-Bhadra-Pipaliya section of NH-151A,617909,Construction of Rewa Bypass to 4-lane with paved shoulder along with service road from Ratahara Chowk to Chorhata Chowk Road section of NH-30 from km 00.000 to 19.200 in the State of Madhya Pradesh on Hybrid Annuity Mode HAM.,MoRTH,0.0,0.0,Recovered / on track
618699,Pipli Bhavnagar-Package 1 from km 136.025 to km 169.328,619157,4 Laning of Talcher to end of Kamakhyanagar Bypass km 8.844 - km 15.725 of NH- 149 and km 301.875 - km 335.946 of NH-53 Pkg-I,National Highways Authority of India [NHAI],2.0,62.0,Significant overrun/delay
618787,"Upgradation to 4L PS from Bhimasar, Junction of NH-41 to Anjar- Bhuj upto Airport Junction from Km 0.000 to Km 65.478 of NH-341",618516,6L from Sankeshwar Bypass to MH-KNT Border from Km. 555.017 to Km. 592.853 of NH-48 Pkg-II,National Highways Authority of India [NHAI],-23.2,19.0,Significant overrun/delay
618833,Kodinar - Veraval Package VI from km. 221.610 to km. 263.00 of NH-8E & km. 120.900 to km. 121.150 of NH-8D,617947,Arawali Kante section of NH-17New NH-66 4L PS from Km.241/300 to 281/300,MoRTH,43.3,76.0,Significant overrun/delay
618834,4L Kodinar - Veraval Package VI from km. 222.400 to km. 230.00 Kodinar Bypass of NH-8E NH 51 new,618000,Widening to 2-Lane with Paved Shoulders from Km 116.800 to 149.070Design Changes on Hosadurga - Holalkere Section of NH-173 in the State of Karnataka on EPC mode under Annual Plan 2021-22 Job no. NH-173-KNT-2021-22-946,MoRTH,-13.5,26.0,Significant overrun/delay
618835,4L of Bal Works of Talaja - Mahuva from 54.990 km. to 100.450 km. of Old NH-8E Package-II,618455,Development of External Trunk Connectivity and Internal Infrastructure Works at Multi Model Logistics ParkMMLP at Jogighopa in the State of Assam on EPC Mode Package-I Road and Utility Works,NHIDCL,0.0,29.0,Significant overrun/delay
618901,4L PS Divided Carriageway from Patan Near Rajpur to Gojariya From Km 52.000 to Km 128.940 of NH-68,618945,4L of Kodad Design Km 0.00/Existing Km 185.00 of NH-65 to Khammam Design Km 31.800/Existing Km 29.400 of NH-365A,National Highways Authority of India [NHAI],39.8,24.0,Significant overrun/delay
618930,4L PS from Ch. 94.030 in Jabugam Village to Ch. 132.320 in Dhamasiya Village of NH-56 Pkg-III,618726,6L Greenfield Varanasi-Ranchi-Kolkata Highway from junction with Chandauli- Chainpur Road near Khainti village to junction with Bhabhua-Adhaura road near Palka village from Km. 27.000 to Km. 54.000 Pkg-2,National Highways Authority of India [NHAI],8.1,0.0,Significant overrun/delay
618931,4L PS from Ch. 179.780 in Bitada/Movi Village to Ch. 208.900 in Nasarpore Village of NH-56 Pkg-V,619295,Four/Six laning of Bhaniyawala-Jollygrant-Rishikesh spur section of NH-07 from Km. 0.000 to Km 19.780,NHAI,-10.4,0.0,Recovered / on track
619067,6L of Chiloda-Naroda section from Km. 540.595 to Km. 555.595 of NH-8Package-VII,618006,Sitamarhi-Jaynagar Section km 79.400 to km 156.500 Lot-II,MoRTH,36.1,90.0,Significant overrun/delay
619087,Widening to 6L of Existing 4L Jetpur - Gondal - Rajkot Section from Km. 117.600 to Km. 185.00 on NH-27,619211,6L of MH/KN Border Nimbal Village to KN/TS Border Singnodi Village from Km. 97.000 to Km. 162.500 in Yadgir of NH-150C Pkg-III,National Highways Authority of India [NHAI],-1.8,11.0,Significant overrun/delay
619137,4L of Dwarka-Khambaliya-Devariya section from km 203.500 to km 176.500 and from km 171.800 to km 125.000 of NH-151A,619092,4L of Jind-Gohana road Package-1 from km. 0.00 to km. 40.601 of NH-352 A under NHO,National Highways Authority of India [NHAI],61.6,46.0,Significant overrun/delay
619145,Four Laning of Una to Kodinar from km. 180.478 to km. 221.610 Package-V,617947,Arawali Kante section of NH-17New NH-66 4L PS from Km.241/300 to 281/300,MoRTH,43.3,76.0,Significant overrun/delay
619146,Kagvadar - Una Package-IV,619145,Four Laning of Una to Kodinar from km. 180.478 to km. 221.610 Package-V,National Highways Authority of India [NHAI],28.4,67.0,Significant overrun/delay
619147,4L of Bal Works of Mahuva to Kagvadar from 100.450 Km. to 140.470 Km. of NH-8E Pkg- III,618455,Development of External Trunk Connectivity and Internal Infrastructure Works at Multi Model Logistics ParkMMLP at Jogighopa in the State of Assam on EPC Mode Package-I Road and Utility Works,NHIDCL,0.0,29.0,Significant overrun/delay
619148,4L of Bhavnagar - Talaja Package-I from Km. 6.945 to Km. 54.990 of Old NH-8E,617948,Kante - Wakad section of NH-66 4L PS from Km.281/300 to 332/200,MoRTH,80.8,72.0,Significant overrun/delay
619197,Delhi-Vadodara Greenfield Alignment NH-148N Pkg-27 Ch.729.700 to Ch.756.052,618504,Ahmedabad - Dholera Pkg IV from km. 71.06 to km. 109.019 [Start of DSIR zone - Adhelai Village],National Highways Authority of India [NHAI],15.0,29.0,Significant overrun/delay
618482,Delhi-Amritsar-Katra Expressway Phase-I Pkg-I from Jussur Kheri on NH-KMP Expressway to Junction with Rohtak-Panipat road NH-709 near Rukhi Paani village Km 0000 to Km 34000,618710,DL/UP Border - EPE Crossing Pkg-02,National Highways Authority of India [NHAI],-5.6,30.0,Significant overrun/delay
618483,Delhi-Amritsar-Katra Expressway Phase-I Pkg-II from Junction with Rohtak-Panipat road NH-709 near Rukhi Paani village to Junction with Jind-Panipat road NH-352A near Gangana village Km 34000 to Km 60800,619076,Six Laning of Vijayawada Bypass from Chinna Avutapalli to Gollapudi in Vijayawada - Gundugolanu Section from km. 0.00 to km. 30.00 Pkg-III,National Highways Authority of India [NHAI],19.1,38.9,Significant overrun/delay
618484,Delhi-Amritsar-Katra Expressway Phase-I Pkg-III from Junction with Jind-Panipat road NH-352A near Gangana village to Junction with Jind-Karnal road NH-709A near Alewa village Km 60800 to Km 91400,619076,Six Laning of Vijayawada Bypass from Chinna Avutapalli to Gollapudi in Vijayawada - Gundugolanu Section from km. 0.00 to km. 30.00 Pkg-III,National Highways Authority of India [NHAI],19.1,38.9,Significant overrun/delay
618485,Delhi-Amritsar-Katra Expressway Phase-I Pkg-IV from Junction with Jind-Karnal road NH-709A near Alewa village to Junction with Ambala-Kaithal-Hissar road NH-152 near Kharak Pandwa village Km 91400 to Km 120250,618582,4L of Galgalia - Bahadurganj section from Km 0.000 to Km 49.000 Package-I of NH327E,National Highways Authority of India [NHAI],0.0,0.0,Recovered / on track
618506,"Construction of Additional Structures, Improvement of Service Road & Maintenance of Six Lane Gurgaon-Jaipur Section of NH-48 old NH-8 between km 42700 to km 107100 in the State of Haryana",618159,"Construction of new 2 Lane with paved shoulders of NH Standards from km 0.080 to km 11.690 L11.610 km in Majuli and from km 19.715 to km 27.484 L 7.769 km in Jorhat on the newly declared NH 715K and construction of 1.10 km flyover on NH-715 with its approaches and service roads L1.10 km, Total Length 20.479 km in the State of Assam Job No. 715K/AS/2023-24/256",MoRTH,0.0,0.0,Recovered / on track
618580,Gohana - Sonipat PKG-2,618457,Delhi-Vadodara Greenfield Alignment NH-148N Pkg-10 Ch. 292.950 to Ch. 319.400 [End of Interchange on NH-166 near village Mui to Hardeoganj village near Indergarh],National Highways Authority of India [NHAI],-0.6,38.0,Significant overrun/delay
618788,4L Greenfield Jalbhera Shahbad section from km. 0.000 to km. 22.850 of NH-152G,618553,6L of Agra Bypass Northern connecting Km. 174.500 of NH-2 new NH-19 to Km. 141.000 of Yamuna Expressways,National Highways Authority of India [NHAI],8.0,14.9,Significant overrun/delay
618792,4L Bhiwani-Hansi road section of NH-148B,618013,4-laning of Puttaparthi-Koduru Section of NH-342,MoRTH,-31.0,7.0,Significant overrun/delay
618936,Jagadhari - Tajewala from Km -0.175 to 32.337 km of NH-344,619212,6L Access Controlled Greenfield Highway of Julekal village to Dinnedevarapadu village from Km 242.200 to Km 280.400 Pkg-2,National Highways Authority of India [NHAI],7.2,23.0,Significant overrun/delay
619080,4L PS of Ambala Ring Road of New NH-44,618912,Construction of Rudrapur Bypass Section from Km. 0.000 to 20.640 in the state of Uttar Pradesh & Uttarakhand,National Highways Authority of India [NHAI],6.2,3.9,Significant overrun/delay
619092,4L of Jind-Gohana road Package-1 from km. 0.00 to km. 40.601 of NH-352 A under NHO,619137,4L of Dwarka-Khambaliya-Devariya section from km 203.500 to km 176.500 and from km 171.800 to km 125.000 of NH-151A,National Highways Authority of India [NHAI],71.2,45.0,Significant overrun/delay
619132,4/6L of Gurgaon - Pataudi - Rewari from km. 0.00 to km.43.87 of NH-352W,618458,Delhi-Vadodara Greenfield Alignment NH-148N Pkg-15 Ch. 419.000 to Ch.427.300 [Junction with NH-12 near village Ummedpura to Major bridge over Takli river near Nayagaon Jageer village],National Highways Authority of India [NHAI],0.0,30.0,Significant overrun/delay
619201,Karnal ring road Lot-4/Pkg-1,619149,4L of Ratnagiri - Kolhapur section of NH-166 from km 0.000 to km 19.769 and km 31.000 to km 67.140 Pkg I,National Highways Authority of India [NHAI],18.8,24.0,Significant overrun/delay
618050,Rehabilitation and Upgradation to 2-lane/Intermediate lane configuration of Ashyari- Shri Kyari Section km 50.000 to km 75.000 of NH-707 in the state of Himachal Pradesh under Green National Highways Corridor Project GNHCP with the loan assistance of World Bank on EPC mode.,617887,Beawer Gomti 4LPS from km 58.245 to km 108.600 Pkg-I,MoRTH,0.0,26.0,Significant overrun/delay
618215,"Improvement/construction of existing CL-5 Road to NH Intermediate lane specification with hard shoulder from Km 166.000 to 203.77 net Length 37.770 kms of NH-505 Sumdo-Kaza-Gramphoo road in the state of Himachal Pradesh on EPC mode under project Deepak, BRO",618299,Improvement/Up-gradation of existing 2-Lane Road to 4-Lane Divided Highway from Daili to Kuraopokpi section of Imphal-Kohima road NH-02 Design Chainage from Km 274610 to Km 287000 in the state of Manipur on EPC mode Pkg-4B,NHIDCL,0.0,0.0,Recovered / on track
618216,"Improvement/construction of existing CL-5 Road to NH Intermediate lane specification with hard shoulder from Km 133.000 to 166.000 net Length 33.000 kms of NH-505 Sumdo-Kaza-Gramphoo road in the state of Himachal Pradesh on EPC mode under project Deepak, BRO",618338,Widening to 2-Lane with Paved shoulder of Imphal to Jiribam section of NH-37 from Design Chainage 15.940 km to 33.120 Km Existing Chainage Km 15.946 to Km 33.395 Total length17.180 Km in the State of Manipur on EPC mode PKG-2 - Balance Works & Rectification works,NHIDCL,0.0,2.0,Recovered / on track
618217,Improvement/construction of existing Class-5 Road to NH Intermediate lane specification with hard shoulder from existing Km 76/340 to 134/940 Design chainage from Km 76/300 to 133/000 net Length 56.700 kms of NH-505 Sumdo-Kaza- Gramphoo road in the state of Himachal Pradesh Package I,618285,Widening/Improvement to 4 -Lane with Paved Shoulder from Ch. 88.000km to Ch.99.930 km Design Ch.84.100km to Ch.96.000 km of Sagunbashi forest near Nichinta to starting of Krishnai Bypass Section of Bilasipura Guwahati road NH 17 on EPC Package-7,NHIDCL,0.0,3.0,Significant overrun/delay
618230,Rehabilitation and Upgradation to 2-lane configuration of Kalwahn-Mandi Section km 208.950 to 250.592 of NH-70 in the State of Himachal Pradesh under Green National Highways Corridor Project GNHCP with the loan assistance of World Bank on EPC mode.Package-3,618266,Rehabilitation and upgradation to 2-lane with paved sholuders configuration of Bewar- Allahaganj- section of NH-730C Km.0.000 to Km 52.770 pakage-I in state of Uttar Pradesh undergreen national Highway Corridor Project GNHCP with the loan assistance of world Bank on EPC mode.,MoRTH,4.6,19.0,Significant overrun/delay
618231,Rehabilitation and Upgradation to 2-lane configuration of Hamirpur-Karnohal Section km 141.00 to 181.00 of NH-70 in the State of Himachal Pradesh under Green National Highways Corridor Project GNHCP with the loan assistance of World Bank on EPC mode.Package-1,618257,Rehabilitation and Upgradation to 2-lane with paved shoulders configuration of Koyyuru to Chaprathipalem section Km 120000 to Km 165500 of NH-516E in the State of Andhra Pradesh under Green National Highways Corridor Project GNHCP with the loan assistance of World Bank on EPC mode,MoRTH,0.0,20.0,Significant overrun/delay
618232,Rehabilitation and Upgradation to 2-lane configuration of Karnohal- Kalwahn Section km 181.00 to 208.950 of NH-70 in the State of Himachal Pradesh under Green National Highways Corridor Project GNHCP with the loan assistance of World Bank on EPC mode.Package-2,618299,Improvement/Up-gradation of existing 2-Lane Road to 4-Lane Divided Highway from Daili to Kuraopokpi section of Imphal-Kohima road NH-02 Design Chainage from Km 274610 to Km 287000 in the state of Manipur on EPC mode Pkg-4B,NHIDCL,0.0,0.0,Recovered / on track
618253,Construction of missing link from Birhu to Lathiani from Km 35/550 Design chainage Km 0.000 to Km 42/800 Design Chainage Km 8.153on NH-503A including Lathiani Bridge on back water of Govindsagar and its approaches in Himachal Pradesh.,618324,Construction of 2-lane Aizawl Bypass from km 15.200 to km 34.500 Package-3 on Sairang - Phaibawk section of NH-6 in the State of Mizoram under Bharatmala Pariyojna on EPC Mode under NHO-NE,NHIDCL,0.0,0.0,Recovered / on track
618850,Nerchowk km 190.000 to Pandoh including Pandoh bypass km221.305,617946,Kashedi to Parshuram Ghat section of NH-66 from Km 161/600 - Km 205/400 - 4L PS,MoRTH,0.0,70.0,Significant overrun/delay
618851,Pandoh bypass 221.305 to Takoli 242.000 of NH-21 in the state of Himachal Pradesh,618706,Bangalore-Nidagatta Pkg. I,National Highways Authority of India [NHAI],16.9,55.0,Significant overrun/delay
618852,4L Sundar Nagar Bypass from Km.173.900 to Km.179.600 of NH-21,617891,"Construction of Two lane with Paved Shoulder for Fatehpur Bypass Design Km 0.000 to Km 7.400 , Mandawa Bypass Design Km 20.925 to Km 27.300 & Jhunjhunu Bypass Design Km 41.625 to Km 54.689 of NH-11 on EPC Mode in the state of Rajasthan .",MoRTH,0.0,12.0,Significant overrun/delay
618878,Rehabilitation and Upgradation to 4L configuration & Strengthening of Sihuni to Rajol from Km 51.000 to Km 72.000 of NH-154 Package-IIA,618166,Construction of 4-lane green field highway from Km. 35.000 to Km. 49.155 of NH- 731A with paved shoulders on Hybrid Annuity Mode in the state of Uttar Pradesh,MoRTH,0.0,8.0,Significant overrun/delay
618879,Rehabilitation and Upgradation to 2L PS configuration & Strengthening of Padhar to Bijni section from Km 180.000 to Km 202.815 of NH-154 Pkg-VA,618112,"Improvement and up-gradation of NH-227B 84 Kosi Parikrama Marg Package I, from km 228.920 Jagarnathpur to Km 235.960/0.000 MakhaudaDham to Km 29.000 Sarpur in the State of Uttar Pradesh on EPC basis",MoRTH,0.0,0.0,Recovered / on track
618880,Rehabilitation and Up-gradation to 4L configuration & Strengthening of Thanpuri to Paror section from Km 85.135 to Km 100.840 of NH-154 Pkg-IIC,618093,Up-gradation to 2 lane with Paved shoulder from Charbhuja at Design km 0.00 existing km 150.00 to Neechli Oden Nathdwara at Design ch. Km 88.800 existing km 55.950 of NH-162E on EPC mode.,MoRTH,0.0,0.0,Recovered / on track
618881,4L PS bijni to mandi section from Km 202.815 to Km 208.000 of NH-20 New NH-154 of Pathankot-Mandi Package-VB,618067,"Rehabilitation & Up-gradation from design Km. 0.000 to Km. 69.280 of NH-931 Pratapgarh - Amethi - Gauriganj -Musafirkhana to two lane with paved shoulder on Engineering, Procurement & Construction EpC mode in the State of Uttar Pradesh",MoRTH,0.0,0.0,Recovered / on track
618888,Rehabilitation and Up-gradation of existing road to 2L PS from End of Hamirpur Bypass near Chilbahal to Bhangbar section from Km. 138.295 to Km.175.270 of NH- 88 Pkg-IV,619072,Bangalore/TN border to Hoskote,National Highways Authority of India [NHAI],9.8,17.9,Significant overrun/delay
618889,"4L of Bhangbar Near Ranital to Kangra Bypass Section of Old NH-88 New NH- 303,503 up to Intersection with NH-154 from Km 175.270 to Km 193.400 Pkg-VB",618635,6L of Pondavakkam to Kannigaipair from km 96.040 to km 116.100 of NH 716B Pkg- IV,National Highways Authority of India [NHAI],0.0,22.0,Significant overrun/delay
618890,2L PS of Hamirpur Bypass from Km 121.175 to Km.138.295 of NH-103&3,619166,Umagaon-Saharsa Package-V Bakaur-Parsarma-Bangaon-Bariyahi & Spur to Mahishi,NHAI,26.0,5.0,Significant overrun/delay
618891,4L PS from Kalar Bala Village to Nauni Chowk of NH 205 from Km 41.000 to Km 58.450,618313,Widening/lmprovement of Existing 2 lane to 4-Laning of Karimganj-Silchar section of NH-37 from Design Ch 0.000 near Silchar ISBT to Design Ch 15.970 near Kalinagar Pt I on NH-37 in Assam on HAM Mode Pkg-1,NHIDCL,0.0,0.0,Recovered / on track
618921,4L of Kathlighat to Shakral Village from Km 128.835 to Km 146.300 of NH- 5 Shimla Bypass - Pkg I,618758,6L accesscontrolled highway from km 0000 to km 40080 Paniyala to Mator Section of Paniyala-Barodameo ICR,National Highways Authority of India [NHAI],-29.8,0.0,Recovered / on track
618922,4L of Shakral Village to Dhalli Section from Km 146.300 to Km 156.560 Shimla Bypass - Pkg II and Shimla connectivity from Km 0.000 to Km 0.725 of NH-5,618633,4L of Kadapa China Orampadu section of NH-716 Package I of Kadapa-Renigunta section,National Highways Authority of India [NHAI],0.0,0.0,Recovered / on track
619003,Solan - Kaithlighat Section of NH-22 Now NH-5 from Km. 106.139 to Km.129.05,618563,4L of Madurai Ring Road Phase 1 [Vadipatti-Thamrapatti] from km 0.00 - km 29.960,National Highways Authority of India [NHAI],0.0,51.0,Significant overrun/delay
619153,4L of HP/Punjab Border - Mo from km. 11.00 to km. 42.00 of Old NH-20 New NH-154 Package-IA,618622,4L of Indore - Boregaon Pkg-III [Balwara to Dhangaon] from km. 42.260 to km. 82.660 of NH347BG & 753L,National Highways Authority of India [NHAI],-11.3,27.0,Significant overrun/delay
618038,Construction of Shopian Bypass on NH-444 taking off from existing chainage Km 36500 and re-joining at km 47588 of existing Chainage New Design Ch. From km 28000 to km 36925 as 2- lane with paved shoulder in the UT of Jammu & Kashmir on EPC mode.,618212,"STABILIZATION OF LAND SLIDE AND SLOPE PROTECTION AT KM 11.00 TO KM 11.08, 29,730 KM TO 30,060 KM, 30,400 KM TO 31,060 KM, 34,750 KM TO 35,300 KM, 38,950 KM TO 39,030 KM & 39,460 KM TO 39,540 KM TWO LOC CLUBBED, KM 40,400 TO KM 40,650, KM 43,500 KM 43,680, 52,460 RISHIKESH - DHARASU ROAD NH-94 ON EPC MODE IN THE STATE OF UTTARAKHAND. NOSE OF LAND SLIDE - 12 NOS",MoRTH,0.0,0.0,Recovered / on track
618201,"Widening and strengthening to 2 lane with paved shoulder from existing Ch. Km 56720 to Km 100820 and Design Ch. From Km 62600 to Km 106360 Total Length43.760 Km on SRINAGAR -BARAMULA URINH-01 in the UT of Jammu & Kashmir under project BEACON, Border Roads Organization BRO on EPC mode.",618806,Improvement of 4L road to 6L road and 4L dedicated Port Roads for the Port connectivity road from Convent junction to Sheelanagar Junction,National Highways Authority of India [NHAI],-0.8,3.9,Significant overrun/delay
618202,Construction of 2 lane with paved shoulders Baramulla Bypass Greenfield bypass from existing Ch. Km 47020 to Km 56720 and Design Ch. From 48500 to 62600 Total length 14.100 km on road Srinagar Baramulla Uri NH-01 in the UT of Jammu & Kashmir under Project.Package-III,617933,Up-gradation to four lane/ Two lane with paved shoulders configuration of Kalyan - Murbad - Malshej Ghat - Nirmal Road NH- 61 km 15/200 to Km 38/00 and from Km. 58/00 to Km 84/00 Design length 48.58 km of NH-61 on EPC Mode in Thane District in the state of Maharashtra,MoRTH,0.0,0.0,Recovered / on track
618203,"Construction of 4 lane with paved shoulder Pattan bypass Greenfield bypass from existing Ch. Km 24320 to Km 33760 and Design Ch. from Km 24400 to Km 35300, total length 10.900 km on road SrinagarBaramulla Uri NH-01 in the UT of Jammu & Kashmir under Project BEACON, Border Roads Organization BRO on EPC mode. Package-II",618283,4-L Bilasipara-Guwahati Package-9,NHIDCL,0.0,9.0,Significant overrun/delay
618204,Construction of realignment between Pandrass- Pashkyun Total length 27.10 km on road Zozila-Kargil -Leh NH-1 to 2 lane specifications i.e. Drass alignment 9.30 km Kharboo realignment 6.30 km & Kargil alignment 11.50 km under project Vijayak BRO in the UT of Ladakh on EPC Mode,618192,Duttalur at NH-565 Junction to Kavali Joining on NH-16 Chainage Km. 36/400 to Km. 107/224 excluding the stretch from Km 101.880 to 105.300 67.404 Km of NH-167BG from in the State of Andhra Pradesh on EPC mode,MoRTH,0.0,21.0,Significant overrun/delay
618205,"Construction of 4 lane with paved shoulder from Existing Ch. 14200 to 24320 Design Ch. 14200 to 24400, Ch. 33760 to 42780 Design Ch. 35300 to 44294 & Ch. 43440 to 47020 Design Ch. 44958 to 48500 Delina Flyover including construction of flyover length 1.704 km of total length 22.736 kms in AOR of 760 BRTF on road SRINAGAR BARAMULA URI NH-01 in the UT of Jammu & Kashmir under project BEACON, Border Roads Organization BRO Package-IJob No NH-1-J&K-2022-23-110",619101,4L Shahpur to Muktainagar from Km. 186.000 to km 216.278 of NH 753L Pkg II of Boregaon Buzurg to Muktainagar,National Highways Authority of India [NHAI],-15.9,7.0,Significant overrun/delay
618206,Widening and Strengthening of Rafiabad-Kupwara-Chowkibal-Tangdhar-Chamkot NH- 701 road from design Ch. From 0000 to 51000 to two lanes with paved shoulders under Project Beacon in the UT of Jammu & Kashmir on EPC mode Package-I.,618650,4 Lane with PS from Des. Ch 89.900 to Des. Ch. 136.100 of Belgaum-Hungund- Raichur Section of NH-748A Package-3,National Highways Authority of India [NHAI],-10.6,8.0,Significant overrun/delay
618220,Reconstruction and widening to 2 lane with paved shoulder from existing chainage km 102000 to km 134950 Design chainage km 90150 to km 116980 including construction of Naushera Tunnel Total length of tunnel 0.700 km under 31 TF on Akhnoor-Poonch road NH-144A in the UT of Jammu & Kashmir under Project Sampark BRO on EPC mode Package-V Job no NH-144A-J&K-2020-21-104,618545,"4L of Km.165.092 to Km.171.855 North Bound and from Km.166.895 to Km.173.638 South Bound, excl. certain reaches of North Bound and South Bound of Ramban to Banihal Pkg-III of Old NH-1A New NH-44",National Highways Authority of India [NHAI],-27.6,34.0,Significant overrun/delay
618221,Rehabilitation and upgradation to 2 lane with paved shoulder from existing chainage Km 166.100 to Km 192.98 design chainage Km 146.700 to Km 162.800 including construction of Bhimber Gali Tunnel Total Length of Tunnel 1.100 Km under 31 BRTF on Akhnoor-Poonch Roads on EPC mode NH-144A Package-VII,618772,6L of Kumarajapet to Veera Kaveri Raja Puram from km 43.800 to km 61.380 of NH- 716B Pkg-II,National Highways Authority of India [NHAI],13.8,7.0,Significant overrun/delay
618222,Widening and Strengthening up gradation to 2 lane with paved shoulder from existing chainage Km 192.98 to Km 229.820 design chainage Km 162.800 to Km 198.18 under 31 BRTF on Akhnoor-Poonch Road NH-144A in the UT of Jammu and Kashmir under Project Sampark Border Roads Organisation BRO on EPC Mode Package-VIII Job No NH-144A-J&K-2022-2023-111,617895,Construction of Mangaldoi Bypass NH-15 starting at Ch 26400 and terminating at Ch 41505 under Rangia NH Division L 15.105 Km in the State of Assam. Job No. 15/AS/2021-22/234,MoRTH,0.0,20.0,Significant overrun/delay
618223,Rehabilitation and up-gradation to 2 lane with paved shoulder from existing chainage km 64535 to km 85385 Design chainage km 55800 to km 74350 under 13 TF on Akhnoor-Poonch road NH-144A under Project Sampark BRO in the UT of Jammu & Kashmir on EPC mode Package-III Job no NH-144A-J&K-2019-20-79,618084,Widening to 2-lane with paved shoulder from km 0.00 to 44.00 Kuru-Ghaghra section of NH-143A including re-construction of culverts and bridges.,MoRTH,-12.6,31.0,Significant overrun/delay
618224,Rehabilitation and up-gradation to 2 lane with paved shoulder from existing chainage km 49150 to km 64535 Design chainage km 46.450 to km 55.800 including construction of Sungal Tunnel Total length of Tunnel 2.79 km under 13 TF on Akhnoor-Poonch road NH-144A under Project Sampark BRO in the UT of Jammu & Kashmir on EPC mode Package-II Job no NH-144A-J&K-2019-20-78,618749,Khammam-Devarapalle Pkg V [4L Access Controlled Greenfield from Gurvaygudem village to Devarapalle village Design Chainage 132664 to 162126,National Highways Authority of India [NHAI],30.1,21.0,Significant overrun/delay
618225,Rehabilitation and up-gradation to 2 lane with paved shoulder from existing chainage km 134950 to km 166100 Design chainage km 116980 to km 146700 under 31 TF on Akhnoor-Poonch road NH-144A in the UT of Jammu & Kashmir under Project Sampark BRO on EPC mode Package-VI Job no NH-144A-J&K-2021-22-106,618447,Construction of 2-Laning with Paved Shoulder of New Greenfield Alignment From Helipad near Menla at Km 82000 to Menla at Km 94030 of Rhenock-Menla Spur NH- 717B Package-IIIB on EPC Basis under SARDP-NE Phase 'A' in the State of Sikkim.,NHIDCL,-7.6,26.9,Significant overrun/delay
618226,Rehabilitation and upgradation to 2 lane with paved shoulder from existing chainage Km 30.053 to Km 49.150 design chainage Km 30.000 to Km 46.450 including Kandi Tunnel under 31 BRTF on Akhnoor-Poonch Road NH-144A Under Project Sampark in the UT of Jammu & Kashmir EPC modePackage-I Job no NH-144A-J&K-2020-21-83.,618064,Up-gradation of NH-930 Sherpar to Kohka from Km.67880 to Km.114860 to 2LPS in Chhattisgarh under EPC mode,MoRTH,0.0,0.0,Recovered / on track
618394,Up-gradation to 2-lane with Paved Shoulder from Km 12.850 to Km20.300 of 7.450Km length on Goha-Khellani section and a link road to Goha village of 2.016 km on NH- 244 in UT of Jammu and Kashmir on EPC Mode Pkg-1,618398,Up-gradation to 2-lane with Paved Shoulder from Km 20.300 to Km 29.030 of 8.730 Km length on Goha-Khellani section on NH-244 in UT of Jammu and Kashmir on EPC Mode Package II,NHIDCL,0.0,47.0,Significant overrun/delay
618395,"Construction & Upgradation to 2-lane with paved shoulder from Design Ch. Km 51700 at Premnagar km 66315 to Km 66535 New Thatri at Start of Km 83rd, Tunnel Km 82665 of 14.835 Km design length on Chenani-Sudhmahadev-Goha Khellani- Kishtwar-Vailoo Donipawa-Ashajipora section of NH-244 in the UT of J&K on EPC Mode under NHO-Gen Pkg - 2",619038,Construction/upgradation to 2-lane with paved shoulder from Design Km 95.55 Bandarkoot to Km. 111.06 Chattroo of 15.52 Km length on Khellani-Kishtwar-Chattroo section on NH-244 in UT of Jammu and Kashmir on EPC Mode Pkg-5,NHIDCL,0.0,36.9,Significant overrun/delay
618396,Construction & Upgradation to 2 lane with paved shoulder from Design Km. 31.449 Khellani Ex. Km 44.946 to Km 51.700 Prem Nagar Ex. Km 68617 of 20.251 Km length on Khellani - Kishtwar - Chattroo section of NH-244 in the UT of J&K on EPC Mode under NHO-Gen PKG- 1,618355,"Construction of of 2 -Lane with paved shoulders road from Tamenglong-Tousem- Lisang-Mahur Road NH-137 starting near Dialong Village from km 10.000 at Dialong to km 31.430 near Old Tamenglong , near Barak River on EPC Mode Package-2",NHIDCL,0.0,36.0,Significant overrun/delay
618397,Widening and Up-gradation to 2-Lane with Paved Shoulder of configuration and geometric improvement from Km 0.000 to Km 16.990 on Chenani Sudhmahadev section of NH-244 in UT of Jammu and Kashmir to be executed on EPC basis,618213,Rehabilitation and Upgradation of road Rishikesh Dharasu Old NH-94 with 2-lane with paved shoulder from km 76.000 to km 110.000 Design Chainage from km 74.733 to km 107.347 32.614 km including construction of Kamand re-alignment from existing Chainage Km 105.200 to Km 108.600 design chainage Km 103.436 to Km 105.949 - total length 2513 mtrs and land slide treatment work between design chainage Km 73.800 to Km 74.00 200m on EPC mode under improvement to NH connectivity to Chardham in,MoRTH,0.0,60.0,Significant overrun/delay
618398,Up-gradation to 2-lane with Paved Shoulder from Km 20.300 to Km 29.030 of 8.730 Km length on Goha-Khellani section on NH-244 in UT of Jammu and Kashmir on EPC Mode Package II,618290,"Construction of 2-lane with Paved shoulder of Kohima- Bypass Road Connecting NH- 39New NH-02, NH-150New NH-02, NH-61New NH-29, NH-39New NH-02 from Design Km 32.00 to Design Km 43.454Design Length-11.454 Km in the State of Nagaland under SARDP-NE on EPC Mode Package-IV",NHIDCL,0.0,56.0,Significant overrun/delay
618399,Construction of Kishtwar bypass with 2 lane with paved shoulder from Design Km. 80.675 Dulhasti to km 95.550 Bandarkoot of 14.88 km & a link road to Kishtwar town from 0000 to 1.871 of length1.871 Km on Khellani - Kishtwar - Chattroo section in UT of Jammu and Kashmir on EPC Mode Pkg-4,618735,4L of Chandesara to Khedakhajuriya from Km. 0.000 to - 750 & Km 0.000 to km 41.400 of NH-148NG Pkg-I,National Highways Authority of India [NHAI],7.3,24.0,Significant overrun/delay
618400,Construction & Upgradation to 2-lane with paved shoulder from Design Km 67.805 at the end of Km 83rd Tunnel near Dhrabshalla Ex. Km 83905 to Km 80.675 start of Kishtwar Bypass - Dulhasti Ex. Km 970751 of 12.870 Km length on chenani- Sudhmahadev-Goha Khellani-Kishtwar-vailoo-Donipawa-Ashajipora seition of NH-244 in the UT of J&K on EPC Mode under NHO-Gen Pkg-3,618408,Kargil Zanskar Road,NHIDCL,0.0,42.0,Significant overrun/delay
618406,Up-gradation to 4-lane with Paved Shoulder of Jammu-Akhnoor road section of NH- 144A from Ganesh Vihar Km 6.000 to Khati Chowk Km 26.350 in UT of Jammu and Kashmir on EPC basis Pkg-3A,618214,Rehabilitation and upgradation to 2 lane / 2 lane with paved shoulder configuration for design chainage km 107.347 to km 129.208 & km 133.878 to km 138.570 existing chainage km 110.000 to km 133.020 & km 137.330 to km 142.028 and land slide treatment at existing km 138.500 Design chainage km 134.970 of NH -94 on EPC mode under improvement to NH connectivity to Chardham in the state of Uttarakhand.,MoRTH,0.0,35.0,Significant overrun/delay
618407,Jammu-Akhnoor Road Pkg-I,618426,Construction/Up gradation of Existing road to 2 Lane with Paved Shoulder including Geometric Improvement from Ranipool to Pakyong Balance work from Km 2.000 to 16.167 of NH-717-A on EPC basis under SARDP-NE Phase A in the State of Sikkim,NHIDCL,43.8,29.0,Significant overrun/delay
618494,Delhi-Amritsar-Katra Expressway Phase-II Pkg-XV [Junction with Hiranagar Road near village Gurha Baildaran to Junction with Jammu Ring Road NH-244A near Jakh village from Km 468100 to Km 503250],618471,Vadodara Mumbai Expressway Phase II - Pkg XV [Km. 20.200 to Km. 43.000 of Spur] Akloli - Amne,National Highways Authority of India [NHAI],11.8,25.0,Significant overrun/delay
618495,4/6L Access Control Expressway from Design Chainage Km 515.000 to 528.300 Kunjwani to Sidhra Section of NH-44 and from Design Chainage Km 550.900 to Km 566.520 Domel to Katra Section Phase II-Package XVII,619068,Construction of Greenfield Connectivity to Jewar International Airport from DND- Faridabad-Ballabhgarh Bypass KMP Link - Spur to Delhi Mumbai Expressway,National Highways Authority of India [NHAI],19.3,22.0,Significant overrun/delay
618496,Delhi-Amritsar-Katra Expressway Phase-II Pkg-XVI Existing Jakh Vijaypur-Kunjwani section of NH-44 including spur Connectivity to Jammu Airport NH-144A [Km 503500 to km 514500],618581,Hosur to Dhamrapuri Pkg-1 [Neraluru - Thorapalli Agraharam],National Highways Authority of India [NHAI],4.1,21.0,Significant overrun/delay
618497,Delhi Amritsar Katra Expressway Phase-II Pkg XVIII Development and Upgradation of Four lane Access Control Expressway from Design Chainage KM 530.00 to KM 545.300 Sidhra to Domel Section of NH-44,618632,6L Access Controlled Greenfield Highway of Nandinne village to Julekal village from Km 202.900 to Km 242.200 Pkg-1,National Highways Authority of India [NHAI],7.4,19.0,Significant overrun/delay
618541,4L Ring road/bypass around Srinagar city from km 0.000 to km 42.100 Phase-I,618605,Thuravoor Thekku-Paravoor,National Highways Authority of India [NHAI],-8.3,27.0,Significant overrun/delay
618543,4L of twin tube tunnel configuration including approaches from Marog to Digdol from Km.154.210 to Km.158.650 North Bound and from Km.155.940 to Km.160.260 South Bound of Ramban to Banihal Pkg-I of Old NH-1A New NH-44,618771,6L of Varadharajula to Kumarajapet from km 0.000 to km 43.800 of NH-716B Pkg-I,National Highways Authority of India [NHAI],-1.9,16.0,Significant overrun/delay
618544,"4L twin tube tunnel including approaches from Digdol to Khuni Nallah North Bound connecting with existing major bridge on NB and South Bound connecting with Tunnel T4 ,Single tube tunnel of Ramban to Banihal Pkg-II of Old NH-1A New NH-44",618673,Development of 6L of Jhanki Sargi Section Road from km 0.000 to km 42.800 of NH- 130CD Pkg-CG-1,National Highways Authority of India [NHAI],-17.5,28.0,Significant overrun/delay
618545,"4L of Km.165.092 to Km.171.855 North Bound and from Km.166.895 to Km.173.638 South Bound, excl. certain reaches of North Bound and South Bound of Ramban to Banihal Pkg-III of Old NH-1A New NH-44",618859,"Improvement and Up-Gradation of Existing Road to 4L PS from Km 229.070 to 260.800, End of Hardoi District to Lucknow Ring road of NH 731 Pkg-4",National Highways Authority of India [NHAI],-3.8,19.0,Significant overrun/delay
618547,2L NH-1 from km 8.660 to km 33.775 Sumbal to Wayul to 4L dual carriageway NH standard as part of Srinagar Ring Road PhaseII [Design Ch. 41.907 to Ch. 66.609],618227,Development to 4/6-lanning of NH-31 New NH-10 with both side service roads from km 569.258 to km 581.030 end of AH-02 project on NH- 31 near Shivmandir to Sevoke Army Cantonment in districts of Darjeeling and Jalpaiguri in the state of West Bengal on EPC Mode Job No. 010/WB/2021-22/490,MoRTH,6.4,17.9,Significant overrun/delay
618549,Construction of twin tube tunnels on Jammu Kashmir Ring Road NH-244A Between Design Ch. 50600 to 51700 and design Ch. 53535 to 55700 on EPC mode under residual NHDP component of Bharatmala Pariyojna,618062,Dornala to Kunta Junction from Design Chainage Km 244000 to 267990 section of NH-765 Package-2,MoRTH,0.0,4.0,Significant overrun/delay
618550,Corridor Efficiency Improvement including removal of black spots in Lakhanpur - Samba section of NH-44 from Chainage Km. 16.300 to Km. 74.100,618554,Construction of left out portion of Agra Inner Ring Road connecting village Deori to NH-44 village Bad from Km. 0.000 to Km. 7.772,National Highways Authority of India [NHAI],-10.4,21.0,Significant overrun/delay
618967,Upgradation and Strengthening of Chenani to Nashri Section via Patnitop of NH244 from Km 0.000 to Km 39.100,618088,Nandurshingote to Kolhar,MoRTH,0.0,0.0,Recovered / on track
619038,Construction/upgradation to 2-lane with paved shoulder from Design Km 95.55 Bandarkoot to Km. 111.06 Chattroo of 15.52 Km length on Khellani-Kishtwar-Chattroo section on NH-244 in UT of Jammu and Kashmir on EPC Mode Pkg-5,618395,"Construction & Upgradation to 2-lane with paved shoulder from Design Ch. Km 51700 at Premnagar km 66315 to Km 66535 New Thatri at Start of Km 83rd, Tunnel Km 82665 of 14.835 Km design length on Chenani-Sudhmahadev-Goha Khellani- Kishtwar-Vailoo Donipawa-Ashajipora section of NH-244 in the UT of J&K on EPC Mode under NHO-Gen Pkg - 2",NHIDCL,0.0,44.0,Significant overrun/delay
618060,Widening and Strengthening of existing paveemnt to two lane with paved shoulders from km 116.00 to km 176.355 of NH-75E in the State of Jharkhand on EPC mode.,618218,Rehabilitation & upgradation of existing road to 2-lane with hard shoulder from Joshimath km 0.00 to Saraithota km 29.725 road on NH-107B under Bharatmala Pariyojna on EPC mode in the state of Uttarakhand,MoRTH,0.0,22.0,Significant overrun/delay
618083,Construction of byepass around Lohardaga town of NH-143A in the Sate of Jharkhand under EPC mode.,618126,"Pre-Construction activities from Km 134.000 to Km 190.233 of NH-333A and Construction of 4 no. of Bypasses at Katoria, Lakhpura, Banka & Panjwara total length-14.359 Km to two lane with paved shoulders standard in State of Bihar.",MoRTH,0.0,0.0,Recovered / on track
618084,Widening to 2-lane with paved shoulder from km 0.00 to 44.00 Kuru-Ghaghra section of NH-143A including re-construction of culverts and bridges.,618223,Rehabilitation and up-gradation to 2 lane with paved shoulder from existing chainage km 64535 to km 85385 Design chainage km 55800 to km 74350 under 13 TF on Akhnoor-Poonch road NH-144A under Project Sampark BRO in the UT of Jammu & Kashmir on EPC mode Package-III Job no NH-144A-J&K-2019-20-79,MoRTH,0.0,32.0,Significant overrun/delay
618123,Widening and Strengthening/Reconstruction to Two Lane with Paved Shoulder/ Two Lane with paved shoulders with service road from km 0000 to km 42250 excluding design Ch. 03220 to 04200 & 28350 to 29060 of NH-320G in the state of Jharkhand under EPC mode,618364,"Widening to 2 Lane with Hard shoulder of Akegwo-Avangkhu section of NH-202K for Package-I Design Chainage 0000 Km to 34795 Km, in the State of Nagaland on EPC mode under NH O-NE",NHIDCL,0.0,0.0,Recovered / on track
618127,Construction of 2- Lane with paved shoulder from km 56.45 Dharampur More to 93.050 Pakur of NH-333A in the State of Jharkhand on EPC mode,617986,Kurnool/Kadapa Border-Jammalamadugu section of NH-167K i.e. Design Ch. Km 248010 to km 269900 to 2,MoRTH,0.0,0.0,Recovered / on track
618242,Widening and Reconstruction to 4-lane/4-lane with service road including structures from Pokharia More at Km 47.600 Ex. Km 50.230 to Govindpur at km 62.949 Ex. Km 65.325 of Nh-419 in the State of Jharkhand on EPC mode.,618219,Upgradation to 2-lane with Hard shoulder configuration of Suraithota Ch. 29.725 km to Malari Ch. 60.550 km road on NH- 107B under in the state of Uttarakhand.,MoRTH,0.0,7.0,Significant overrun/delay
618535,Construction of Six lane elevated flyover including reconstruction/rehabilitation of existing pavement from Km 406100 to Km 411150 Length 5.05 Km at Gobindpur area in the Barwa Adda Panagarh section of NH-19 from Km.398.240 to Km.521.120 including Panagarh Bypass in the State of Jharkhand on EPC Mode.,619294,Road Safety Improvement of existing four lane section of Dehradun-Lal Tappar-Nepali Farm Section of NH-7 and Nepali Farm-Motichur NH-34 on EPC Mode in Uttarakhand under NHO.,NHAI,-46.1,0.0,Recovered / on track
618641,4 Lane of CG/JH Border-Gumla from km 0.000 to km 32.370 of NH-43 in the State of Jhrkhand,618309,Widening/lmprovement to 4-Laning and Greenfield alignment with Paved shoulder of Silchar-Badarpur Churaibari section of NH-37 & NH-8 from Design chainage 38.600 End point of proposed Badarpur Bypass to Km. 62.800 Start point of proposed Nilambazar/Cheragi Bypass in the state of Assam on HAM Mode Package-4,NHIDCL,0.0,0.0,Recovered / on track
618642,4L of Palma to Gumla from km. 26.00 to km. 89.170 of NH-23,618639,4L of Bilaspur to Urga km 0.00 to 70.2 of NH-130A,National Highways Authority of India [NHAI],36.0,28.0,Significant overrun/delay
618644,4L of Ormanjhi-Gola section from Km 81.450 to Km 53.600 of NH- 320BPKG-II,618776,4L of Greenfield section from Sirhind to Mohali,National Highways Authority of India [NHAI],5.1,13.0,Significant overrun/delay
618645,4L of Gola-BokaroJaina More section from Km 53.600 to Km 21.110 of NH-320PKG-1,618663,i 4L Vidisha to Hinotiya from km 0.000 to Km 27.000 Vidisha Mehulwa-Talbehat Pkg- I Section of NH- 346 and ii 4L Vidisha to Morikori from Km 39.000 to 59.476 section of NH-146,National Highways Authority of India [NHAI],-6.3,5.0,Significant overrun/delay
618736,4L Elevated corridor of Kalimandir-Dimna Chowk-Baliguma Jamshedpur Section of NH-33 New NH-18 from km 241940 to km 251961 Length 10.021 km,618672,4-lanning of Gyaraspur to Rahatgarh section of NH-146 from Design Ch. 88361 to Ch 124470 in the state of MP on HAM mode,National Highways Authority of India [NHAI],-34.4,0.0,Recovered / on track
618737,Grade separated Interchanges at Km. 113.730 junction with Ranchi Hazaribagh Road & Km. 139.225 junction with Ranchi Jamshedpur road on 4L Ranchi Bypass of NH-33,618572,Binnaguri Bypass-Descoped portion of Ghoshpukur-Dhupguri Section of NH-31Dpkg-1,National Highways Authority of India [NHAI],-1.3,0.0,Recovered / on track
618829,4L from km 196.87 Sankha to km 219.6 Khajuri on NH-75 [Rehla / Garhwa Bypass],618503,Ahmedabad - Dholera Pkg III from km. 48.52 to km. 71.06 [Vejallka Village - Start of DSIR zone],National Highways Authority of India [NHAI],11.7,34.0,Significant overrun/delay
618830,4L from Km 147.450 Bhogu to Km 196.870 Sankha on NH-75 Sec-III,618623,4L Boregaon Buzurg to Shahpur Pkg I of Boregaon Buzurg to Muktainagar of NH 753L,National Highways Authority of India [NHAI],-24.7,5.9,Significant overrun/delay
618831,4L from Km 95.400 Udaipura to Km 147.450 Bhogu on NH-75 Sec-II,618728,6L Greenfield Varanasi-Ranchi-Kolkata Highway from junction with NH-19 & Varanasi Ring Road near Rewasa village to junction with Chandauli-Chainpur road near Khainti village from Km. 0.000 to Km. 27.000 - Pkg-1,National Highways Authority of India [NHAI],9.1,5.9,Significant overrun/delay
618832,4L from Km 55.00 Kuru to Km 95.400 Udaipura on NH-75 Sec-I,617916,Work of 6 laning/Construction of elevated corridor from km 0/0 to 10/170 Narol Junction to Sarkhej junction including 4 lane Shastri Bridge on Sabarmati river on NH 47 in the State of Gujarat on HAM mode,MoRTH,0.0,0.0,Recovered / on track
618863,Barhi-Koderma Section of NH31 km 0.00 - km 27.5,618328,4-Laning of Balance work of Dimapur-Kohima Road from design km 152.490 to km 166.700 Existing km 156.000 to km 172.900 Excluding Dimapur & Kohima Bypass under SARDP-NE Package-III,NHIDCL,41.2,0.0,Significant overrun/delay
618946,4L of Mehgama - Hansdiha from km. 41.900 to km. 93.000 of NH -133A Pkg-II,618631,6L of MH/KN Border Nimbal Village to KN/TS Border Singnodi Village from Km. 162.5 to Km. 203.100 in Raichur of NH-150C Pkg-IV,National Highways Authority of India [NHAI],-2.8,13.0,Significant overrun/delay
618947,4L of NH-80 from km 215.00 to km 260.00 Mirza Chauki to Farkka Pkg-I,619220,Tumkur-Shimoga Pkg-III from Km 121.900 Banawara to Km 170.415 Bettadahalli of Old NH-206,National Highways Authority of India [NHAI],27.0,45.0,Significant overrun/delay
618949,4L of Basukinath- Deoghar Section of NH-114A,618946,4L of Mehgama - Hansdiha from km. 41.900 to km. 93.000 of NH -133A Pkg-II,National Highways Authority of India [NHAI],6.0,12.0,Significant overrun/delay
618950,Construction of Bypass to NH-114A Connecting NH-333 and NH-133 Deoghar Bypass from design km 0.000 to design Km 49.000,618791,4L PS under NH configuration of Manikpur-Sahebganj of NH-139W,National Highways Authority of India [NHAI],0.0,0.0,Recovered / on track
619005,Construction of bypass around Chatra Town on NH-22 old NH-99 in the state of Jharkhand under EPC Mode,617898,New construction of Major Bridge with Approaches from Km 0.000 to 1.200 Madhopur -Badabanta section of NH-20 under NHO in Annual Plan 2022-23 in the State of Odisha,MoRTH,0.0,0.0,Recovered / on track
617935,"Construction of Elevated corridor from Km. 135.650 to 136.300 on 63, from Km. 249 to Km. 250.050 on old NH-4 and from Km. 192.910 to Km. 193.350 on NH-218 from decongestion of traffic in Ranichennamma circle in Hubli city in the state of Karnataka on EPC basis",618256,"Rehabilitation and Upgradation to 2-lane with paved should ders Sir, configuration of Chaprathipalem to Lambasingi section Km 165500 to Km 205000 of NH-516E in the State of Andhra Pradesh under Green National Highways Corridor Project GNHCP with the loan assistance of World Bank on EPC mode",MoRTH,0.0,19.0,Significant overrun/delay
617950,Construction of Srinivasapura Bypass from existing Km 453.890 Design Ch. 0000 to existing Km 461.450 Design Ch 10080 on NH-69 in the State of Karnataka Under NH O in EPC mode under Annual Plan 2022-23 NH-69-KNT-2022-23-966 dated 22.11.2022,618012,"Widening & strengthenlng to 2LPS from km 0,000 to 40.000 Dhaugaon- Podamari section of NH 326 in the State of Odisha under Annual Plan 2021.22.",MoRTH,0.0,3.9,Significant overrun/delay
617951,Construction of Chintamani Bypass from Design Ch.0000 Existing Ch.428880 to Design Ch.15400 Existing Ch.444010 on NH-69 in the State of Karnataka in EPC Mode under NHO Annual Plan 2022-23. NH-69-KNT-2022-23-989 dated 24.03.2023,619014,"lmprovement and Widening to 2 lane with paved Shoulder of NH-15 old NH-52 from Existing Km 770.600 Design Km 24.819 to Existing km 805.750 Design Km 59.885 Kamlang T-Junction to Chowkham, Existing Length 35.150 Km, Design Length-35.066 Km in the state of Arunachal Pradesh on EPC mode Pkg-2",NHIDCL,0.0,0.0,Recovered / on track
617954,Balance work of Rehabilitation and upgrading to 2lane/2lane with paved shoulder configuration and strengthening from from Km 343.80 to 400.33 of Gowribidanur-Chik Ballapur section in the state of Karnataka Under Annual Plan 2021-22 under EPC Mode.-952,618191,"Rehabilitation and upgradation of NH-167AD from Macherla to Dachepalli via Paluvai Junction, Rentachinthala, Gurazala from Km.0.000 to 43.659 to two lane with paved shoulders in the state of Andhra Pradesh job-729",MoRTH,0.0,13.9,Significant overrun/delay
617955,Widening to two lane with paved Shoulders from Km 40.00 to Km 75.00 Existing chainages of Mangalore - Tumkur section of NH-73 in the State of Karnataka on EPC Mode under Annual Plan 2021-22 Job No NH-73-KNT-2021-22-945,618106,Widening and Strengthening to 2/4 lane with paved shoulders of Mahabubnagar Chincholi section from Km 0/0 to Km 60/255 of NH-167N in the state of Telangana under Annual plan 2021-22 on EPC modepackage-I under NHO Job No.167N-TS- 2021-22-75,MoRTH,0.0,15.9,Significant overrun/delay
617989,Construction of Major Bridge at Km.180.865 across river Krishna on NH 167 Hagari Jadcherla section,618208,Construction and upgradation of existing road to 2-lane with paved shoulder from existing chainage Km 509.725 to Km 528.000 design chainage Km 490.550 to Km 507.850 of NH-58 new NH-07 Benakuli bend to Mana Village in EPC mode under Chardham Programme in the State of Uttarakhand.,MoRTH,0.0,0.0,Recovered / on track
617998,Widening to existing 2 lane with paved Shoulder to 4 Lane with paved shoulder from design Km 153.00 to 168.27 Mala Gate to Karkala of NH -169 on Shimoga - Mangalore section in the state of Karnataka on EPC mode under Annula Plan 2021-22 Job No. NH-169-KNT-2021-22-949,618045,"Construction of Mihona bypass, Lahar bypass, Daboh bypass & Bhander Bypass total length 20.60 km to 2-lane with paved shoulder from on Mihona-Bhander-MP/UP border section of NH 552E in the State of Madhya Pradesh on EPC mode",MoRTH,0.0,0.0,Recovered / on track
617999,Widening to 2LPS from Km 67 to Km 115 on Kadur-Hosadurga section NH 173 in the state of Karnataka NH-173-KNT-2022-23-980 dated 13.03.2023,618027,Widening to 2LPS from Km 71.00 to 104.00 Existing chainages Sarjapur to Pattadkallu on Bhanapur to Gaddanakeri section NH-367 in the State of Karnataka under NHO on EPC mode under Annual Plan 2022-23 NH-367-KNT-2022-23-972 dated 08.02.2023,MoRTH,0.0,0.0,Recovered / on track
618000,Widening to 2-Lane with Paved Shoulders from Km 116.800 to 149.070Design Changes on Hosadurga - Holalkere Section of NH-173 in the State of Karnataka on EPC mode under Annual Plan 2021-22 Job no. NH-173-KNT-2021-22-946,619160,Balance works in AP Portion and punch list items in TN & AP portion of NH-205,National Highways Authority of India [NHAI],-31.9,12.0,Significant overrun/delay
618027,Widening to 2LPS from Km 71.00 to 104.00 Existing chainages Sarjapur to Pattadkallu on Bhanapur to Gaddanakeri section NH-367 in the State of Karnataka under NHO on EPC mode under Annual Plan 2022-23 NH-367-KNT-2022-23-972 dated 08.02.2023,618081,Construction of Mariahu Bypass with four lane paved shoulder configuration Km. 53.540 to Km.59.200 of NH-135A on EPC mode in the state of Uttar Pradesh,MoRTH,-17.3,3.9,Significant overrun/delay
618028,"Construction of Bypass at Kuknoor, Yelburga, Gajendragada of Bhanapur Gaddanakeri section of NH-367 in the State of Karnataka under NHO on EPC mode under Annual Plan 2022-23. NH-367-KNT-2022-23-973 dated 08.02.2023",617951,Construction of Chintamani Bypass from Design Ch.0000 Existing Ch.428880 to Design Ch.15400 Existing Ch.444010 on NH-69 in the State of Karnataka in EPC Mode under NHO Annual Plan 2022-23. NH-69-KNT-2022-23-989 dated 24.03.2023,MoRTH,0.0,0.0,Recovered / on track
618029,Widening to 4 lane from Km. 133.00 to 158.04 design Chainage Km. 130.88 to 155.145 Shirur Cross to Gaddankeri of NH-367 in the State of Karnataka on EPC mode. Job No. NH-367-KNT-2021-22-930,618109,Widening to 4 lane from Km 51.60 to 76.20 Hebri to Parkala and from Km 85.20 to 88.90 Karavali junction to Malpe of Thirthahalli-Udupi-Malpe Section of NH-169A in the State of Karnataka on EPC Mode under Annual plan 2021-22 Job No. NH-169A- KNT-2021-22-927,MoRTH,0.0,17.0,Significant overrun/delay
618030,Widening to 2 lane with paved shoulder from Km. 103.225 Pattadakal to Km. 133.00 Shirur cross of NH-367 in the state of Karnataka on EPC Mode.Job No. NH-367-KNT- 2021-22-934,618087,Widening to intermediate/two lane to 2 lane with paved shoulder from Existing chanages Km 112.750 to 142.00 Liingasur to Mudabal cross & from Km. 147.070 to Km. 149.070 Maski city limit of Jewargi Chamrajnagar setion of NH-150A in the state of Karnataka on EPC mode. Job No. NH-150A-KNT-2021-22-951,MoRTH,0.0,22.0,Significant overrun/delay
618031,Balance work of Construction of Two/Four lane with paved shoulder from Km 422.000 to 523.600 Chitradurga to Shivamogga of NH-13 in the state of Kanataka on EPC mode.,618316,4-Laning of Vairengte - Chhimluang section Package-3 of NH-306 from Existing Chainage km 43000 to Km 59700 Design Chainage km 46000 to km 60850 on Silchar - Vairengte- Sairang road in the State of Mizoram under Bharatmala Pariyojna under NHO-NE. Package-1&2 in Assam state,NHIDCL,0.0,-1.0,Recovered / on track
618086,"Widening to Two Lane with Paved Shoulders from KB Cross to Chunchanahalli ie., Design Ch. 485240 Km Existing Km 494.000 to Design Ch. 523393 Km Existing km 533.152 & From Design Ch. 530393 Existing Km 540.175 to Design Ch. 534476 Existing Km 544.200 at Nelligere of NH-150A on EPC mode under Annual Plan 2022-23 NH-150A-KNT-2022-23-977 dated 08.03.2023",618404,Construction of lntermediate Lane Road with hard shoulder from design chainage Km 0.000 to Km 53.040 Existing Length68.500 Km & Total Design length 53.04 km of Tato to Monigong section of NH-913 Frontier Highway on Nafra Bomdila to Vijaynagar along China border in state of Arunachal pradesh on EPC mode,NHIDCL,0.0,0.0,Recovered / on track
618087,Widening to intermediate/two lane to 2 lane with paved shoulder from Existing chanages Km 112.750 to 142.00 Liingasur to Mudabal cross & from Km. 147.070 to Km. 149.070 Maski city limit of Jewargi Chamrajnagar setion of NH-150A in the state of Karnataka on EPC mode. Job No. NH-150A-KNT-2021-22-951,618030,Widening to 2 lane with paved shoulder from Km. 103.225 Pattadakal to Km. 133.00 Shirur cross of NH-367 in the state of Karnataka on EPC Mode.Job No. NH-367-KNT- 2021-22-934,MoRTH,0.0,31.0,Significant overrun/delay
618095,Widening to Two Lane with Paved Shoulders from Km 0.00 Design Chainage 0.00 to Km 23.338 Design Chainage 23310 of NH-166E MH/KNT Border- Kanamadi- Bijjargi- Tikota section in the state of Karnataka in EPC Mode under Annual plan 2022-23 NH- 166E-KNT-2022-23-974,617969,Construction of 4 Lane ROB and its approaches at the level crossing LC No 29 B of Km 29 Ekangarsarai at NH 110 New NH 33 & Railway Km 32.63 at Fatwa FUT Islampur IPR section in the state of Bihar on EPC mode.,MoRTH,0.0,0.0,Recovered / on track
618109,Widening to 4 lane from Km 51.60 to 76.20 Hebri to Parkala and from Km 85.20 to 88.90 Karavali junction to Malpe of Thirthahalli-Udupi-Malpe Section of NH-169A in the State of Karnataka on EPC Mode under Annual plan 2021-22 Job No. NH-169A- KNT-2021-22-927,618029,Widening to 4 lane from Km. 133.00 to 158.04 design Chainage Km. 130.88 to 155.145 Shirur Cross to Gaddankeri of NH-367 in the State of Karnataka on EPC mode. Job No. NH-367-KNT-2021-22-930,MoRTH,-11.0,24.0,Significant overrun/delay
618144,Construction of Major Bridge Across Sharavathi Backwaters and approches between Ambargodu and Kalasavalli Near Sigandhur in Sagar Taluk on NH 369E in the State of Karnataka on EPC mode.Job No. NH-369E-KNT-2018-19-895 dated 06.03.2019.,618611,Sangariya near Chautala-Rasisar near Bikaner section of NH-754K Phase-I AJ/SR- Package-7,National Highways Authority of India [NHAI],5.3,35.0,Significant overrun/delay
618147,Widening to 2 Lane with Paved Shoulders from design Km 103.200 Existing Km 103.200 to design Km 116.700 Existing Km 118.470 on AP/KNT Border to Sira Section of NH-544E in the State of Karnatakaon EPC mode under Annual plan 2022- 23,617949,Tadipatri Bypass Km 0000 to Km 6285 of 4-Lane on NH-67 in Anantapuramu district of AP state under NHO on EPC Mode under Annual Plan 2022-23,MoRTH,0.0,0.0,Recovered / on track
618149,Widening to two lane with paved shoulders from Km 0.00 to 102.310 Design Chainage of NH-548B Murrum-Maharashtra Border in the State of Karnataka,618817,4L Access Controlled Greenfield Highway section on NH-163G Khammam Vijayawada from V. Venkatayapalem village at Design Ch. 220.480 Km to BrahmanapalliK village at Design Ch. 250.400 Km Package-I.,National Highways Authority of India [NHAI],5.0,3.0,Significant overrun/delay
618184,Construction of 2 Lane with paved shoulder from km 55.6 to km 90.7 existing chainages of NH-766C complete Realignment of 13.76 km with 2 major Bridges across Sharavathi Backwaters on EPC mode under Annual Plan 2022-23 in the state of Karnataka NH-766C-KNT-2022-23 dated 14.10.2022,618157,Construction of Ater realignment & Bhind bypass Total length. 21.50 km Section of NH-552Extn. to Two lane with paved shoulder configuration in the State of Madhya Pradesh on EPC mode.,MoRTH,0.0,6.0,Significant overrun/delay
618185,Widening to 2LPS from Km 0.000 to 37.850 Except Ex. Km 24.45 to 27.20 of NH-766c Byndoor-Ranebennur Section in the state of Karnataka on EPC Mode under Annual Plan 2022-23 NH-766C-KNT-2022-23-969 dated 30.12.2022,618040,Rehabilitation and Upgradation to Two lanes with Paved Shoulders configuration and Strengthening from Km 175.00 to Km 196.00 Gumkhal to Satpuli of NH-119 New NH- 534 in the State of Uttarakhand under NHO Annual Plan 2021-22 under EPC mode,MoRTH,0.0,0.0,Recovered / on track
618189,Widening to Two Lane with Paved Shoulder of NH-73 New Spur Road Ujire - Dharmasthala - Periyashanthi in the State of Karnataka under on HAM under NHO Annual Plan 2023-24Job No NH-73Spur-KNT-2023-24-996,617912,Construction of 6 lane flyover from Khapari ROB to Mihan Interchange design chainage km 8760 to 11450 L- 2.69 km and upgradation of existing 4L PS road to 6LPS with service road by flexible pavement design chainage km 11450 to 14500 L- 3.05 [total project length 5.74 km] in section of Nagpur - Hyderabad NH-44 Old NH-7 in Nagpur district in the state of Maharashtra on HAM mode.,MoRTH,0.0,0.0,Recovered / on track
618517,4/6L of Bangalore - Pune Section of bypass connecting Dharwad - Hubli from km. 403.80 to km. 433.20,618478,Bangalore Chennai Expressway Phase-III Package II Walajahpet to Arakkonam from Km 180.000 to Km 204.500,National Highways Authority of India [NHAI],0.0,24.0,Significant overrun/delay
618518,Davanagere - Haveri of NH-48 Old NH-4 from km. 260.00 to km. 338.923,619078,Six Laning of Bihar - Jharkhand Border Chordaha - Gorhar section of NH-2 from km 249.525 to km 320.810,National Highways Authority of India [NHAI],-4.7,61.0,Significant overrun/delay
618520,4L of km 0.00 to km 42.00 of Dobbaspet to Doddaballapura Bypass section of NH-648 old NH-207] [Bangalore Ring Road Pkg 1],619073,4L of 42.000 to km 80.00 of Dodaballapur Bypass to Hoskote section of NH-648 Old NH-207 [Bangalore Ring Road Pkg 2],National Highways Authority of India [NHAI],40.1,39.9,Significant overrun/delay
618630,6L of MH/KN Border Nimbal Village to KN/TS Border Singnodi Village from Km. 26.000 to Km. 97.000 in Gulbarga of NH-150C Pkg-II,618604,Aroor-Thuravoor Thekku,National Highways Authority of India [NHAI],-1.9,11.0,Significant overrun/delay
618649,4 Lane with PS from Des. Ch 228.500 to Des. Ch. 273.400 of Belgaum-Hungund- Raichur Section of NH 748 A Package-6,618808,6L Elevated Kona Expressway from Km. 0.145 to Km. 7.337 of NH-117,National Highways Authority of India [NHAI],-0.8,12.0,Significant overrun/delay
618650,4 Lane with PS from Des. Ch 89.900 to Des. Ch. 136.100 of Belgaum-Hungund- Raichur Section of NH-748A Package-3,618206,Widening and Strengthening of Rafiabad-Kupwara-Chowkibal-Tangdhar-Chamkot NH- 701 road from design Ch. From 0000 to 51000 to two lanes with paved shoulders under Project Beacon in the UT of Jammu & Kashmir on EPC mode Package-I.,MoRTH,0.0,0.0,Recovered / on track
618651,4 Lane with PS from Des. Ch 43.800 to Des. Ch. 89.900 of Belgaum-Hungund- Raichur Section of NH-748A Package-2,618206,Widening and Strengthening of Rafiabad-Kupwara-Chowkibal-Tangdhar-Chamkot NH- 701 road from design Ch. From 0000 to 51000 to two lanes with paved shoulders under Project Beacon in the UT of Jammu & Kashmir on EPC mode Package-I.,MoRTH,0.0,0.0,Recovered / on track
618697,4LPS Access Controlled Highway of Bellary Bypass Balance work from Ch. 254750 to Ch. 266837 and construction of 4LPS from Ch. 277.690 to Ch. 278.690 at D. Hirehal Village Balance work of NH 150A of Bellary Byrapura Section,618369,Improvement and Widening to 2-lane with paved shoulder of road from existing Km 438.170 Khowai Chowmuhani to existing Km 439.410 South Pulinpur of NH-08 and from design Km 0.000 South Pulinpur to design Km 36.00 near Rangamati of NH 208 on Khowai Teliamura- Harina section Total length 37.24 in the state of Tripura on EPC mode under JICA ODA Loan Phase VI Package-2,NHIDCL,0.0,0.0,Recovered / on track
618698,Challakere to Hariyur section from km 358.500 to km 414.205 of NH-150 A,618692,Aligarh-Kanpur Pkg I [Aligarh-Bhadwas],National Highways Authority of India [NHAI],68.7,50.0,Significant overrun/delay
618702,4L of Addahole Near Gundya to Bantwal Cross section Pkg-02 from Design Km 270.270 to Design km 318.55 including flyover at Kalladka Town including approaches from Km. 311.57 to Km. 313.67 of NH-75 Old NH-48,618484,Delhi-Amritsar-Katra Expressway Phase-I Pkg-III from Junction with Jind-Panipat road NH-352A near Gangana village to Junction with Jind-Karnal road NH-709A near Alewa village Km 60800 to Km 91400,National Highways Authority of India [NHAI],12.9,5.0,Significant overrun/delay
618706,Bangalore-Nidagatta Pkg. I,619120,Nidagatta-Mysore Pkg II,National Highways Authority of India [NHAI],40.9,48.0,Significant overrun/delay
618707,Additional works under BM1 to ensure road safety under 6L of Bengaluru Mysuru Access control with close toll from Km.17.300 to Km.136.300 of NH-275,618150,Rehabilitation and Up-gradation of i. Deogaon phata to Digras phata Ch. 0/000 to 15/000 & Selu to Borgavhan Ch 20/900 to 35/800 [Length 29.9km] ii. Injegaon Dhamoni to Pohner Phata Ch.58/200 to Ch. 83/700 [Length25.5 km] and iii. Pohner phata to Pathri Design Ch. 42/700 to 58/200 [Length 15.5 km] sections of NH-548B to Two lane with paved shoulder configuartion in the state of Maharashtra on EPC mode Total project length 70.9 Km.,MoRTH,0.0,0.0,Recovered / on track
618709,4L of Left-Over Works of Hospet-Bellary -Karnataka/AP border from Km.280.080 Dec.Ch. to Km.375450Des.Ch. of NH-63 New-67,618960,4 Lane Inner Ring Road around Allahabad City Pkg-2 Prayagraj Southern Bypass 43.200 - 50.860,National Highways Authority of India [NHAI],-26.9,12.0,Significant overrun/delay
618799,Belakeri Port to Kumta - Sirsi road from km 0.00 - km 4.265 of Belekeri Port Road Link Rd. and km 4.965 - km 60.00 of SH-69,618330,Construction of 4/6 Laning from existing Km 159.400 of NH-36 to existing Km 102.500 of NH-39 and upto end point of Assam portion [Design Km 118.050 to design Km 132.375] Total New Alignment length of 14.325 Km of Daboka -Dimapur Section Dimapur Bypass in the state of Assam under SARDP-NE 'Phase-A' on EPC mode Assam Portion,NHIDCL,0.0,34.0,Significant overrun/delay
618870,4L PS from near Hemmige Village Periyapatna - Hassan Road Jn. to near Hunsur - KR Nagar Jn section from Km. 144.900 to Km. 169.000 of NH-275 Pkg. III,619143,4L Access Controlled Greenfield Highway section on NH-163G Khammam Vijayawada from BrahmanapalliK village at Design Ch. 250.400 Km to Remidicherla village at Design Ch. 280.200 KmPackage-II,National Highways Authority of India [NHAI],4.4,3.0,Significant overrun/delay
618871,4L PS from Near Guddehosur to Start of Kushalnagara Bypass to near Hemmige Village Periyapatna - Hassan Road Jn from Km. 122.200 to Km. 144.900 of NH-275 Pkg. II,618187,"Rehabilitation and upgradation of Salon - Jais - Jagdishpur Road section of NH-931A, from design Chainage km 0.000 to km 5.740 to four lane divided carriageway and from design Chainage km 5.740 to km 53.500 to two lane with paved Total length km 53.500 along with One time improvement in 04 no's of realigned/bypassed built-up areas in a total length of 9.732 km in the state of Uttar Pradesh on EPC mode",MoRTH,0.0,0.0,Recovered / on track
618872,4L PS from near Hunsur - KR Nagar Junction to near Yalachahalli village KR Nagara - Yelawala Road Junction fcrom Km 169.000 to Km 195.550 of NH-275 Pkg-IV,618718,6L Access Controlled Greenfield Highway from Kavulakuntla Ch. 196000 to Narayanmpet Ch. 203500Package-09,National Highways Authority of India [NHAI],-12.4,1.9,Recovered / on track
618873,4L PS from near Yalachahalli village KR Nagara - Yelawala Road junction to Srirangapatna Bypass Near Paschima Vahini from km 195.550 to Km 214.535 of NH- 275 Pkg-V,618811,4L Access Controlled Greenfield Highway Section Mancherial Warangal from Pangidipalle village at Design Ch. 72.350 Km to Oorugonda village at Design Ch. 112.240 KmPackage-III,National Highways Authority of India [NHAI],-1.1,0.0,Recovered / on track
618887,4L of Bettadahalli- Shivamogga section from Km.170.415 to km. 226.750 of NH-206 Tumkur- Shivamogga Pkg-IV,619202,Dwarka Expressway from Km -0.600 to Km 5.300 - Pkg-I Shivmurti Chowk-RuB near Dwarka Sector 21,National Highways Authority of India [NHAI],83.2,44.0,Significant overrun/delay
618896,4L of Sannur to Bikarnakatte section from Km 691.350 to Km 736.362 of NH-169 Karkala - Mangalore Package-III,619318,4/6L Greenfield Ludhiana Rupnagar highway from Jn. with NE-5 village near to ManewalLudhiana to Jn. with NH-205 near Bheora Village Rupnagar from Km. 0.00 to Km. 37.7 including spur to Kharar with Ludhiana bypass of NH-205K Pkg-1,National Highways Authority of India [NHAI],1.0,36.0,Significant overrun/delay
619070,Tumkur-Chitradurga,619086,Chengapalli km 102.035 to Neelambur Km144.680 and Madukkarai Km 170.880 to Walayar K183.010 Package No. NS-2/BOT/TN-08,National Highways Authority of India [NHAI],-66.5,163.0,Significant overrun/delay
619071,Tumkur - Nelamangala 6L,618493,Delhi-Amritsar-Katra Expressway Phase-I Spur-I from Jn. with Kapurthala - Sultanpur Lodhi Road NH-703A near Isharwal village to Jn. with Kapurthala - Tarn Taran road NH-703AA near Goinwal Sahib [Km 24000 to Km 41000 of Amritsar connectivity],National Highways Authority of India [NHAI],-29.8,23.0,Significant overrun/delay
619072,Bangalore/TN border to Hoskote,619212,6L Access Controlled Greenfield Highway of Julekal village to Dinnedevarapadu village from Km 242.200 to Km 280.400 Pkg-2,National Highways Authority of India [NHAI],7.2,23.0,Significant overrun/delay
619073,4L of 42.000 to km 80.00 of Dodaballapur Bypass to Hoskote section of NH-648 Old NH-207 [Bangalore Ring Road Pkg 2],618460,Delhi-Vadodara Greenfield Alignment NH-148N Pkg-28 Ch.756052 to Ch.781282,National Highways Authority of India [NHAI],0.3,30.0,Significant overrun/delay
619096,Goa / Karnataka Km.93.700 to Kundapur Km.283.30,618904,Chhapra - Hajipur from km. 143.200 to km. 209.200,National Highways Authority of India [NHAI],2.1,153.0,Significant overrun/delay
619106,4 Lane with PS from Des. Ch 182.300 to Des. Ch. 228.500 of Belgaum-Hungund- Raichur Section of NH 748 A Package-5,618813,4L Access Controlled Greenfield Section Mancherial Warangal from Narva village at Design Ch. 3.834 Km to Puttapaka village at Design Ch. 35.300 Km Package-I,National Highways Authority of India [NHAI],-2.1,10.0,Significant overrun/delay
619107,4 Lane with PS from Des. Ch 136.100 to Des. Ch. 182.300 of Belgaum-Hungund- Raichur Section of NH-748A Package-4,618309,Widening/lmprovement to 4-Laning and Greenfield alignment with Paved shoulder of Silchar-Badarpur Churaibari section of NH-37 & NH-8 from Design chainage 38.600 End point of proposed Badarpur Bypass to Km. 62.800 Start point of proposed Nilambazar/Cheragi Bypass in the state of Assam on HAM Mode Package-4,NHIDCL,0.0,0.0,Recovered / on track
619108,4 Lane with PS from Des. Ch 0.000 to Des. Ch. 43.800 of Belgaum-Hungund-Raichur Section of NH-748A Package-1,618206,Widening and Strengthening of Rafiabad-Kupwara-Chowkibal-Tangdhar-Chamkot NH- 701 road from design Ch. From 0000 to 51000 to two lanes with paved shoulders under Project Beacon in the UT of Jammu & Kashmir on EPC mode Package-I.,MoRTH,0.0,0.0,Recovered / on track
619117,Hassan km 184.912 to Maranahally km 230.060 of NH - 75 in Karnataka,619103,4/6 Laning of Raipur-Simga Pkg-I from km. 0.00 to km. 48.58,National Highways Authority of India [NHAI],6.9,97.0,Significant overrun/delay
619120,Nidagatta-Mysore Pkg II,618847,Sattanathapuram to Nagapattinam from Km 123.800 to Km 179.555,National Highways Authority of India [NHAI],0.0,46.0,Significant overrun/delay
619121,4L of Hubli - Hospet Section of NH-63 from Km 128.850 to Km 272.571,619150,BRT Tiger Reserve Boundary Km.287.500 to Bangalore Section Km.458.420 of NH- 209 in Karnataka,National Highways Authority of India [NHAI],37.3,81.0,Significant overrun/delay
619138,Yekkambi-Haveri,618110,Improvement and upgradation to two lane with Paved Shoulder configuration from existing km 55.00 to km 90.00 Design length 34.76 of NH-227A near Chhapia Village to near Sikriganj in the State of UP on EPC Mode.,MoRTH,0.0,14.0,Significant overrun/delay
619144,Hospet - Chitradurga from km. 299.00 to km. 418.750,619152,Bakhtiyarpur Km 153.300 to Mokama Km 197.900,National Highways Authority of India [NHAI],60.5,77.0,Significant overrun/delay
619150,BRT Tiger Reserve Boundary Km.287.500 to Bangalore Section Km.458.420 of NH- 209 in Karnataka,619121,4L of Hubli - Hospet Section of NH-63 from Km 128.850 to Km 272.571,National Highways Authority of India [NHAI],42.9,74.0,Significant overrun/delay
619164,Belgaum-Khanapur Pkg I Km 0.000-Km 30.800 of NH-4A,619203,Vadape to Thane from km 539.202 to km 563.000 section of NH-3 new NH-848,National Highways Authority of India [NHAI],9.4,58.0,Significant overrun/delay
619211,6L of MH/KN Border Nimbal Village to KN/TS Border Singnodi Village from Km. 97.000 to Km. 162.500 in Yadgir of NH-150C Pkg-III,619087,Widening to 6L of Existing 4L Jetpur - Gondal - Rajkot Section from Km. 117.600 to Km. 185.00 on NH-27,National Highways Authority of India [NHAI],-32.9,16.0,Significant overrun/delay
619214,4L of Channarayapatna Bypass and Hassan Bypass with structures in Devihalli - Hassan section,618454,"Earthwork in Formation, Road Work, Construction of Bridges, Blanketing, P. Way Linking works including Supply of P. Way Fittings and Track Ballast in connection with Construction of Railway Siding from Jogighopa Railway Station to MMLP at Jogighopa from Ch. 00 to 3760 on Item Rate basis Package -3, Railway Siding from Jogighopa Railway Station to MMLP",NHIDCL,0.0,27.0,Significant overrun/delay
619218,4L Tumkur-Shimoga Pkg-I from Mallasandra to Karadi village of NH-206 from Km. 12.300 to Km. 65.195,618463,Vadodara Mumbai Expressway Kim to Ankleshwar Phase IA - Pkg V,National Highways Authority of India [NHAI],111.9,56.0,Significant overrun/delay
619219,4L of Tumkur-Shimoga Pkg-II from Km 65.195 Karadi to Km 121.900 Banawara of NH-206,619218,4L Tumkur-Shimoga Pkg-I from Mallasandra to Karadi village of NH-206 from Km. 12.300 to Km. 65.195,National Highways Authority of India [NHAI],24.0,56.0,Significant overrun/delay
619220,Tumkur-Shimoga Pkg-III from Km 121.900 Banawara to Km 170.415 Bettadahalli of Old NH-206,619098,Kozhikode Bypass Calicut Bypass Vengalam Jn. to Ramanattukara Jn.,National Highways Authority of India [NHAI],50.1,38.9,Significant overrun/delay
618070,Widening to 2 Lanes with paved shoulders from Km.87/000 to 133/720 Nattukal to Thanau Jn. in Palakkad of NH-966 Old NH-213 on EPC mode Basis under NHO Annual Plan 2016-17 in the state of Kerala,617995,Widening to Two Lane with Paved Shoulders from Km 67.000 to Km 114.425 of Kalwakurthy- Mallapally Section of NH 167 Erstwhile section of SH 18 in the State of Telangana on EPC mode under NH O Annual Plan 2016-17,MoRTH,0.0,79.0,Significant overrun/delay
618595,6L of Chengala - Neeleshwaram from km. 56.200 to km. 93.468,618700,Renigunta - Poyya - Naidupeta km 124.60 to km 183.4 of NH 71,National Highways Authority of India [NHAI],34.7,28.0,Significant overrun/delay
618596,6L of Taliparamba to Muzhappilangad from Km 134.650 to Km 170.6 of NH-66,619206,6L of Perole Nileshwar town to Taliparamba from Km 94.248 to Km 134.650 of NH-66,National Highways Authority of India [NHAI],27.2,37.9,Significant overrun/delay
618597,6L of Azhiyur-Vengalam from km. 189.200 to km. 230.400 of NH-66,619206,6L of Perole Nileshwar town to Taliparamba from Km 94.248 to Km 134.650 of NH-66,National Highways Authority of India [NHAI],27.2,37.9,Significant overrun/delay
618598,6L Minor Bridge Paloli Palam at km. 203.160 & Major Bridge Morad at km. 204.895 and allied works,618342,Rehabilitation and upgradation to 2 Lane with Paved shoulder of Economic corridor of NH-6 from Design chaiange Km 0.000 to Km 13.510 Package-1 in the state of Mizoram under Bharatmala Pariyojana on EPC mode,NHIDCL,0.0,24.0,Significant overrun/delay
618599,6L of Ramanatukkara Junction to start of Valanchery bypass section of NH-66,618602,6L of Thalikulam to Kodugallur section from km 369.015 to km 397.850 of NH - 66 old NH-17,National Highways Authority of India [NHAI],0.0,15.9,Significant overrun/delay
618600,6L of Valanchery bypass to Kappirikkad of NH 66 from km. 298500 to km 335850,618472,Vadodara Mumbai Expressway Phase II - Pkg XVI [Km. 43.000 to Km. 69.800 of Spur] Amne - Bhoj,National Highways Authority of India [NHAI],6.5,20.0,Significant overrun/delay
618601,6L of Kappirikkad to Thalikulam section from km 335.85 to km 369.015 of NH - 66 old NH-17,618602,6L of Thalikulam to Kodugallur section from km 369.015 to km 397.850 of NH - 66 old NH-17,National Highways Authority of India [NHAI],0.0,15.9,Significant overrun/delay
618602,6L of Thalikulam to Kodugallur section from km 369.015 to km 397.850 of NH - 66 old NH-17,618601,6L of Kappirikkad to Thalikulam section from km 335.85 to km 369.015 of NH - 66 old NH-17,National Highways Authority of India [NHAI],0.0,17.0,Significant overrun/delay
618603,6L of Kodugallur to Edapppally section from km 397.750 to km 423.780 of NH - 66 old NH-17,618481,4L Bangalore-Chennai Expressway from Km. 230.000 to Km. 261.705 of Kanchepuram to Sriperumbudur Section Phase-III/Package-IV,National Highways Authority of India [NHAI],0.0,27.0,Significant overrun/delay
618604,Aroor-Thuravoor Thekku,618630,6L of MH/KN Border Nimbal Village to KN/TS Border Singnodi Village from Km. 26.000 to Km. 97.000 in Gulbarga of NH-150C Pkg-II,National Highways Authority of India [NHAI],-18.4,17.0,Significant overrun/delay
618605,Thuravoor Thekku-Paravoor,618541,4L Ring road/bypass around Srinagar city from km 0.000 to km 42.100 Phase-I,National Highways Authority of India [NHAI],-10.8,28.9,Significant overrun/delay
618606,Paravoor-Kottankulangara,618603,6L of Kodugallur to Edapppally section from km 397.750 to km 423.780 of NH - 66 old NH-17,National Highways Authority of India [NHAI],4.1,20.0,Significant overrun/delay
618607,Kottankulangara- Start of Kollam Bypass,618605,Thuravoor Thekku-Paravoor,National Highways Authority of India [NHAI],-8.3,27.0,Significant overrun/delay
618708,Widening/Development of Existing NH-85 from Km 0.000 to Km 124.636 section to 2L/LPS section in the state of Kerala on EPC Mode under Bharatmala Pariyojana,618935,4L Ambala - Kalaamb from Km. -0.800 to Km. 33.015 of old NH-72,National Highways Authority of India [NHAI],0.6,11.0,Significant overrun/delay
619098,Kozhikode Bypass Calicut Bypass Vengalam Jn. to Ramanattukara Jn.,619220,Tumkur-Shimoga Pkg-III from Km 121.900 Banawara to Km 170.415 Bettadahalli of Old NH-206,National Highways Authority of India [NHAI],27.0,45.0,Significant overrun/delay
619206,6L of Perole Nileshwar town to Taliparamba from Km 94.248 to Km 134.650 of NH-66,618597,6L of Azhiyur-Vengalam from km. 189.200 to km. 230.400 of NH-66,National Highways Authority of India [NHAI],21.6,34.0,Significant overrun/delay
619207,Start of Kollam Bypass - Kadambattukonam,618498,6L Greenfield Kanpur - Lucknow Expressway Pkg II from km. 28.500 to km. 73.744,National Highways Authority of India [NHAI],0.7,11.0,Significant overrun/delay
619208,Kadambattukonam-Kazhakuttom,618481,4L Bangalore-Chennai Expressway from Km. 230.000 to Km. 261.705 of Kanchepuram to Sriperumbudur Section Phase-III/Package-IV,National Highways Authority of India [NHAI],0.0,27.0,Significant overrun/delay
618408,Kargil Zanskar Road,618410,Widening & Up-gradation to 2 lane with paved shoulder of NH-301 Kargil- Zanskar Road from Design Km .30.040 Ex. Km. 30.000 to Design Km 57.000 Ex. Km. 57.905 of 26.960 Km length Pkg-II,NHIDCL,0.0,45.0,Significant overrun/delay
618409,Widening & Up-gradation to 2 lane with Paved shoulder of NH-301 Kargil- Zanskar Road from Design km 57.000 Ex. Km. 57.905 to Km 87.000 Ex. Km. 88.2491 of 30.000 Km length Pkg-lll,618408,Kargil Zanskar Road,NHIDCL,0.0,42.0,Significant overrun/delay
618410,Widening & Up-gradation to 2 lane with paved shoulder of NH-301 Kargil- Zanskar Road from Design Km .30.040 Ex. Km. 30.000 to Design Km 57.000 Ex. Km. 57.905 of 26.960 Km length Pkg-II,618408,Kargil Zanskar Road,NHIDCL,0.0,42.0,Significant overrun/delay
617909,Construction of Rewa Bypass to 4-lane with paved shoulder along with service road from Ratahara Chowk to Chorhata Chowk Road section of NH-30 from km 00.000 to 19.200 in the State of Madhya Pradesh on Hybrid Annuity Mode HAM.,618616,4L of Dhrol bypass section of NH-151A Approx. length 5.7 Km & widening upto 4 laning of missing link of Amran section of NH-151A Approx. length 6.55 Km from existing Ch. 42000 to 48500 of ongoing Dhrol-Bhadra-Pipaliya section of NH-151A,National Highways Authority of India [NHAI],-27.2,0.0,Recovered / on track
617911,Rehabilitation and upgradation Umaria to Shahdol section of NH-78 from Existing Km. 68/4 to Km. 142/2 to 2LPS including construction of Birshinghpur and Shahdol Bypass on EPC mode under NHDP-IVA,618007,Jaynagar-Narahia Section km 156.500 to km 219.945 Lot-III,MoRTH,27.7,91.0,Significant overrun/delay
617914,Upgradation and reconstruction of Shahpura-Dindori Section of NH 45 from Km 103.700 Design to Km 164.580 Design including 3 bypasses Total length 60.88km to Two lane with paved shoulder configuration along with One time improvement in 03 nos of bypassed built-up areas in a total length of 12.341 km in the State of Madhya Pradesh on EPC mode,617904,Construction of Bypass road to Balangir town from km 72/400 Desing km 0/0 to km 79/800 Design km 11/670 of NH-26 in the State of Odisha.,MoRTH,0.0,9.0,Significant overrun/delay
617915,Upgradation of Dindori-Sagartola-kabichabutra MP-CG border section of NH -45 from km 000Design to km 77.00 Design to Two lane with paved shoulder configration along with one time improvement in 04 nos. of bypaased built-up areas in a total length of 9.1 km in the state of Madhya Pradesh on EPC mode.,618124,Rehabilitation and upgradation from km 51.600 to km 75.700 of NH-321G Nuhkhas to Etah section to two lane with paved shoulder configuration under EPC mode in the State of Uttar Pradesh,MoRTH,0.0,10.0,Significant overrun/delay
618019,Upgradation & widening of Jharkheda- Berasia - Dholkhedi from design km 0000 to km 87900 Design length 87.90km of NH-346 including 3 nos. bypasses of 13.10 Km in the State of Madhya Pradesh under EPC mode.,618018,Upgradation of Bilaspur-Takhatpur-Mungeli-Pandariya-Pondi Road on N.H.-130A Package IIIA Takhatpur By-pass from existing Ch. 26.542 to 32.093 [Design Ch. 18.700 to 25.900] & Mungeli By-pass from existing Ch. 45.786 to 56.275 [Design Ch. 29.600 to 51.600] and Package IIIB Pandariya By-Pass from existing Ch. 82.582 to 87.133 [Design Ch. 77.900 to 81.1000 & Pondi By-pass from existing Ch. 103.166 to 104.756 [Design Ch. 97.000 to 103.395] to two lane with paved shoulder configuration in the,MoRTH,0.0,17.0,Significant overrun/delay
618020,"Rehabilitation & Upgradation of KurwaiMungaoliChanderi Road section of NH-346, from Design Chainge 0.000 to 81.300 Km Total length 83.1 km to Two lane with paved shoulder configuration along with One time improvement in 07 nos of bypassed built- up areas in a total length of 22.615 km in the state of Madhya Pradesh on EPC mode.",617954,Balance work of Rehabilitation and upgrading to 2lane/2lane with paved shoulder configuration and strengthening from from Km 343.80 to 400.33 of Gowribidanur-Chik Ballapur section in the state of Karnataka Under Annual Plan 2021-22 under EPC Mode.-952,MoRTH,0.0,13.9,Significant overrun/delay
618021,Up-gradation of Pichhore- Dinara section of NH-346 from Km 292.750 to 334.550 to two lane with paved shoulders in the state of Madhya Pradesh on EPC mode,617926,Construction of new 4 lane major bridge with approaches on Sabarmati River near Dharoi at Km. 82/00 to 86/00 Design length 3.300 km on NH-58 in the State of Gujarat on Hybrid Annuity Mode HAM,MoRTH,0.0,0.0,Recovered / on track
618035,Rehabilitation & Upgradation of existing intermediate lane to two Lane with paved shoulder from km. 0.600 Gulganj bypass on NH-34 to km. 43.00 Barna River length 42.400 km. on Gulganj-Amanganj-Pawai-Katni NH43 Extn. in the state of Madhya Pradesh on EPCmode.,618254,Construction of Paderu bypass Km 0000 to Km 13000 of 2- lane with paved shoulder on NH-516E,MoRTH,0.0,5.0,Significant overrun/delay
618036,Upgradation and reconstruction of existing intermediate lane to two Lane with paved shoulder configuration from km. 43.00 Barna River to km. 77.00 ken river length 34.00 km. on Gulganj-Amanganj-Pawai-Katni NH43 Extn. along with One time improvement in 01 no. of bypassed built-up area in a total length of 1.585 km in the state of Madhya Pradesh on EPCmode.,617986,Kurnool/Kadapa Border-Jammalamadugu section of NH-167K i.e. Design Ch. Km 248010 to km 269900 to 2,MoRTH,0.0,0.0,Recovered / on track
618043,Upgradation and reconstruction of Dindori - Mandla Section of NH 543 from Km 77100 Design to Km 170580 Design Total length 93.48km to Two lane with paved shoulder configuration along with One time improvement in 04 nos of bypassed built-up areas in a total length of 7.23 km in the state of Madhya Pradesh on EPC mode,618146,Estimate for Improvement to two lane with paved shoulder from Ramnagar to Roseda from km 3.500 to 43.000 of NH 527 E on EPC mode in State of Bihar,MoRTH,0.0,12.0,Significant overrun/delay
618044,Upgradation of Shahdol- Sagartola Section of NH 543 from km 0000 to km 69400 to 2 lane with paved shoulders under Hybrid Annuity Mode HAM in the State of Madhya Pradesh,618561,Improving the Alignment of Thoppur Ghat Section from Km 158.500 to Km 165.100 in Dharmapuri - Salem Section of NH-44,National Highways Authority of India [NHAI],-19.2,0.0,Recovered / on track
618045,"Construction of Mihona bypass, Lahar bypass, Daboh bypass & Bhander Bypass total length 20.60 km to 2-lane with paved shoulder from on Mihona-Bhander-MP/UP border section of NH 552E in the State of Madhya Pradesh on EPC mode",618022,Upgradation to two lane with paved Shoulder Configuaration from Km. 0/00 to 47/000 of NH 351 Mahuva to Badhada section in the State of Gujarat,MoRTH,26.6,16.0,Significant overrun/delay
618068,"Construction of Kaithi-Padaria Kala bypass, Patna-Tamoli bypass, Jaso bypass and Nagod bypass total length 15.44 Km to 2-lane with paved shoulders flexible pavement on NH-943 in the State of Madhya Pradesh on EPC Mode.",618042,"Rehabilitation/ Upgradation of existing Highway to four lane standards in Kurkheda town from km.413257 to km 410775, Two lane in Shankarpur Gurnuli km 42400 to km 43100 section and Reconstruction of Major Bridge at Ch. 448558 Bhuti Nallah and Ch. 411695 Sati River bridge, Minor Bridge at Ch. 411477 and Ch. 405800 Lendhari Bridge of NH 543 Bhamhapuri-wadsa-kurkheda-korchi-Deori-Amgaon road on EPC mode in the State of Maharashtra",MoRTH,0.0,10.0,Significant overrun/delay
618085,Upgradation of Nasrullagani-Rehti-Budhni Scction to 2-lane with paved shoulder from Km 0150 to Km 50500 of NH-146B in the state of Madhya Pradesh on EPC mode.,618570,4L Elevated Highway and at grade improvements at Gopalganj Town from Km. 384.000 to Km. 386.750 on NH-27,National Highways Authority of India [NHAI],-23.5,20.0,Significant overrun/delay
618129,"Construction of Kasrawad bypass, Selani bypass, Khargone bypass & Bistan bypass Total length. 31.950 km Section of NH-347 C to Two lane with paved shoulder configuration in the State of Madhya Pradesh on EPC mode.",618134,Rehabilitation /Upgradation from Lagam to Alapalli section Desing Km. 199/400 to km 227/400 Length 28.0 Km to 2 lane with Paved Shoulders/ 4 lane configuration section of NH-353 C Sakoli-Wadsa-Armori-Gadchiroli-Ashti-Alapalli Sironcha in Gadchiroli District on EPC mode in the state of Maharashtra.,MoRTH,0.0,0.0,Recovered / on track
618156,"Construction of Morena bypass, Ambah bypass & Porsa bypass Totat length 27.16 km Section of NH-552 Ext. to TWo lane with paved shoulder configuration in the state of Madhya Pradesh on EPC mode",618129,"Construction of Kasrawad bypass, Selani bypass, Khargone bypass & Bistan bypass Total length. 31.950 km Section of NH-347 C to Two lane with paved shoulder configuration in the State of Madhya Pradesh on EPC mode.",MoRTH,0.0,0.0,Recovered / on track
618157,Construction of Ater realignment & Bhind bypass Total length. 21.50 km Section of NH-552Extn. to Two lane with paved shoulder configuration in the State of Madhya Pradesh on EPC mode.,618184,Construction of 2 Lane with paved shoulder from km 55.6 to km 90.7 existing chainages of NH-766C complete Realignment of 13.76 km with 2 major Bridges across Sharavathi Backwaters on EPC mode under Annual Plan 2022-23 in the state of Karnataka NH-766C-KNT-2022-23 dated 14.10.2022,MoRTH,0.0,21.9,Significant overrun/delay
618158,"Upgradation of Goras to Shyampur Road section of NH-552 Ext., from Design Chainge 48.400 to 111.800 Km Total length 63.40 km to two lane with paved shoulder configuration along with One time improvement of 8.91 km in the state of Madhya Pradesh on EPC mode",618134,Rehabilitation /Upgradation from Lagam to Alapalli section Desing Km. 199/400 to km 227/400 Length 28.0 Km to 2 lane with Paved Shoulders/ 4 lane configuration section of NH-353 C Sakoli-Wadsa-Armori-Gadchiroli-Ashti-Alapalli Sironcha in Gadchiroli District on EPC mode in the state of Maharashtra.,MoRTH,0.0,0.0,Recovered / on track
618170,Construction of Two lane with paved shoulder configuration of Shujalpur Bypass section of NH-752C from km 33100 Design to km. 42570 Design total design length 10.470 km in the State of Madhya Pradesh on EPC mode.,617990,Construction of bypass road to Adoni town connecting NH-167 Hagari - Jadcharla road from km.62/700 to 71/400 in Kurnool District in the State of Andhra Pradesh.,MoRTH,0.0,0.0,Recovered / on track
618171,"Work of Upgradation of Jirapur-Pachore Road including Pachore, Jirapur, Chhapiheda & Khujner Bypasses from 0000 to 58790 Design Length 58.79 Km section of NH-752C to 2LPS in the State of Madhya Pradesh under EPC mode",618124,Rehabilitation and upgradation from km 51.600 to km 75.700 of NH-321G Nuhkhas to Etah section to two lane with paved shoulder configuration under EPC mode in the State of Uttar Pradesh,MoRTH,0.0,10.0,Significant overrun/delay
618619,Bypass on Western side of Gwalior City,618160,"Construction of 2 lane Major Bridge including approaches over Brahmaputra between Majuli on North Bank and Jorhat on South Bank from km. 11.690 to km. 19.715 length of bridge 6,812.5m Package - II on NH-715K in the state of Assam Job no. 715/AS/2020-21/213",MoRTH,0.0,0.0,Recovered / on track
618620,"Additional works 2VUPs, MR-10 junction flyover and underpass in Six lane Indore- Dewas section of NH-52 in the state of Madhya Pradesh on EPC Mode",617965,Kopargaon to Savali Vihir section,MoRTH,0.0,23.0,Significant overrun/delay
618621,Indore - Edlabad Pkg-II [Tejajinagar to Balwara],618708,Widening/Development of Existing NH-85 from Km 0.000 to Km 124.636 section to 2L/LPS section in the state of Kerala on EPC Mode under Bharatmala Pariyojana,National Highways Authority of India [NHAI],6.6,11.0,Significant overrun/delay
618622,4L of Indore - Boregaon Pkg-III [Balwara to Dhangaon] from km. 42.260 to km. 82.660 of NH347BG & 753L,619153,4L of HP/Punjab Border - Mo from km. 11.00 to km. 42.00 of Old NH-20 New NH-154 Package-IA,National Highways Authority of India [NHAI],36.0,28.0,Significant overrun/delay
618623,4L Boregaon Buzurg to Shahpur Pkg I of Boregaon Buzurg to Muktainagar of NH 753L,618631,6L of MH/KN Border Nimbal Village to KN/TS Border Singnodi Village from Km. 162.5 to Km. 203.100 in Raichur of NH-150C Pkg-IV,National Highways Authority of India [NHAI],-2.8,13.0,Significant overrun/delay
618625,Indore - Gujarat / MP Border from km. Km 9.500 to Km 171.000 of NH-59 in MP,619086,Chengapalli km 102.035 to Neelambur Km144.680 and Madukkarai Km 170.880 to Walayar K183.010 Package No. NS-2/BOT/TN-08,National Highways Authority of India [NHAI],-66.5,163.0,Significant overrun/delay
618654,4L Greenfield Rudhi to Deshgaon Pkg V of Betul-Khandwa/Deshgaon,618664,Berkhedi to Godpehra on NH-44 Sagar link road,National Highways Authority of India [NHAI],-10.2,19.0,Significant overrun/delay
618655,2L PS of Roshni to Ashapur Section of NH-347B from Design KM Ch. 89.900 to 114.000 KM Package III of Betul Khandwa,618049,Up-gradation to 2/4 lane with paved shoulder configuration of NH-652 from Tuljapur Naldurg-Akkalkot road Chainage from Km. 00.000 to km 30.982 in the State of Maharashtra on EPC mode.,MoRTH,0.0,0.0,Recovered / on track
618661,4L from km 0.000 to 42.040 Bhopal Ratnaigiri Tiraha to Vidisha Morikodi,618667,4L of near Satai Ghat to Chowka section of NH-34 from D. Ch. 89.875 to D. Ch. 145.000 Package-3,National Highways Authority of India [NHAI],-12.3,-12.0,Recovered / on track
618662,4L Vidisha Gyaraspur section of NH-146 from Design Chainage km 59475 existing chainage km 81240 to Design Chainage km 88361 existing chainage km 110.315,618691,4 laning of Aligarh-Palwal Section from Km. 46.390 Design Chainage to Km. 69.110 Terminating at junction EPE Package-II from Kurana- Eastern Peripheral Expressway of NH-334D,National Highways Authority of India [NHAI],-3.8,0.0,Recovered / on track
618663,i 4L Vidisha to Hinotiya from km 0.000 to Km 27.000 Vidisha Mehulwa-Talbehat Pkg- I Section of NH- 346 and ii 4L Vidisha to Morikori from Km 39.000 to 59.476 section of NH-146,618716,6L Access Controlled Greenfield Highway from Vankarakunta Ch. 45700 to Odulapalle Ch. 72000 of [NH-544G]Package-3,National Highways Authority of India [NHAI],-10.6,9.0,Significant overrun/delay
618664,Berkhedi to Godpehra on NH-44 Sagar link road,618654,4L Greenfield Rudhi to Deshgaon Pkg V of Betul-Khandwa/Deshgaon,National Highways Authority of India [NHAI],-9.9,11.0,Significant overrun/delay
618665,4L of Sagar - Mohari from Km.8 to Km.50 Pkg-I,619213,6L of Hatibena - Badakumari Section from Km 146.50 to km 179.00 of NH-130-CD Package OD-2,National Highways Authority of India [NHAI],35.3,26.0,Significant overrun/delay
618666,4- Laning of Mohari to Satai Ghat section NH-934 from Km 50300 to Km 89875 Total length 39.575 km Package-2 in the State of Madhya Pradesh on EPC Mode,618166,Construction of 4-lane green field highway from Km. 35.000 to Km. 49.155 of NH- 731A with paved shoulders on Hybrid Annuity Mode in the state of Uttar Pradesh,MoRTH,0.0,8.0,Significant overrun/delay
618667,4L of near Satai Ghat to Chowka section of NH-34 from D. Ch. 89.875 to D. Ch. 145.000 Package-3,618668,4L of Chowka to Kaimaha near MP/UP Border section NH-34 from D. Ch. 145.000 to D. Ch. 197.266 excluding existing Chhatarpur bypass from D. Ch. 160.307 to D. Ch. 168.630 Package-4,National Highways Authority of India [NHAI],-15.0,0.0,Recovered / on track
618671,4-lanning of Rahatgarh to Berkhedi section of NH-146 from Design Ch 124470 to Ch. 134.549,618848,Construction of Underpass beneath airport runway on NH-31 old NH-56 for proposed expansion of runway of Babatpur Airport Varanasi,National Highways Authority of India [NHAI],0.0,0.0,Recovered / on track
618672,4-lanning of Gyaraspur to Rahatgarh section of NH-146 from Design Ch. 88361 to Ch 124470 in the state of MP on HAM mode,618736,4L Elevated corridor of Kalimandir-Dimna Chowk-Baliguma Jamshedpur Section of NH-33 New NH-18 from km 241940 to km 251961 Length 10.021 km,National Highways Authority of India [NHAI],-11.1,0.0,Recovered / on track
618684,Outer Ring Road of Jabalpur Town from Manegaon to NH-45 Pkg-2,618104,Widening to two lane with paved shoulders from Km 0/000 to Km 79/300 of Kalwakurthy - Kollapur section of NH-167K in the state of Telangana under annual plan 2021-22 on EPC mode under NHO.,MoRTH,0.0,11.0,Significant overrun/delay
618685,Outer Ring Road of Jabalpur Town from NH45 to Kushner Pkg-3,618684,Outer Ring Road of Jabalpur Town from Manegaon to NH-45 Pkg-2,National Highways Authority of India [NHAI],-14.3,7.0,Significant overrun/delay
618686,Outer Ring Road of Jabalpur Town from Kushner to Amjhar Road including Airport Connectivity Pkg-IV,619136,Rehabilitation and Upgradation of Chorma - Bairgania Section of National Highway No 227F to 2 lane with paved shoulders from Design Ch.0.000 to Ch. 34.566,National Highways Authority of India [NHAI],2.9,3.9,Significant overrun/delay
618687,Outer Ring Road of Jabalpur Town from Barela to Manegaon Pkg-1,618885,Construction of Four Lane Highway from Ghazipur- Ballia-UP/Bihar State Border Greenfield section of NH-31 Package IV [from Buxur Spur of length km 17.270 on EPC Mode in the state of Uttar Pradesh.,National Highways Authority of India [NHAI],-11.1,14.0,Significant overrun/delay
618688,Outer Ring Road of Jabalpur Town from Amjhar Road including Airport Connectivity to barela Pkg-V,618310,Widening/lmprovement to 4-L of Karimgani - sutarkandi section of NH 37 from design Ch 0020 Start of proposed Karimganj Bypass from NH -8 to design Chainage Km 14380 near Sutarkandi Spur Connectivity to Indo/Bangladesh Border on Silchar- Churaibari in the State of Assam on HAM Mode Package-7,NHIDCL,0.0,0.0,Recovered / on track
618694,Indore - Harda Pkg-I [Indore to Raghav Garh from km. 0.25 to km. 26.903],618938,4L of Rajura-Korpana-Adilabad Road upto M.S. Border from km 32.910 to km 89.090 of NH-353B,National Highways Authority of India [NHAI],25.8,19.0,Significant overrun/delay
618695,Indore - Harda Pkg-III [Nanasa to Pidgaon Section from km 95.000 to km 142.445],618504,Ahmedabad - Dholera Pkg IV from km. 71.06 to km. 109.019 [Start of DSIR zone - Adhelai Village],National Highways Authority of India [NHAI],15.0,29.0,Significant overrun/delay
618701,Balance work of 4L of Nauradehi Sanctuary de-scoped stretch of Hiran River to Sindoor River from Km. 66.00 to 130.00 NH-12 New NH-45,618008,"Construction of four-lane elevated viaduct from km.4634 to km.6345 on NH-24A including Retaining wall, service lane, at grade road and improvement of junctions, on EPC mode",MoRTH,45.8,15.0,Significant overrun/delay
618735,4L of Chandesara to Khedakhajuriya from Km. 0.000 to - 750 & Km 0.000 to km 41.400 of NH-148NG Pkg-I,618399,Construction of Kishtwar bypass with 2 lane with paved shoulder from Design Km. 80.675 Dulhasti to km 95.550 Bandarkoot of 14.88 km & a link road to Kishtwar town from 0000 to 1.871 of length1.871 Km on Khellani - Kishtwar - Chattroo section in UT of Jammu and Kashmir on EPC Mode Pkg-4,NHIDCL,0.0,46.0,Significant overrun/delay
618751,2L PS of Hinotiya-Mehulwa section of NH-346 from Km. 27.000 to Km 75.700 Vidisha Mehulwa-Talbehat Pkg-II Section of NH- 346,618196,Widening to 2 lane with Paved Shoulders of Siddipet-Elkathurthy section from Km 69/978 to km 133/619 of NH-765DG in the State of Telangana under Annual plan 2021-22 on EPC mode,MoRTH,0.0,18.0,Significant overrun/delay
618762,Itarsi Km. 63.000 to Betul Km. 137.000 of NH-69 in Madhya Pradesh,619119,Cuttack-Angul Section of NH-42 New NH-55 from km 0.400 to km 60.200 Pkg-I in the State of Odisha,National Highways Authority of India [NHAI],17.9,71.0,Significant overrun/delay
618784,Balance works of 4 lane divided carriageway of Missing Link section of NH-39 Rewa Bypass from junction with NH 30 near Bela to Junction with MPRDC ring road near Silpara on SH 9 design length 13.100 km on EPC Mode under Bharatmala Pariyojana in the State of Madhya Pradesh,618059,Construction of four-lane Concrete Road from Police Headquarter Gondia City to Rawanwadi Village Birsi Airport Junction from design km 0.000 to km 15.781 existing km 39/720 of NH-753 to existing Km 8/400 of NH 543 on sections from Kohmara- Goregaon- Police HeadquarterKaranja - Collector Office Square - Balaghat T Point- Rawanwadi- Rajegaon of NH-753 and NH-543 in Gondia District in the state of Maharashtra. Total Length of the project 15.781 Km.,MoRTH,0.0,11.0,Significant overrun/delay
618932,Construction of 6 lane Indore western bypass from km 0000 to Km 34000 Pkg -l in the State of Madhya Pradesh on Hybrid Annuity Mode under NHO,618933,Construction of 6 lane Indore western bypass from km 34000 to Km 64000 Pkg-II in the state of Madhya Pradesh on Hybrid Annuity Mode under NHO,National Highways Authority of India [NHAI],0.0,0.0,Recovered / on track
618933,Construction of 6 lane Indore western bypass from km 34000 to Km 64000 Pkg-II in the state of Madhya Pradesh on Hybrid Annuity Mode under NHO,618932,Construction of 6 lane Indore western bypass from km 0000 to Km 34000 Pkg -l in the State of Madhya Pradesh on Hybrid Annuity Mode under NHO,National Highways Authority of India [NHAI],-4.0,0.0,Recovered / on track
618962,4L of Budhni to Shahganj Bypass End Package-III of NH-146B from Km. 73.750 to Km. 102.000,618966,Six laning with both sides Service Road of Ayodhya Bypass from Design Km 0000 near Ashram Tiraha on NH-46 to Km 16439 end at Ratnagiri Tiraha on Nh-146,National Highways Authority of India [NHAI],-1.8,0.0,Recovered / on track
618963,Construction work of 4-laning of Shahganj bypass end to Badi Package-IV of NH-146B from design km 102.000 to design km 142.357 Design length 40.357 km,618310,Widening/lmprovement to 4-L of Karimgani - sutarkandi section of NH 37 from design Ch 0020 Start of proposed Karimganj Bypass from NH -8 to design Chainage Km 14380 near Sutarkandi Spur Connectivity to Indo/Bangladesh Border on Silchar- Churaibari in the State of Assam on HAM Mode Package-7,NHIDCL,0.0,0.0,Recovered / on track
618964,4 Laning of Sandalpur to Nasrullaganj Pkg-1 section of NH-146B Length 43.2 Km.,618797,Mayjilar Jaisalmer with Jaisalmer Bypass Link Road Section of NH-11 Part of BM-7 & Sundra Myajilar Ambsingh ki Dhani Road part of Munabao Tanot project NH-70,National Highways Authority of India [NHAI],-25.1,0.0,Recovered / on track
618966,Six laning with both sides Service Road of Ayodhya Bypass from Design Km 0000 near Ashram Tiraha on NH-46 to Km 16439 end at Ratnagiri Tiraha on Nh-146,618869,"Construction of 4/6 lane Highway of Southern Bareilly Bypass, starting at Ch. 237000 of NH 530 near Jhumka chauraha, Dhantiya village and ending at Ch. 267000 of NH 30 near Invertis University including Trumpet Interchange",National Highways Authority of India [NHAI],66.6,0.0,Significant overrun/delay
619007,Upgradation of Sarvardewla to Pal MP/MH Border Road section of NH-347 C from Design Chainge km 81.600 to 137.400 Total length 55.80 km to two lane with paved shoulder configuration along with One time improvement of 1 .95 km in the State of Madhya Pradesh on EPC mode.,619004,"Construction of Dubrajpur Bypass with 4-lane configuration of length 5.676 km on NH- 60 new NH-14 from design chainage 0.00 existing km 316.135 on NH-60 to design chainage 5.676 existing km 320.980 on NH-60 in the district of Birbhum, West Bengal under Annual Plan 2022-23 in EPC Mode- reg. Job. No. 014-WB-2022- 23/518 .",MoRTH,0.0,0.0,Recovered / on track
619100,Dhangaon - Borgaon section km 81.000 to km 139.000 [Indore - Edlabad Pkg IV],618906,4L of Amritsar-Ghoman - Tanda - Una Section from Km 8.270 to Km 54.000 of NH- 503A Package-I,National Highways Authority of India [NHAI],68.3,30.0,Significant overrun/delay
619114,Indore - Harda Pkg-II [Raghavgarh to Nanasa from km. 29.30 to km. 92.30],618815,4L Access Controlled Greenfield Highway section on NH-163G Warangal-Khammam from Venkatpur village in Warangal District at Design Ch. 150.240 Km to Thallasenkesa village in Mahabubabed District at Design Ch. 189.650 kmPackage-II,National Highways Authority of India [NHAI],-0.9,6.0,Significant overrun/delay
617912,Construction of 6 lane flyover from Khapari ROB to Mihan Interchange design chainage km 8760 to 11450 L- 2.69 km and upgradation of existing 4L PS road to 6LPS with service road by flexible pavement design chainage km 11450 to 14500 L- 3.05 [total project length 5.74 km] in section of Nagpur - Hyderabad NH-44 Old NH-7 in Nagpur district in the state of Maharashtra on HAM mode.,618189,Widening to Two Lane with Paved Shoulder of NH-73 New Spur Road Ujire - Dharmasthala - Periyashanthi in the State of Karnataka under on HAM under NHO Annual Plan 2023-24Job No NH-73Spur-KNT-2023-24-996,MoRTH,0.0,0.0,Recovered / on track
617917,"Construction of 4 Lane Flyover at Nagpur RTO Chowk To Nagpur University Campus from Ch 2/250 to 5/100 and 4 lane flyover at wadi/midc junction from km 8/360 to km, 10/300 on NH 53 in state of Maharashtra.",618676,6L of Dhanara - Hatibena Section from Km 124.611 to km 146.50 of NH-130-CD Package OD-1,National Highways Authority of India [NHAI],33.6,25.0,Significant overrun/delay
617932,Construction of New Four Lane Bypass to Parbhani City Parwa to Asola Km 463/265 to Km 481/180 Design Ch. 19220 to Ch. 34434 Length-15.214 Km section of NH-61 on EPC mode in the State of Maharashtra.,619222,"Balance works of four lane from km 43.950 Thiruvallur Bypass to km 61.470 Veppampattu Bypass passing through Thannerkulam, Thozur and Sevapet Bypass 17.520 kms of Tirupathi- Tiruttani- Chennai section of NH 205",National Highways Authority of India [NHAI],49.5,19.9,Significant overrun/delay
617933,Up-gradation to four lane/ Two lane with paved shoulders configuration of Kalyan - Murbad - Malshej Ghat - Nirmal Road NH- 61 km 15/200 to Km 38/00 and from Km. 58/00 to Km 84/00 Design length 48.58 km of NH-61 on EPC Mode in Thane District in the state of Maharashtra,618202,Construction of 2 lane with paved shoulders Baramulla Bypass Greenfield bypass from existing Ch. Km 47020 to Km 56720 and Design Ch. From 48500 to 62600 Total length 14.100 km on road Srinagar Baramulla Uri NH-01 in the UT of Jammu & Kashmir under Project.Package-III,MoRTH,0.0,0.0,Recovered / on track
617934,Nasratpur to Barasgaon section of NH-61 2L / 4L PS from Km.514/00 to 558/200,618097,Guhagar - Rampur - 2L-PS - km 0/00 Guhagar to 26/230 Rampur and 40/00 Mirjoli to 53/600 Sati on NH-166E,MoRTH,0.0,74.0,Significant overrun/delay
617937,Udgir Raavi Degloor Aadampur phata to Sagroli fata,618585,6L of Gonde Km. 439.038 to Pimpri Sado Km. 459.905 section of NH-848 Old NH-3,National Highways Authority of India [NHAI],-16.1,7.0,Significant overrun/delay
617938,Rehabilitation And Upgradation to four lane with paved shoulder configuration from km 24350 to km 61875 Jawale - Borgaon Kale of NH-63 in the State of Maharashtra on EPC mode under Annual Plan 2024-25 Total length - 37.525 Km.,618697,4LPS Access Controlled Highway of Bellary Bypass Balance work from Ch. 254750 to Ch. 266837 and construction of 4LPS from Ch. 277.690 to Ch. 278.690 at D. Hirehal Village Balance work of NH 150A of Bellary Byrapura Section,National Highways Authority of India [NHAI],-54.6,12.0,Significant overrun/delay
617944,Kashedi ghat tunnel NH-66 [Bhogaon Khurd - Kashedi section] 4 lanes under NHDP on EPC mode,618526,6L of Gundugolanu Design km 1023.280 to Kalaparru Design km 1050.680 of NH-5 New NH-16,National Highways Authority of India [NHAI],0.0,58.0,Significant overrun/delay
617945,Balance work of NH-66 from design Km 84/00 to Km 87/100 Indapur Bypass and Km 91/600 to Km 99/100 Mangaon Bypass to four lane with paved shoulder in State of Maharashtra under NHO on EPC Mode.,618525,Construction of flyover at Gammon Junction at Km.903.265 on NH16 including vent at Diwancheruvu junction at Km.902.308 Blackspot ID No.AP03299 in Andhra Pradesh on EPC mode under NHO,National Highways Authority of India [NHAI],-31.6,0.0,Recovered / on track
617946,Kashedi to Parshuram Ghat section of NH-66 from Km 161/600 - Km 205/400 - 4L PS,619104,4L/2L PS of Govindpur Raiganj - Chas - WB border section of from km. 0.00 to km. 56.889 of Old NH-32,National Highways Authority of India [NHAI],1.3,0.0,Recovered / on track
617947,Arawali Kante section of NH-17New NH-66 4L PS from Km.241/300 to 281/300,617948,Kante - Wakad section of NH-66 4L PS from Km.281/300 to 332/200,MoRTH,80.8,72.0,Significant overrun/delay
617948,Kante - Wakad section of NH-66 4L PS from Km.281/300 to 332/200,619104,4L/2L PS of Govindpur Raiganj - Chas - WB border section of from km. 0.00 to km. 56.889 of Old NH-32,National Highways Authority of India [NHAI],1.3,0.0,Recovered / on track
617965,Kopargaon to Savali Vihir section,618852,4L Sundar Nagar Bypass from Km.173.900 to Km.179.600 of NH-21,National Highways Authority of India [NHAI],0.5,23.0,Significant overrun/delay
617978,"Rehabilitation, upgradation & widening of existing highway to 2L/4LPS Rigid Pavement of NH 160 section- Phaltan to Mhaishal near Karnataka Border including Tasgaon Bypass, from existing chainage Km 301/430 to Km 458/415 in the State of Maharashtra- Package-II & Package III combined- starting from existing chainage Km 341/300 to Km 394/130 and design chainage Km 340/250 at Dahiwadi Village to Km 392/950 ending at Vita Village in the State of Maharashtra on EPC Mode.",618047,"Widening, Reconstruction & Up-gradation to 2 lane with Paved Shoulder/Four Lane configuration for the work of Ahmednagar to Sabalkhed & Ashti to Chinchpur Section of NH-561 from Design km 2915 to km 37728 & Design km 55100 to km 70000 in the State of Maharashtra on EPC mode. Length 49.713 km",MoRTH,0.0,0.0,Recovered / on track
617979,"Rehabilitation, upgradation & widening of existing highway to 2L/4LPS Rigid Pavement of NH 160 section- Phaltan to Mhaisal near Karnataka Border including Tasgaon Bypass, from existing chainage Km 301/430 to Km 458/415 in the State of Maharashtra. Package-I starting from existing chainage Km 301/430 at Phaltan Village Junction of Phaltan Baramati Road Design Chainage -301/430km & ending at existing chainage Km 341/300 Dahiwadi Village Bus Stop Design chainage Km 340466km in the S",618137,Rehabilitation and Up-gradation of Jarud - Sirsala section of NH-361F km 59500 to km11500 to Two lane with paved shoulder/ Four Lane in the state of Maharashtra on EPC mode Length 55.5 Km.,MoRTH,0.0,0.0,Recovered / on track
618042,"Rehabilitation/ Upgradation of existing Highway to four lane standards in Kurkheda town from km.413257 to km 410775, Two lane in Shankarpur Gurnuli km 42400 to km 43100 section and Reconstruction of Major Bridge at Ch. 448558 Bhuti Nallah and Ch. 411695 Sati River bridge, Minor Bridge at Ch. 411477 and Ch. 405800 Lendhari Bridge of NH 543 Bhamhapuri-wadsa-kurkheda-korchi-Deori-Amgaon road on EPC mode in the State of Maharashtra",618023,Work of Widening/upgradation of 2-Lane with paved shoulder of Sri Muktsar Sahib to Malout road from Km 279.400 to Km 307.060 section of NH-354 in the State of Punjab on EPC mode. Job No. NH-354-PB-2021-22-555,MoRTH,0.0,11.0,Significant overrun/delay
618046,Rehabilitation & Up-gradation of Sabalkhed to Ashti Section from Km 37900 to Km 55100 & Chinchpur to Jamkhed Section from km 70000 to km 72922 of NH-561 to Two lane with Paved shoulder/ Four lane configuration in the State of Maharashtra on EPC Mode Length20.122km.,618055,Construction of Pratapgarh Bypass Extension connecting NH-31 to NH-330 on EPC mode in the State of Uttar Pradesh.,MoRTH,0.0,12.0,Significant overrun/delay
618047,"Widening, Reconstruction & Up-gradation to 2 lane with Paved Shoulder/Four Lane configuration for the work of Ahmednagar to Sabalkhed & Ashti to Chinchpur Section of NH-561 from Design km 2915 to km 37728 & Design km 55100 to km 70000 in the State of Maharashtra on EPC mode. Length 49.713 km",617978,"Rehabilitation, upgradation & widening of existing highway to 2L/4LPS Rigid Pavement of NH 160 section- Phaltan to Mhaishal near Karnataka Border including Tasgaon Bypass, from existing chainage Km 301/430 to Km 458/415 in the State of Maharashtra- Package-II & Package III combined- starting from existing chainage Km 341/300 to Km 394/130 and design chainage Km 340/250 at Dahiwadi Village to Km 392/950 ending at Vita Village in the State of Maharashtra on EPC Mode.",MoRTH,0.0,0.0,Recovered / on track
618049,Up-gradation to 2/4 lane with paved shoulder configuration of NH-652 from Tuljapur Naldurg-Akkalkot road Chainage from Km. 00.000 to km 30.982 in the State of Maharashtra on EPC mode.,618096,Rehabilitation and Up-gradation to 2 lane road with paved shoulders configuration for the balance work of 13 km length on Helwak-Patan-Karad section Km. 85000 to 133 417 of NH-166E in the state of Maharashtra on EPC mode.,MoRTH,0.0,3.0,Recovered / on track
618059,Construction of four-lane Concrete Road from Police Headquarter Gondia City to Rawanwadi Village Birsi Airport Junction from design km 0.000 to km 15.781 existing km 39/720 of NH-753 to existing Km 8/400 of NH 543 on sections from Kohmara- Goregaon- Police HeadquarterKaranja - Collector Office Square - Balaghat T Point- Rawanwadi- Rajegaon of NH-753 and NH-543 in Gondia District in the state of Maharashtra. Total Length of the project 15.781 Km.,618592,"Balance work of 8 nos. of Elephant Underpasses EUPs, 1 no. of Vehicular Underpass VUP, 1 nos. of Light Vehicular Underpass LVUP, 1 nos. of Pedestrian Underpass PUP, 1 nos. of Foot Over Bridge FOB and A2 side approach of Jharpokharia Flyover at Km.215.270 in Baharagora-Singhara section of NH-49",National Highways Authority of India [NHAI],-23.6,10.0,Significant overrun/delay
618061,"Strengthening, Widening & Up-gradation of newly declared NH-761 from NH- 61Junction-BelheAlkutiDevibhoyareNighojShirur, from Design chainage Km 0.000 to Km 37.970 from Single/Intermediate/2L to 2LPS in the State of Maharashtra on EPC Mode Length 37.970 Km",618155,Development/Widening of Talegaon Chakan Shikrapur Nhavara Section of NH-548D from existing chainage km. 54/000 to 82/300 and Design chainage Km. 54/000 to 82/120 Shikrapur to Nhavara Section to 2LPS/4L Configuration on EPC Mode in the State of Maharashtra.,MoRTH,0.0,0.0,Recovered / on track
618065,"Rehabilitation/Upgradation of existing Highway to 2LPS/4 lane of Dhawali to Rajoli from Design Km.149476 to 163476 existing Km.150000 to 164000, Pandhasala to Mohadongri from design Km.170476 to 181476 existing Km.171000 to 182000, Ambeshivni Fata to Bodli from design Km.183476 to 185476 existing Km.184000 to 186000 and Made Tukum to Gadchiroli from design Km.188476 to 189476 existing Km.188000 to 18900 having length 28 km of NH-930 of Dhawali to Gadchroli road in the",617915,Upgradation of Dindori-Sagartola-kabichabutra MP-CG border section of NH -45 from km 000Design to km 77.00 Design to Two lane with paved shoulder configration along with one time improvement in 04 nos. of bypaased built-up areas in a total length of 9.1 km in the state of Madhya Pradesh on EPC mode.,MoRTH,-3.1,8.0,Significant overrun/delay
618088,Nandurshingote to Kolhar,618823,4 laning of Barasat - Barajaguli Section of NH-12 from Km. 31.000 to Km. 48.679 in the district of North 24 - Parganas,National Highways Authority of India [NHAI],-1.6,12.9,Significant overrun/delay
618089,Rehabilitation & Up-gradation of Mudkhed to Nanded section from Km. 372000 to Km 388400 of NH 161A i.e. Nanded-Bhokar-Himayatnagar-Kinwat-Mahur-Arani Road Design chainage from Km 372000 Mudkhed to Km 387650 Nanded of NH 161A Length 15.65 Km to 2/4Lane with paved shoulders configuration in the State of Maharashtra on EPC mode.,617901,Widening of Pachpadra-Bagundi Section to 4 Lane from Km 73/60 to 95/70 of NH-25 on EPC mode in the state of Rajasthan.,MoRTH,0.0,14.9,Significant overrun/delay
618090,Sarsam - Kothari of NH-161A - 2L PS from Km.33/00 to 90/00,618026,Rehabilitation and upgradation to two lane with paved shoulders from Km 0/000 to 72/6 of NH-365 Nakrekal to Tanamcherla section under NHDP IV in the state of Telangana under EPC mode,MoRTH,0.0,79.0,Significant overrun/delay
618094,Pen to Khopoli 2LPS,617994,Rehabilitation and upgradation of NH-167 from design km 113.900 to 154.479 Mallepally Haliya section to two lane with paved shoulders on EPC mode in the stte of Telangana,MoRTH,-12.4,73.0,Significant overrun/delay
618096,Rehabilitation and Up-gradation to 2 lane road with paved shoulders configuration for the balance work of 13 km length on Helwak-Patan-Karad section Km. 85000 to 133 417 of NH-166E in the state of Maharashtra on EPC mode.,618049,Up-gradation to 2/4 lane with paved shoulder configuration of NH-652 from Tuljapur Naldurg-Akkalkot road Chainage from Km. 00.000 to km 30.982 in the State of Maharashtra on EPC mode.,MoRTH,0.0,0.0,Recovered / on track
618097,Guhagar - Rampur - 2L-PS - km 0/00 Guhagar to 26/230 Rampur and 40/00 Mirjoli to 53/600 Sati on NH-166E,618173,Shirur-Kharda section from 55937 km to 114486 km to 2LPS/4L,MoRTH,0.0,75.0,Significant overrun/delay
618098,"Upgradation of exhisting 2 lane flexible pavement to 2 lane paved shoulders rigid pavement from design chainage Km 66.00 to Design Km 82.440 Start of Kolhapur Municipal corporation near Phulewadi to kale, design length 16.440 Km section on Talere Gaganbawada-Kolhapur road NH 166G in the state of Maharashtra on EPC mode",618003,Construction of four lane ROB and its approaches in lieu of existing Level Crossing No. RV-71 at km 435 on NH-217 New NH-353 at Khariar including land acquisition under NHO in Annual Plan 2021-22 for the state of Odisha for F.Y. 2021-22 to F.Y 2033-34,MoRTH,0.0,18.0,Significant overrun/delay
618099,"Rehabilitation & up-gradation for Talere Gaganbawada - kolhapur Road NH 166G stretch start from km. 0/00 to Km. 06/00 and km. 13/00 to km 19/440 of NH-166G, length 12.440 km in the State of Maharashtra.",618755,4L of left out existing road section from Lalgopalganj Km 161.450 to Nawabganj Km 180.200 in Prayagraj,National Highways Authority of India [NHAI],-36.9,2.0,Recovered / on track
618133,Strengthening and Widening of road Sakoli- Wadsa-Armori-Gadchiroli-Ashti- Allapalli - Sironcha National highway NH 353C in Km 262/00 to 321/00 including 16 minor Bridges and 2 Major Bridge Total length 59 Km section from repanpalli to sironcha in Gadchiroli Dist in the State of Maharashtra.,618072,Widening to Existing single lane /intermediate lane to 2 lane from Km185.00 to Km 220.00 of NH-61 New NH-02 in the state of Nagaland.,MoRTH,0.0,20.0,Significant overrun/delay
618134,Rehabilitation /Upgradation from Lagam to Alapalli section Desing Km. 199/400 to km 227/400 Length 28.0 Km to 2 lane with Paved Shoulders/ 4 lane configuration section of NH-353 C Sakoli-Wadsa-Armori-Gadchiroli-Ashti-Alapalli Sironcha in Gadchiroli District on EPC mode in the state of Maharashtra.,618129,"Construction of Kasrawad bypass, Selani bypass, Khargone bypass & Bistan bypass Total length. 31.950 km Section of NH-347 C to Two lane with paved shoulder configuration in the State of Madhya Pradesh on EPC mode.",MoRTH,0.0,0.0,Recovered / on track
618136,Upgradatiobn and Rehabilitation of Section of NH 361 F from Parli 00/000 to Gangakhed 30/400 to Two Lanes with paved shoulder / Four lane configurations on EPC mode in the State of Maharashtra.,618325,Dillai to Lahorijan Package-7,NHIDCL,0.0,17.0,Significant overrun/delay
618137,Rehabilitation and Up-gradation of Jarud - Sirsala section of NH-361F km 59500 to km11500 to Two lane with paved shoulder/ Four Lane in the state of Maharashtra on EPC mode Length 55.5 Km.,617979,"Rehabilitation, upgradation & widening of existing highway to 2L/4LPS Rigid Pavement of NH 160 section- Phaltan to Mhaisal near Karnataka Border including Tasgaon Bypass, from existing chainage Km 301/430 to Km 458/415 in the State of Maharashtra. Package-I starting from existing chainage Km 301/430 at Phaltan Village Junction of Phaltan Baramati Road Design Chainage -301/430km & ending at existing chainage Km 341/300 Dahiwadi Village Bus Stop Design chainage Km 340466km in the S",MoRTH,0.0,-5.9,Recovered / on track
618138,"Widening, Reconstruction & Up-gradation to 2 lane with Paved Shoulder/Four Lane configuration for the work of Sautada to Shirapur Section of NH-561 from Design km 86300 to km 125589 in the state of Maharashtra on EPC mode. Design length 39.289 km",618139,Rehabilitation and Up-gradation of Gangakhed Loha section of NH-361F from Km 169/00 to 210/00 to two lane with paved shoulder/ four lane configuration in the state of Maharashtra on EPC mode Length - 41.00 Km.,MoRTH,0.0,0.0,Recovered / on track
618139,Rehabilitation and Up-gradation of Gangakhed Loha section of NH-361F from Km 169/00 to 210/00 to two lane with paved shoulder/ four lane configuration in the state of Maharashtra on EPC mode Length - 41.00 Km.,618853,Construction of Four lane Elevated Structure at Raniwada Circle in Sanchore City on NH-68,National Highways Authority of India [NHAI],-31.7,0.0,Recovered / on track
618150,Rehabilitation and Up-gradation of i. Deogaon phata to Digras phata Ch. 0/000 to 15/000 & Selu to Borgavhan Ch 20/900 to 35/800 [Length 29.9km] ii. Injegaon Dhamoni to Pohner Phata Ch.58/200 to Ch. 83/700 [Length25.5 km] and iii. Pohner phata to Pathri Design Ch. 42/700 to 58/200 [Length 15.5 km] sections of NH-548B to Two lane with paved shoulder configuartion in the state of Maharashtra on EPC mode Total project length 70.9 Km.,618707,Additional works under BM1 to ensure road safety under 6L of Bengaluru Mysuru Access control with close toll from Km.17.300 to Km.136.300 of NH-275,National Highways Authority of India [NHAI],0.0,0.0,Recovered / on track
618152,Mhaswad to Tembhurni section of NH-548C - 2L PS,619077,6 laning of Balance Work of Chennai - Tada from km. 21.40 to km. 54.40,National Highways Authority of India [NHAI],1.7,75.0,Significant overrun/delay
618153,Satara to Mhaswad,618026,Rehabilitation and upgradation to two lane with paved shoulders from Km 0/000 to 72/6 of NH-365 Nakrekal to Tanamcherla section under NHDP IV in the state of Telangana under EPC mode,MoRTH,0.0,79.0,Significant overrun/delay
618154,"Rehabilitation & upgradation of Jamkhed to Sautada Section of NH548 D from km 195.375 to km 208.774, Length 13.399 Km to 2L PS /4L configuration with rigid pavement in the state of Maharashtra on EPC mode.",619160,Balance works in AP Portion and punch list items in TN & AP portion of NH-205,National Highways Authority of India [NHAI],-31.9,12.0,Significant overrun/delay
618155,Development/Widening of Talegaon Chakan Shikrapur Nhavara Section of NH-548D from existing chainage km. 54/000 to 82/300 and Design chainage Km. 54/000 to 82/120 Shikrapur to Nhavara Section to 2LPS/4L Configuration on EPC Mode in the State of Maharashtra.,618522,Balance Works for six laning of Sriperumbudur to karaipettai section of NH-4 New NH- 48 from 37000 Existing Km 37000 to Km 71015 Existing Km 71000 in Tamilnadu on EPC mode underNHDP Phase-V,National Highways Authority of India [NHAI],0.0,4.0,Significant overrun/delay
618172,Paithan - Shirur section 2LPS Km 0.0 to 55.00,617981,Widening to Two with Paved shoulders from Km 59.500 to Km 132.033 of Manneguda- Ravunapally section of NH-163 Erstwhile SH-4 in the State of Telangana on EPC mode under NH O Annual Plan 2016-17,MoRTH,0.0,84.0,Significant overrun/delay
618173,Shirur-Kharda section from 55937 km to 114486 km to 2LPS/4L,618097,Guhagar - Rampur - 2L-PS - km 0/00 Guhagar to 26/230 Rampur and 40/00 Mirjoli to 53/600 Sati on NH-166E,MoRTH,0.0,74.0,Significant overrun/delay
618174,Rehabilitation and Upgradation to two lane with paved shoulder configuration of NH- 752G from Sakri to Pimpalner Section Design Ch km 0000 to Ch km 21411 in the state of Maharashtra on EPC Mode. Length 21.411 km.,618655,2L PS of Roshni to Ashapur Section of NH-347B from Design KM Ch. 89.900 to 114.000 KM Package III of Betul Khandwa,National Highways Authority of India [NHAI],-39.9,0.0,Recovered / on track
618175,Rehabilitation and Upgradation of Satana to Mangrul Chandwad Section of NH752 G Design Ch Km 64.000 to Ch Km 101.140 two lane with paved shoulder/four lane configuration in the state of Maharashtra on EPC mode.,618364,"Widening to 2 Lane with Hard shoulder of Akegwo-Avangkhu section of NH-202K for Package-I Design Chainage 0000 Km to 34795 Km, in the State of Nagaland on EPC mode under NH O-NE",NHIDCL,0.0,0.0,Recovered / on track
618176,Rehabilitation and upgradation from ch km 50/200 to 56/800 and km 62/600 to 100/403 of Kolde to Visarwadi Near Junction with NH-6 section of NH 752G total length 44.40 to two-lane with paved shoulder / four lanes in the State of Maharashtra on EPC mode.,617974,Rehabilitation and upgradation of 2 lane with paved shoulder from existing km. 195.175 to km. 220.000 Design Chainage km71.300 to Km. 95.947 Excluding existing chainage Km 200.300 to Km 202.400 Design chainage Km 76.400 to Km 78.400 on Dharasu to Yamunotri Road of NH- 134 Old NH-94,MoRTH,0.0,0.0,Recovered / on track
618177,Pal Phata Phulambri - Khultabad 2LPS,618180,Pune raigarh District Border To Mangaon Ch 69000 to 103775 NH-753F,MoRTH,0.0,54.0,Significant overrun/delay
618178,Widening and strengthening of Gangakhed to Kingaon section of NH-752K in Km 38/750 to 72/304 Flexible Pavement Length33.554 km to 2-lane configuration on EPC mode in the State of Maharashtra.,618117,Upgradation to 2-Lane with Paved Shoulder from Design Km 36300 to Design Chainage 47918 and from Design Ch 69900 to Design Ch 83940 of NH-248A Natni Ka Bara in the State of Rajasthan on EPC Mode.,MoRTH,0.0,0.0,Recovered / on track
618179,Rehabilitation and Upgradation of Shewali phata to Kalambhir section i.e. Km 0443 to Km 4500 & Nizampur to Chadwel section i.e. Km 13485 to Km 26265 Length16.317 Km excluding 2 Major Bridges with approaches Km 13735 to Km 14095 & Km 19660 to Km 20030 of NH 753B to 2LPS Configuration in the State of Maharashtra on EPC Mode.,618096,Rehabilitation and Up-gradation to 2 lane road with paved shoulders configuration for the balance work of 13 km length on Helwak-Patan-Karad section Km. 85000 to 133 417 of NH-166E in the state of Maharashtra on EPC mode.,MoRTH,0.0,3.0,Recovered / on track
618180,Pune raigarh District Border To Mangaon Ch 69000 to 103775 NH-753F,617993,Rehabilitation and upgradation of NH-167 from design km 157.707 to 187.723 design length 30.016 km to two lane with paved shoulders of Alinagar-Miryalaguda Sec on EPC mode in the state of Telangana,MoRTH,0.0,79.0,Significant overrun/delay
618181,Rehabilitation / Upgradation to 4 Lane with Paved shoulder of Existing Section in Sillod Town with Design Ch. Km54500 to Km 60679 [Length6.179 km] section of NH 753F Aurangabad-Jalgaon road on EPC Mode in the State of Maharashtra,618480,Construction of Trumpet Interchange Connecting Bangalore Chennai Expressway km.261705 to km. 262800 with Maduravoyal to Walajapet Section of NH 48 near Sriperumbudur Toll Plaza at km. 35700,National Highways Authority of India [NHAI],0.0,14.0,Significant overrun/delay
618188,Rehabilitation and Up-gradation to 2 lane with paved shoulder configuration of Mahud Sangola road NH 965 G 159400 to 161900and 162400 to 183960 Design Chainage from km. 32/300 to km. 34/800 and km. 35/800 to km. 56/860 Rigid Pavement on EPC mode in the State of Maharashtra.,618391,"Construction for Mitigation Measures of 5 Nos. Landslides, 05 No. Sinking Zones and 01 No. Bridge from Ch. 450.00 to Ch. 468.00 18 Km. Length on NH-07 Package-III",NHIDCL,0.0,12.0,Significant overrun/delay
618198,Balance work of Rehabilitation and Up-gradation to 2-lane road with paved shoulders configuration for NH- 965DD from Pacharal-Mandangad-Mhapral-Rajewadi Upto Junction of NH-66 Ch-22700 to 75100 Km and Ambadave connector Birth place of Dr. Babasaheb Ambedkar Ch-0000 to 7325 Km length Km 59.725 in the state of Maharashtra on EPC mode. Balance Work,618431,Construction of alternative highway to Gangtok in Sikkim via Bagrakot -Chuikhim- Nimbong -Kafer-Bakhim-Algarah-Rhenock in the State of West Bengal and from Rhenok-Rorathang-Pakyong along with spur from Aritar-Rolep-Menla in the State of Sikkim from Km 13.00 to Km 25.60 of Bagrakot -Kafer section of NH 717A on EPC Mode under Phase-A of SARDP-NE in the State of West Bengal PKG- IVB,NHIDCL,0.0,37.0,Significant overrun/delay
618199,"Rehabilitation, Upgradation & Widening of existing Highway to Rigid Pavement 2 Lane with Paved Shoulder of NH 965DD from Lonand Shirval-Bhor Mandangad-Pchral Section ShindewadiPhata to Varandah Ghat Dist Border from Km 33/550 to 92/550 in the state of Maharashtra on EPC mode.",619293,Construction of 4 Lane Access Controlled Bypass for Dehradun on NH307 from Design Chainage km 0050 Jhajra on NH-07 to Design Chainage km 12220 Asharori on EPC Mode in the State of Uttarakhand under NHO,NHAI,-52.9,0.0,Recovered / on track
618468,Vadodara Mumbai Expressway Phase II - Pkg XI [Km. 77.000 to Km. 103.400] Ganjad - Talsari,618459,Delhi-Vadodara Greenfield Alignment NH-148N Pkg-26 Ch.696890 to Ch.726390,National Highways Authority of India [NHAI],0.1,21.0,Significant overrun/delay
618469,Vadodara Mumbai Expressway Phase II - Pkg XIII [Km. 26.582 to Km. 50.700] Shirsad - Masvan,618597,6L of Azhiyur-Vengalam from km. 189.200 to km. 230.400 of NH-66,National Highways Authority of India [NHAI],21.6,34.0,Significant overrun/delay
618470,Vadodara Mumbai Expressway Phase II - Pkg XIV [Km. 3.000 to Km. 20.200 of Spur] Shirsad - Akloli,618513,6L of Kagal-Satara section from Km 592.500 to Km 658.000 of NH-48 Pkg-I,National Highways Authority of India [NHAI],-32.0,25.0,Significant overrun/delay
618471,Vadodara Mumbai Expressway Phase II - Pkg XV [Km. 20.200 to Km. 43.000 of Spur] Akloli - Amne,618494,Delhi-Amritsar-Katra Expressway Phase-II Pkg-XV [Junction with Hiranagar Road near village Gurha Baildaran to Junction with Jammu Ring Road NH-244A near Jakh village from Km 468100 to Km 503250],National Highways Authority of India [NHAI],36.9,27.0,Significant overrun/delay
618472,Vadodara Mumbai Expressway Phase II - Pkg XVI [Km. 43.000 to Km. 69.800 of Spur] Amne - Bhoj,618600,6L of Valanchery bypass to Kappirikkad of NH 66 from km. 298500 to km 335850,National Highways Authority of India [NHAI],0.0,22.0,Significant overrun/delay
618473,Vadodara Mumbai Expressway Phase II - Pkg XVII [Km. 69.800 to Km. 79.783 of Spur] Bhoj - Morbe,618491,Delhi-Amritsar-Katra Expressway Phase-I Pkg-XI from Junction with Jalandhar - Kapurthala road NH-703A near khojewal village to Junction with Amritsar-Mehta- SriHargobindpur-Tanda road NH-503A near SriHargobindpur Km 319400 to km 362420,National Highways Authority of India [NHAI],1.4,0.0,Recovered / on track
618511,Upgradation & rehabilitation of Service Roads on both sides in urban areas of Pune City on PuneSatara section of NH48,618754,Upgradation of 2L/4L with Paved Shoulder of Shirwal-Lonand Section from KM 159900 To KM 188025 of NH-965DD Section I and 2L With Paved Shoulder of Lonand-Satara Section from KM 51500 To KM 96246 Of NH-965D Section II in Satara District in the State of Maharashtra on EPC Mode under NHO-,National Highways Authority of India [NHAI],-42.9,0.0,Recovered / on track
618512,Tunnel at Khambataki Ghat Section and its approaches from existing Km. 771.730 to existing Km. 782.000,618903,Maheshkunt -Saharsa-Purnea Pkg II,National Highways Authority of India [NHAI],21.0,69.0,Significant overrun/delay
618513,6L of Kagal-Satara section from Km 592.500 to Km 658.000 of NH-48 Pkg-I,618470,Vadodara Mumbai Expressway Phase II - Pkg XIV [Km. 3.000 to Km. 20.200 of Spur] Shirsad - Akloli,National Highways Authority of India [NHAI],12.9,24.0,Significant overrun/delay
618514,6L of Kagal-Satara section from Km 658.000 to Km 725.000 of NH-48 Pkg-II,618513,6L of Kagal-Satara section from Km 592.500 to Km 658.000 of NH-48 Pkg-I,National Highways Authority of India [NHAI],-32.0,25.0,Significant overrun/delay
618557,4L of Indora Chowk to Pachpaoli and Agrasen Chowk - Ashoka Chowk,618283,4-L Bilasipara-Guwahati Package-9,NHIDCL,0.0,9.0,Significant overrun/delay
618585,6L of Gonde Km. 439.038 to Pimpri Sado Km. 459.905 section of NH-848 Old NH-3,618311,Widening/lmprovement to 4-Lane with Paved shoulder for existing as well as Greenfield alignment of Badarpur Churaibari section of NH-8 from Design chainage 87.700 Chandkhira to Km. 106.500 Churaibari section Assam-Tripura border in the state of Assam on HAM Mode Package-6,NHIDCL,0.0,0.0,Recovered / on track
618586,Improvement and strengthening of existing 2 lane stretch to 2-Lane with PS 1.5m on both sides on Ghoti-Sinnar section of NH-160A using Thin White Topping 200mm thick in the State Of Maharashtra on EPC Mode,618235,Balance work of Rehabilitation and Up-gradation to 4-Lane configuration of Ras- Beawar Section Km 00.000 to km 30.050 of NH-158 in the State of Rajasthan under Green National Highway Corridor Project GNHCP.,MoRTH,0.0,0.0,Recovered / on track
618588,4L Mitigation Measure structures on CH/MH Border to Wainganga Bridge Section of NH-6 New NH-53,618910,4L of Purulia Bypass section from Km 84.030 to Km 94.345 of NH-32,National Highways Authority of India [NHAI],0.9,33.0,Significant overrun/delay
618594,Balance work of 4L Panvel to Indapur section of NH-66 Old NH- 17 from km 0.000 Panvel to km 42.300 Kasu,618060,Widening and Strengthening of existing paveemnt to two lane with paved shoulders from km 116.00 to km 176.355 of NH-75E in the State of Jharkhand on EPC mode.,MoRTH,0.0,21.0,Significant overrun/delay
618626,Four laning from Dive Ghat Km. 220.900 to Hadapsar Km. 234.150 of Mohol Alandi section Pkg VI of NH-965,618163,"Rehabilitation and Up-gradation from km. 0000 to km.40390 of NH-730S MaharajganjNichloulThuthibari to two lane with paved shoulders in the State of U.P. on Engineering, Procurement & Construction EPC Basis.",MoRTH,-25.5,12.0,Significant overrun/delay
618627,Construction of 7 Nos of Standalone safety structures/works at different locations on various NHs,619008,Rehabilitation and Up gradation of Charthana Jintur Section of NH 752 I Km 25100 to 47100 to 2 Lane with Paved Shoulder configuration Flexible Pavement in the state of Maharashtra on EPC mode. Reg- Resubmission of Annual Plan Estimate.,MoRTH,0.0,-12.0,Recovered / on track
618628,Strengthening of Existing Alignment of Pandharpur Town Part Bypassed Section of NH 965 from KM 36.230 to KM 44.230 from Chh. Shivaji Maharaj Chowk to Wakhari,618023,Work of Widening/upgradation of 2-Lane with paved shoulder of Sri Muktsar Sahib to Malout road from Km 279.400 to Km 307.060 section of NH-354 in the State of Punjab on EPC mode. Job No. NH-354-PB-2021-22-555,MoRTH,0.0,11.0,Significant overrun/delay
618638,Tarsod - Fagne section of NH-6,618434,Roing-Hunli Road Greenfield Alignment Project,NHIDCL,0.0,51.0,Significant overrun/delay
618652,Chakur Loha Section of NH-361 from km 114.600 to km 187.80,618653,Loha-Waranga Section of NH-361 from km 187.800 to km 244.369,National Highways Authority of India [NHAI],180.4,72.0,Significant overrun/delay
618653,Loha-Waranga Section of NH-361 from km 187.800 to km 244.369,618652,Chakur Loha Section of NH-361 from km 114.600 to km 187.80,National Highways Authority of India [NHAI],169.2,35.1,Significant overrun/delay
618693,Bodhre - Dhule,618970,6L access control Greenfield highway of Vill-Lohadda to Vill-Karaunda Mahajan from Km. 27.000 to Km. 56.500 Pkg-2,National Highways Authority of India [NHAI],-0.0,19.9,Significant overrun/delay
618754,Upgradation of 2L/4L with Paved Shoulder of Shirwal-Lonand Section from KM 159900 To KM 188025 of NH-965DD Section I and 2L With Paved Shoulder of Lonand-Satara Section from KM 51500 To KM 96246 Of NH-965D Section II in Satara District in the State of Maharashtra on EPC Mode under NHO-,618671,4-lanning of Rahatgarh to Berkhedi section of NH-146 from Design Ch 124470 to Ch. 134.549,National Highways Authority of India [NHAI],-44.6,0.0,Recovered / on track
618766,Up-gradation to Four Lane with Paved Shoulder configuration of the highway starting from existing km 88.400 Savali Vihir to km 163.400 start of Ahmednagar bypass Design Length 75.000 km section of NH-160 in the State of Maharashtra under Bharatmala Pariyojana on EPC Mode,618101,Kondamodu to Perecherla Section Design Ch. Km 000 to Km 49917 of NH-167AG to to 4LPS,MoRTH,0.0,0.0,Recovered / on track
618836,4L of Ratnagiri - Kolhapur section from km 67.140 to km 112.340 of NH-166 Pkg II,618837,4L of Ratnagiri - Kolhapur section from km 112.340 to km 145.300 of NH-166 PkgIII,National Highways Authority of India [NHAI],-1.5,22.0,Significant overrun/delay
618837,4L of Ratnagiri - Kolhapur section from km 112.340 to km 145.300 of NH-166 PkgIII,618836,4L of Ratnagiri - Kolhapur section from km 67.140 to km 112.340 of NH-166 Pkg II,National Highways Authority of India [NHAI],-9.4,22.0,Significant overrun/delay
618937,4L of Nagpur-Katol Section from Km. 13.00 to Km. 62.900 of NH-353J,618678,6L Greenfield Baunsaguar - Baraja Section of NH-130-CD Road from km 293000 to km 338500 Package OD-6,National Highways Authority of India [NHAI],29.2,25.0,Significant overrun/delay
618939,Construction of Standalone Flyover cum ROB from Design Ch.66.600 to Design Ch.68.800 in Gadchandur Town on NH-353B,618843,Construction of two lane with paved shoulders bypass to Mungrabadshapur town starting from near Kodahu at Km 47/225 of NH-319D and ending near Nauwadandi at Km 219/720 of NH-31 under NHO in the state of Uttar Pradesh on EPC mode,National Highways Authority of India [NHAI],-16.4,6.0,Significant overrun/delay
619008,Rehabilitation and Up gradation of Charthana Jintur Section of NH 752 I Km 25100 to 47100 to 2 Lane with Paved Shoulder configuration Flexible Pavement in the state of Maharashtra on EPC mode. Reg- Resubmission of Annual Plan Estimate.,619251,Construction of two lane with paved shoulder of Ghatol Bypass from km 133.250 to km 140.950 of NH-56 old NH No. 113 on EPC mode in the State of Rajasthan.,MoRTH,0.0,0.0,Recovered / on track
619042,"Construction of six lane Flyover at Katraj junction at Km, 3/880 of NH 548-DD Vadgaon - Katraj - Kondhwa - Mantarwadi Chowk - Loni Kalbhor - Theur Phata - Lonikand Road in Pune Dist of the State of Maharashtra. On Engineering Procurement and construction EPC Basis mode L.1.326 Km,",618422,"Construction of 2-lane with hard shoulders of Merangkong-Tamlu-Mon road Wakching Twon portion on EPC basis from existing Chainage Km 59000 to Km 73640 [Design Km. 59000 to Km, 72450] Design length - 13.450 Km under SARDP-NE package-V Balance work",NHIDCL,0.0,7.0,Significant overrun/delay
619069,Satara Km 725.000 to Pune Km 865.350 of NH - 4 New NH - 48 in Maharashtra,619060,"Construction of Balance Work of 4-Laning of the Section from Jhanji to Demow of NH- 37 Old from Km 514.800 to Km 534.800 20.000 Km, under SARDP- NE under EPC Mode in the state of Assam Pkg-III Road Works",NHIDCL,79.8,0.0,Significant overrun/delay
619095,Balance works of 4L Panvel Indapur section of NH66 old NH17 from km 42.300 kasu to km 84.600 Indapur,619162,4L of Najibabad Bypass from Km. 105.423 to Km. 118.373 excluding 2.45 Km. of NH- 74 Bypass of NH-119,National Highways Authority of India [NHAI],-1.9,23.0,Significant overrun/delay
619149,4L of Ratnagiri - Kolhapur section of NH-166 from km 0.000 to km 19.769 and km 31.000 to km 67.140 Pkg I,619201,Karnal ring road Lot-4/Pkg-1,National Highways Authority of India [NHAI],17.2,14.0,Significant overrun/delay
619163,4L of Baramati to Indapur Pkg-II from km. 41.400 to km. 84.550 of NH-965G Saint Tukaram Marg,619210,Dharampuri-Lonand from km. 117.00 to 166.40 Pkg-IV on Mohol-Alandi Section,National Highways Authority of India [NHAI],-3.8,32.0,Significant overrun/delay
619198,Vadodara Mumbai Expressway Phase II - Pkg XII [Km. 50.700 to Km. 77.000] Masvan - Ganjad,618487,Delhi-Amritsar-Katra Expressway Phase-I Pkg-VII from Junction with Patiala-Bathinda road NH-7 near Bhawanigarh to Junction with Ludhiana-Malerhkotla SH-11 near Bhogiwal village Km 188830 to km 225770,National Highways Authority of India [NHAI],0.8,23.0,Significant overrun/delay
619203,Vadape to Thane from km 539.202 to km 563.000 section of NH-3 new NH-848,619164,Belgaum-Khanapur Pkg I Km 0.000-Km 30.800 of NH-4A,National Highways Authority of India [NHAI],-1.5,65.9,Significant overrun/delay
619209,4L of existing 2/4L stretch from Lonand to Dive Ghat Km 166.400 to Km 220.900 of Mohol Alandi section of NH-965 Pkg - V,618532,6L of Aurangabad to Bihar-Jharkhand border Chordaha section from km. 209.827 to Km. 249.525 of NH-19 PKG-02,National Highways Authority of India [NHAI],-59.5,26.0,Significant overrun/delay
619210,Dharampuri-Lonand from km. 117.00 to 166.40 Pkg-IV on Mohol-Alandi Section,619163,4L of Baramati to Indapur Pkg-II from km. 41.400 to km. 84.550 of NH-965G Saint Tukaram Marg,National Highways Authority of India [NHAI],-11.8,33.0,Significant overrun/delay
618298,Widening/Improvement of existing 2-Lane road to 4-Lane Divided Highway from Sekmai to Nilakuthi section of Imphal-Kohima Road Design Chainage from Km 297700 to Km 308729 of NH-39 New NH-02 in state of Manipur on EPC mode Pkg-5B,618416,"Improvement of existing road to 2 laning with Hard Shoulders of Maram -Peren section Package-1A, length- 22.340Km from Design Chainage 0.000 km to 22.340 km on NH-129A in the State of Manipur on EPC mode",NHIDCL,0.0,43.0,Significant overrun/delay
618299,Improvement/Up-gradation of existing 2-Lane Road to 4-Lane Divided Highway from Daili to Kuraopokpi section of Imphal-Kohima road NH-02 Design Chainage from Km 274610 to Km 287000 in the state of Manipur on EPC mode Pkg-4B,618232,Rehabilitation and Upgradation to 2-lane configuration of Karnohal- Kalwahn Section km 181.00 to 208.950 of NH-70 in the State of Himachal Pradesh under Green National Highways Corridor Project GNHCP with the loan assistance of World Bank on EPC mode.Package-2,MoRTH,-24.5,7.0,Significant overrun/delay
618300,Improvement/Up-gradation of existing 2-Lane Road to 4-Lane Divided Highway from Taphukuki to Daili section of Imphal-Kohima road NH-02 Design Chainage from Km 262175 to Km 274610 in the state of Manipur on EPC mode Pkg-4A,618429,Construction & upgradation of existing road to 2-lane with paved shoulder including geometric improvement of sect. from Pedong bypass to Reshi Border km 79.700 to km 96.254 of NH-717A under SARDP-NE-A on EPC as part of Alternate connectivity to Gangtok Lava More-Reshi Border Pkg-VB,NHIDCL,14.5,49.0,Significant overrun/delay
618301,Widening/Improvement of existing 2-lane to 4-Lane Divided Highway from Kuraopokpi to Sekmai section of Imphal-Kohima Road Design Ch. km 287.00 to 297.700 of NH-39 New NH-02 in state of Manipur on EPC mode Pkg-5A,617886,Widening of existing Single lane / Intermediate lane road to 2 lane from Km 101 to Km 125 of NH 61,MoRTH,0.0,6.0,Significant overrun/delay
618302,Widening/Improvement to 2-lane with earthen shoulder of Yaingangpokpi - Finch corner road section of NH-202 from Km 16.900 to Km 30.970 of NH-202 in the state of Manipur on EPC mode Package-2,618347,Widening to 2-lane with Hard shoulder of Churachandpur to Tuivai Section of NH- 102B from km 13.747 to km 32.835 in the State of Manipur on EPC mode under NHO Package-1B,NHIDCL,0.0,45.0,Significant overrun/delay
618303,Widening/Improvement to 2-lane with earthen shoulder of Yaingangpokpi - Finch corner road section of NH-202 from Km 0.000 to Km 16.900 of NH-202 in the state of Manipur on EPC mode Package-1,618346,Widening to 2-lane with Hard shoulder of Churachandpur to Tuivai Section of NH- 102B from km 32.835 to km 48.587 in the State of Manipur on EPC mode under NHO Package-2A,NHIDCL,0.0,45.0,Significant overrun/delay
618304,"Widening/Improvement to 2 Lane with earthen shoulder of Jessami to Laynen bridge Nagaland border section of NH-29 of Imphal -Ukhrul - Jessami Economic Corridor from km 0.000 to km 11.009 in the State of Manipur on EPC mode under Bharatmala Pariyojana, under NHO-NE Package-7",618034,Construction of 2 lane Barpeta Bypass from Km 77900Baradi to Km 86150 Deurikuchi Length8.25Km on NH-427 in the state of Assam under EPC ModeJob No.427/AS/2022-23/245,MoRTH,0.0,0.0,Recovered / on track
618305,Widening/Improvement to 2 lane with earthen shoulder of Marrem Khullen to Jessami section of NH-202 of Imphal - Ukhrul - Jessami Economic Corridor from Design Chainage km 95.700 to km 140.180 in the State of Manipur on EPC mode under Bharatmala Pariyojana under NHO-NE Package-6,618010,Development to 4-lane with paved shoulder for the road section Talwandi Sabo- Raman road to refinery Road junction with Bathinda Dabwali Road of NH-254 from existing Km 131.600 to Km 155.650 Design Km 131600 to km 155600 in the State of Punjab. Job No NH-254-PB-2022-23-565,MoRTH,0.0,0.0,Recovered / on track
618306,"Widening/Improvement to 2 lane with earthen shoulder of Choithar to Marrem Khullen section of NH-202 of Imphal Ukhrul Jessami Economic Corridor from Design Chainage km 53.110 to km 95.700 in the State of Manipur on EPC mode under Bharatmala Pariyojana, under NHO-NE Package-5",618907,2L/4L of Hoshiarpur to Una section including Hoshiarpur Bypass of NH 503A,National Highways Authority of India [NHAI],-15.7,0.0,Recovered / on track
618333,Widening to 2 lane with Paved shoulder of lmphal to Jiribam section of NH-37 from Design Ch. from km 169570 Near Nungkao vlllage under Tamenglong District to km 205974 near Jiribam Bridge under Jiribam district under NHO-NE PKG-7,619124,6L Access Controlled Greenfield Highway from Polavaram Ch. 260000 to Marripudi Ch. 285500 of [NH-544G]Package-12,National Highways Authority of India [NHAI],-16.1,9.0,Significant overrun/delay
618334,Widening to 2 Lane with Paved shoulder of lmphal to Jiribam section of NH-37 from Design Ch. from km 131.280 to km 169.570 on EPC mode in Manipur under NHO- TSP PKG-6,618841,4L Elevated Section and at-grade improvements at Begusarai town Simaria - Khagaria section from Km. 221.047 to Km. 225.302 of NH-31,National Highways Authority of India [NHAI],-29.1,18.0,Significant overrun/delay
618335,Widening to 2 Lane with Paved shoulder of lmphal to Jiribam section of NH-37 from Design Ch. from Km 101280 Near Khongsang Village to Km 131280 near Puilon Kambiron Village on EPC Mode in Manipur PKG-5,618011,Construction of 2 lane with paved shoulder for the work of Development of remaining sections of NH-325 Balotra to sanderao via Jalore to 2 lane with paved shoulder configuration by Construction of Byasses for town portions1 Asotra- Brahmdham bypass 2Siwana Bypass 3 Mokalsar Bypass 4 Major realignment at Kathadi 5 Major realignment at Bishangarh 6 Jalore Bypass 7 Ahore Town portion 8 Dujana Bypass in the state of Rajasthan on EPC Mode,MoRTH,0.0,24.0,Significant overrun/delay
618336,Widening to 2 -Lane with Paved shoulder of Imphal to Jiribam section of NH-37 from Design Chainage 66.110 km to 101.280 Km Existing Chainage km 67.496 to km 103.557 on EPC Mode in Manipur PKG-4,618910,4L of Purulia Bypass section from Km 84.030 to Km 94.345 of NH-32,National Highways Authority of India [NHAI],0.9,33.0,Significant overrun/delay
618337,Widening to 2 -Lane with Paved shoulder of Imphal to Jiribam section of NH-37 from Design Chainage 33.000 km to 66.390 Km Existing Chainage from km 33.395 to km 67.496 on EPC Mode in Manipur PKG-3,619038,Construction/upgradation to 2-lane with paved shoulder from Design Km 95.55 Bandarkoot to Km. 111.06 Chattroo of 15.52 Km length on Khellani-Kishtwar-Chattroo section on NH-244 in UT of Jammu and Kashmir on EPC Mode Pkg-5,NHIDCL,0.0,36.9,Significant overrun/delay
618338,Widening to 2-Lane with Paved shoulder of Imphal to Jiribam section of NH-37 from Design Chainage 15.940 km to 33.120 Km Existing Chainage Km 15.946 to Km 33.395 Total length17.180 Km in the State of Manipur on EPC mode PKG-2 - Balance Works & Rectification works,617930,Construction of Bypass on NH-59 from Km 336/350 to 349/910 13.56 km near Berhampur town including 4-lane RoB in the state of Odisha.,MoRTH,0.0,6.0,Significant overrun/delay
618344,Widening to 2-lane with Hard shoulder of Churachandpur to Tuivai Section of NH- 102B from Design Chainage 69.875 Km to 121.769 Km in the State of Manipur on EPC mode Package-3,618760,4L Greenfield a Malout bypass from ch. Km 44.500 to ch. Km 35.500 on NH-07 and Ch. Km 0.000 to Km 6.984 on NH-09 bMandi Dabwali Bypass from Ch. 38.450 Km to Km 27.910 Pkg-02,National Highways Authority of India [NHAI],-14.0,21.0,Significant overrun/delay
618345,Widening to 2-lane with Hard shoulder of Churachandpur to Tuivai Section from Km 48.587 to Km 69.875 in the State of Manipur on EPC mode under NHO Package-2B,618429,Construction & upgradation of existing road to 2-lane with paved shoulder including geometric improvement of sect. from Pedong bypass to Reshi Border km 79.700 to km 96.254 of NH-717A under SARDP-NE-A on EPC as part of Alternate connectivity to Gangtok Lava More-Reshi Border Pkg-VB,NHIDCL,14.5,49.0,Significant overrun/delay
618346,Widening to 2-lane with Hard shoulder of Churachandpur to Tuivai Section of NH- 102B from km 32.835 to km 48.587 in the State of Manipur on EPC mode under NHO Package-2A,618347,Widening to 2-lane with Hard shoulder of Churachandpur to Tuivai Section of NH- 102B from km 13.747 to km 32.835 in the State of Manipur on EPC mode under NHO Package-1B,NHIDCL,0.0,45.0,Significant overrun/delay
618347,Widening to 2-lane with Hard shoulder of Churachandpur to Tuivai Section of NH- 102B from km 13.747 to km 32.835 in the State of Manipur on EPC mode under NHO Package-1B,618346,Widening to 2-lane with Hard shoulder of Churachandpur to Tuivai Section of NH- 102B from km 32.835 to km 48.587 in the State of Manipur on EPC mode under NHO Package-2A,NHIDCL,0.0,45.0,Significant overrun/delay
618348,Balance work of Widening to 2 Two lane with hard shoulder of Churachandpur to Tuivai section of NH-102B from km 130.000 to km 141.029 Package-4B in the State of Manipur on EPC Mode,618385,Rehabilitation and up-gradation of road from design km 25.250 to km 36.460 Total lengh 11.210 km of Kailashahar-Kurti Bridge section on NH-208A to 2-lane with paved shoulder on EPC basis under NHO Package-III- Balance Work,NHIDCL,0.0,0.0,Recovered / on track
618349,Balance work of Widening to 2 Two lane with hard shoulder of Churachandpur to Tuivai section of NH-102B from Design Chainage km 118850 to km 130000 Package- 4A in the State of Manipur on EPC Mode,618293,"Construction of 2-Lane with paved shoulder of Kohima-Bypass Road connecting NH- 39New NH-02, NH-150New NH-02, NH-61New NH-29 and NH-39New NH-02 from design Km 0.00 to Km 10.500 in the State of Nagaland under SARDP-NE on EPC Mode Package-1 -Balance work",NHIDCL,51.1,0.0,Significant overrun/delay
618355,"Construction of of 2 -Lane with paved shoulders road from Tamenglong-Tousem- Lisang-Mahur Road NH-137 starting near Dialong Village from km 10.000 at Dialong to km 31.430 near Old Tamenglong , near Barak River on EPC Mode Package-2",618357,Construction of 2 -Lane with paved shoulders road from Tamenglong to Mahur NH- 137 in Manipur starting from km 54.180 near Azuram to km 80.630 near Mandeu on EPC Mode Package 5,NHIDCL,0.0,32.1,Significant overrun/delay
618356,Construction of 2 -Lane with paved shoulders road from Tamenglong to Mahur in the state of Manipur from km 31.430 at Old Tamenglong to km 43.480 ending near Phelong on EPC Mode Package-3,618416,"Improvement of existing road to 2 laning with Hard Shoulders of Maram -Peren section Package-1A, length- 22.340Km from Design Chainage 0.000 km to 22.340 km on NH-129A in the State of Manipur on EPC mode",NHIDCL,0.0,43.0,Significant overrun/delay
618357,Construction of 2 -Lane with paved shoulders road from Tamenglong to Mahur NH- 137 in Manipur starting from km 54.180 near Azuram to km 80.630 near Mandeu on EPC Mode Package 5,618355,"Construction of of 2 -Lane with paved shoulders road from Tamenglong-Tousem- Lisang-Mahur Road NH-137 starting near Dialong Village from km 10.000 at Dialong to km 31.430 near Old Tamenglong , near Barak River on EPC Mode Package-2",NHIDCL,0.0,36.0,Significant overrun/delay
618358,Construction of 2 -Lane with paved shoulders road from Tamenglong to Mahur NH- 137 starting from km 80.630 near Mandeu to km 96.870 near Jiri River on EPC Mode Package-6,618925,Bijnor-Kotawali,National Highways Authority of India [NHAI],11.3,36.0,Significant overrun/delay
618387,Construction of 2-laning with Hard shoulder of Ukhrul Tolloi - Tadubi section of NH- 102A from Design Chainage km 9450 to km 50850 in the State of Manipur on EPC mode under NHO-NE Package-2,619093,4L Ismailabad to Ambala Section of NH-152 Lot-4/Package-1,National Highways Authority of India [NHAI],-25.4,16.0,Significant overrun/delay
618388,Construction of 2-laning with Hard shoulder road of Ukhrul - Tolloi - Tadubi section of NH-102A from Design Chainage 50.850 km to 81.870 km in the State of Manipur on EPC mode under NHO-TSP Package -3,617983,Widening & Strengthening of Existing 2LPS to 4 lane PS from Km 150000 to Km 159000 and Km 165400 to Km 186000 of NH-163 old NH-202 under NH O for the year 2020-21 on EPC Mode in the state of Telangana.,MoRTH,-5.2,23.0,Significant overrun/delay
618389,Construction of 2-laning with Hard shoulder road of Ukhrul - Tolloi - Tadubi section of NH-102A from Design Chainage 81.870 km to 105.825 km in the State of Manipur on EPC mode under NHO-TSP Package -4,619138,Yekkambi-Haveri,National Highways Authority of India [NHAI],0.0,39.0,Significant overrun/delay
618415,"Improvement of existing road to 2 laning with Hard Shoulders of Maram-Peren section Package-1B, length- 17.660 km from Design Chainage 22.340 km to 40.000 km on NH-129A in the State of Manipur on EPC mode",618298,Widening/Improvement of existing 2-Lane road to 4-Lane Divided Highway from Sekmai to Nilakuthi section of Imphal-Kohima Road Design Chainage from Km 297700 to Km 308729 of NH-39 New NH-02 in state of Manipur on EPC mode Pkg-5B,NHIDCL,0.0,41.0,Significant overrun/delay
618416,"Improvement of existing road to 2 laning with Hard Shoulders of Maram -Peren section Package-1A, length- 22.340Km from Design Chainage 0.000 km to 22.340 km on NH-129A in the State of Manipur on EPC mode",618356,Construction of 2 -Lane with paved shoulders road from Tamenglong to Mahur in the state of Manipur from km 31.430 at Old Tamenglong to km 43.480 ending near Phelong on EPC Mode Package-3,NHIDCL,0.0,40.0,Significant overrun/delay
617885,Rehabilitation and Up-gradation of Nongstoin Wahkaji section of Project Road Km 0000 to Km 43060 to Intermediate Lane with earthern shoulder under SARDP-NE Phase-A in the State of Meghalaya on EPC mode. Job No- SARDP-NE ong-Don- Maw/MG/2020-21/294,618258,Two laning with paved shoulders of Gondiguda to Araku uptoBhallaguda section of NH 516E,MoRTH,-2.5,7.0,Significant overrun/delay
618076,Improvement and Widening two lannig with paved Shoulder of NH 127B from km 31.500 Goeragre to km 63.224 Package-II in state of Meghalaya,617976,Work of development and construction of elevated corridorfrom km 38/660 to km 42/690 Iscon junction to start point of approach of sanand flyover of NH-147 in the sate of Gujarat,MoRTH,0.0,0.0,Recovered / on track
618294,Improvement and Widening of National Highway No. 127B Darugiri - Songsak - Williamnagar Junction Section to two lane with paved shoulder from design Km 0000 to Km 36635 Design length 36.635 Km existing Km 112000 to Km 151060 of NH-1278 under Bharatmala Pariyojana Lot-1 Pkg-1B Meghalaya portion,618931,4L PS from Ch. 179.780 in Bitada/Movi Village to Ch. 208.900 in Nasarpore Village of NH-56 Pkg-V,National Highways Authority of India [NHAI],-25.8,0.0,Recovered / on track
618295,Improvement/Widening of New NH-217 Dainadubi-Darugiri section to Two lane with paved shoulder in Meghalaya from design Km 0000 to Km 40840 existing Km 8600 to Km 53000 of Old NH-62 under BMP Lot-1 Pkg-1B Meghalaya portion,618308,Construction of 4-Lane Panchgram Bypass from Design Chainage km 15500 on NH- 37 Old NH-53 at Kalinagar Pt.-I Village to Design Chainage km 27300 at crossing with NH-6 Old NH-44 Near Siddeswar Pt.-I Village on Silchar - Churaibari stretch in the State of Assam on EPC Mode under Bharatmala Pariyojana in Economic Corridors Silchar- Churaibari Package-2,NHIDCL,7.8,0.0,Significant overrun/delay
618374,Improvement/Widening to 2-L with Paved Shoulder/ 4-Laning of NH-40 section from Km 151330 to Km 163400 design Km 63.530 to Km 71.520 including Dawki Bridge of length 368 m between Shillong-Dawki under JICA ODA Loan assistance Phase-II Pkg- 5 -Balance work,617886,Widening of existing Single lane / Intermediate lane road to 2 lane from Km 101 to Km 125 of NH 61,MoRTH,0.0,6.0,Significant overrun/delay
618375,Improvement/Widening to 2-Lane with Paved Shoulder from design Km 45.760 to Km 63.530 between Shillong-Dawki under JICA ODA Loan assistance Phase-II -Balance work Pkg-4,618376,Improvement/Widening to 2-Lane with Paved Shoulder between Shillong-Dawki road up to Bangladesh Border from design Km 10.670 to Km 37.550 under JICA ODA Loan assistance Phase-II -Balance Work-Pkg-2,NHIDCL,0.0,4.0,Significant overrun/delay
618376,Improvement/Widening to 2-Lane with Paved Shoulder between Shillong-Dawki road up to Bangladesh Border from design Km 10.670 to Km 37.550 under JICA ODA Loan assistance Phase-II -Balance Work-Pkg-2,618375,Improvement/Widening to 2-Lane with Paved Shoulder from design Km 45.760 to Km 63.530 between Shillong-Dawki under JICA ODA Loan assistance Phase-II -Balance work Pkg-4,NHIDCL,0.0,6.0,Significant overrun/delay
618377,Improvement/Widening to 2-L with Paved Shoulder/4-L from Km 81740 to Km 93490 design Km 0000 to Km 10670 of NH-40 New NH-106 & 206 section & 4-L from design Km 0.00 to Km 0.930 of NH-44 section between Shillong-Dawki under JICA ODA Loan assistance Phase-II -Balance Work Pkg-1,618255,Two laning with paved shoulders of Lambasingi to Paderusection of NH 516E,MoRTH,-0.9,12.0,Significant overrun/delay
618418,Rehabilitation and up gradation of Nongstoin-Rambrai-Kyrshai road up to Meghalaya- Assam border from Km 0.335 to km 34.039 to 2-Lane under NHO - NE in the State of Meghalaya Package-1,618071,Construction of two lane with paved shoulder Gangtok Bypass Road from Ranipool to Burtuk Ch 0.00 Km to 23.316 L23.316 Km in the State of Sikkim,MoRTH,-11.0,25.0,Significant overrun/delay
618419,"Construction of 2-Lane with paved shoulders of Shillong Western Bypass starting from NH-06 near Ladumsaw existing Km 60.900 of old NH40 to NH106 old NH 44E Package-III, from km 24700 to km 38256 under SARDP-NE PHASE A in the state of Meghalaya on EPC Mode Greenfield alignment",619057,Construction of 4-Lane Badarpur Bypass from Design Chainage km 27300 at crossing with NH-6 Old NH-44 Near Siddeswar Pt.-I Village to Design Chainage km 38600 on NH-37 Old NH-44 at Kandigram Chaita Village on Silchar - Churaibari stretch in the State of Assam on EPC Mode under Bharatmala Pariyojana in Economic Corridors Silchar- Churaibari Pkg-3,NHIDCL,0.0,0.0,Recovered / on track
618420,"Construction of 2 lane with paved shoulder of Shillong Western Bypass starting from NH-06 near Ladumsaw existing km 60.900 of old NH-40 to NH-106 old NH-44E, Package-II km 12800 to km 24700 under SARDP-NE Phase A in the State of Meghalaya on EPC Mode",618263,"Rehabilitation and Up-gradation to 2LPS from Km. 0.000 to Km. 7.800 and Km. 35.400 to Km. 52.345 Design length 24.745 Km., except Bihar portion of NH-727B Tamkuhiraj to Bihar Border and Bihar Border to Majhauli on EPC mode in the State of Uttar Pradesh",MoRTH,0.0,0.0,Recovered / on track
618421,"Construction of 2-Lane with paved shoulder of Shillong Western Bypass starting from NH-06 near Ladumsaw Existing km 60.900 of old NH-40 to NH106 old NH-44E, km 0000 to km 12800 Package-I under SARDP-NE PHASE A in the State of Meghalaya on EPC Mode Greenfield alignment",618092,Up-gradation to 2 lane with paved shoulder from Neechli Oden Nathdwara at Design Km 88.800 existing km 55.95 to Bhatewar at Design Km 142.028 existing km 0.00 of NH-162E in the State of Rajasthan on EPC mode.,MoRTH,0.0,0.0,Recovered / on track
618316,4-Laning of Vairengte - Chhimluang section Package-3 of NH-306 from Existing Chainage km 43000 to Km 59700 Design Chainage km 46000 to km 60850 on Silchar - Vairengte- Sairang road in the State of Mizoram under Bharatmala Pariyojna under NHO-NE. Package-1&2 in Assam state,618031,Balance work of Construction of Two/Four lane with paved shoulder from Km 422.000 to 523.600 Chitradurga to Shivamogga of NH-13 in the state of Kanataka on EPC mode.,MoRTH,0.0,8.0,Significant overrun/delay
618317,4-Laning of chhimluang-Kolasib from section pkg-4 of NH-306 & NH-6 existing chainage km 59700 to km 86000 design chainage km 61000 to km 77500 on Silchar- vairengte-sairang road in the state of Mizoram under Bharatmala Pariyojna on EPC mode Vairengte - Sairang Pkg-4,618319,"4-Laning of Sethawn - N. Kawnpui section Package-6 of NH-6 from Existing Chainage km 107850 to km 126315 Design Chainage km 95500 to km 111850 on Silchar- Vairengte- Sairang road, Vairengte - Sairang Pkg-6",NHIDCL,0.0,-1.0,Recovered / on track
618318,4-Laning of Kolasib - Sethawn section Package-5 of NH-6 from Existing Chainage km 86000 to km 107850 Design Chainage km 77500 to km 95500 on silchar - vairengte - sairang road under Bharatmala Pariyojna on EPC mode under NHO-NE Vairengte - Sairang Pkg-5,617922,Construction of Jharsuguda Bypass including Land acqusition on NH-49 from km 258.636 to km 283.300 design chainage 258.636 to km 289.876 under NHO in Annual Plan 2022-23 for the state of Odisha Job No.NH-49-OD-2022-23-655,MoRTH,0.0,0.0,Recovered / on track
618319,"4-Laning of Sethawn - N. Kawnpui section Package-6 of NH-6 from Existing Chainage km 107850 to km 126315 Design Chainage km 95500 to km 111850 on Silchar- Vairengte- Sairang road, Vairengte - Sairang Pkg-6",618317,4-Laning of chhimluang-Kolasib from section pkg-4 of NH-306 & NH-6 existing chainage km 59700 to km 86000 design chainage km 61000 to km 77500 on Silchar- vairengte-sairang road in the state of Mizoram under Bharatmala Pariyojna on EPC mode Vairengte - Sairang Pkg-4,NHIDCL,0.0,-1.0,Recovered / on track
618320,Construction of 4-Laning of N. Kawnpui N. Mualvum Mualkhang via Khamrang Village section Package-7 of NH-6 from Existing Chainage km 127200 to km 142000 Design Chainage km 111850 to km 123400 on Silchar - Vairengte - Sairang road in the State of Mizoram on EPC mode,618321,Construction of 4-Laning of West Serawlg-Sairang section of NH-6 from Existing Chainage km 142000 to km 158900 Design Chainage km 123400 to km 136260 on Silchar - Vairengte - Sairang road in the State of Mizoram under Bharatmala Pariyojna on EPC mode under NHO-NE Package-8,NHIDCL,0.0,0.0,Recovered / on track
618321,Construction of 4-Laning of West Serawlg-Sairang section of NH-6 from Existing Chainage km 142000 to km 158900 Design Chainage km 123400 to km 136260 on Silchar - Vairengte - Sairang road in the State of Mizoram under Bharatmala Pariyojna on EPC mode under NHO-NE Package-8,618320,Construction of 4-Laning of N. Kawnpui N. Mualvum Mualkhang via Khamrang Village section Package-7 of NH-6 from Existing Chainage km 127200 to km 142000 Design Chainage km 111850 to km 123400 on Silchar - Vairengte - Sairang road in the State of Mizoram on EPC mode,NHIDCL,0.0,0.0,Recovered / on track
618323,Construction of Twin Tube Uni-directional Aizawl Bypass Tunnel of 2.5 km and its approaches of 2.1 km from km 10.600 to km 15.200 on Sarrang - Phaibawk section of NH-6 in the State of Mizoram on EPC Mode under NHO-NE Package-2,618401,"Construction of Intermediate Lane with Hard Shoulder of Hunli to Hayuliang Package- III from design Km 60.000 to Km 121.500 Design Length 61.500 km, Greenfield Section of Frontier Highway NH-913 in the State of Arunachal Pradesh on EPC Mode Pkg-3",NHIDCL,0.0,0.0,Recovered / on track
618324,Construction of 2-lane Aizawl Bypass from km 15.200 to km 34.500 Package-3 on Sairang - Phaibawk section of NH-6 in the State of Mizoram under Bharatmala Pariyojna on EPC Mode under NHO-NE,618253,Construction of missing link from Birhu to Lathiani from Km 35/550 Design chainage Km 0.000 to Km 42/800 Design Chainage Km 8.153on NH-503A including Lathiani Bridge on back water of Govindsagar and its approaches in Himachal Pradesh.,MoRTH,3.0,0.0,Recovered / on track
618341,Up-gradation to 2-lane with paved shoulders of Ngopa - Pawlrang section of NH 102B of Aizawl - Imphal Economic Corridor from Existing Chainage km 32.796 to km 72.030 [Design Chainage km 31.280 to km 68.170] in the State of Mizoram under Bharatmala Pariyojna on EPC mode under NHO-NE Package-2 Keifang- Tuivai Pkg-2,619010,Up-gradation to 2 lane with paved shoutders of Pawlrang - Rulchawm section- of NH- 102B of Aizawl - Imphal Economic Corridor from Existing Chainage km 72.030 to km 104.129 including 2.459 km re-alignment section from Tuivai River to Rulchawm connecting km 48.150 of NH-6 [Design Chainage km 68.170 to km 98.579] in the State of Mizoram under Bharatmala Pariyojna on EPC mode under NHO-NE Package-3 Keifang- Tuivai Pkg-3,NHIDCL,0.0,2.0,Recovered / on track
618342,Rehabilitation and upgradation to 2 Lane with Paved shoulder of Economic corridor of NH-6 from Design chaiange Km 0.000 to Km 13.510 Package-1 in the state of Mizoram under Bharatmala Pariyojana on EPC mode,618598,6L Minor Bridge Paloli Palam at km. 203.160 & Major Bridge Morad at km. 204.895 and allied works,National Highways Authority of India [NHAI],3.3,47.0,Significant overrun/delay
618343,"Rehabilitation and Up gradation to 2-lane with paved shoulder of Keifang Section Economic Corridor of NH-06 from Existing Chainage Km 30050 Keifang to Km 50360 Keifang, Design Chainage Km 27400 to Km 45040 PkgIII in the State of Mizoram under Bharatmala Pariyojna on EPC Mode Seling-Dulte - III",618292,Construction of 2-Lane with paved shoulder of Kohima-Bypass Road connecting New NH-02 and New NH-29 from Design Km 10.500 to design Km 21.000 [Design Length- 10.500 km] including TUNNEL of 500m at Ch. 11.000 in the state of Nagaland Under SARDP-NE on EPC Mode Package-2,NHIDCL,0.0,44.0,Significant overrun/delay
618362,Construction of 2-laning with hard shoulder of Lunglei to Chhumkhum from Design Chainage Km 0.000 to Km 37.420 of NH-302 [Lunglei-Tlabung] Package-A,618363,Construction of 2-laning with hard shoulder configuration of Chhumkhum to Tlabung from Design Chainage Km 37.420 to Km 74.950 of NH-302 in Mizoram under Bharatmala Pariyojana on EPC mode [Pkg-B],NHIDCL,0.0,47.0,Significant overrun/delay
618363,Construction of 2-laning with hard shoulder configuration of Chhumkhum to Tlabung from Design Chainage Km 37.420 to Km 74.950 of NH-302 in Mizoram under Bharatmala Pariyojana on EPC mode [Pkg-B],618362,Construction of 2-laning with hard shoulder of Lunglei to Chhumkhum from Design Chainage Km 0.000 to Km 37.420 of NH-302 [Lunglei-Tlabung] Package-A,NHIDCL,0.0,42.0,Significant overrun/delay
618379,Widening and Up-gradation to 2- Lane with Paved Shoulder Configuration and geometric improvement from Km. 208. 000 to Km 250.000 Package-5 on Aizawl Tuipang Section of NH-54 in the State of Mizoram Package-5,618381,Widening and up-gradation to 2-lane with paved shoulder configuration and geometric improvements from km 250.00 Lunglei to km 298.00 on Aizawl-Tuipang section under JICA ODA Loan assistance Phase-I Package-6,NHIDCL,0.0,23.0,Significant overrun/delay
618380,Widening and Up-gradation to 2- Lane with Paved Shoulder Configuration and geometric improvement from Km. 125. 000 to Km 166 Package-3 on Aizawl Tuipang Section of NH-54 in the State of Mizoram Package-3,618384,Widening and Up-gradation to 2- Lane with Paved Shoulder Configuration and geometric improvement from Km. 166. 000 to Km 208.000 Package-4 on Aizawl Tuipang Section of NH-54 in the State of Mizoram Package-4,NHIDCL,0.0,24.0,Significant overrun/delay
618381,Widening and up-gradation to 2-lane with paved shoulder configuration and geometric improvements from km 250.00 Lunglei to km 298.00 on Aizawl-Tuipang section under JICA ODA Loan assistance Phase-I Package-6,618379,Widening and Up-gradation to 2- Lane with Paved Shoulder Configuration and geometric improvement from Km. 208. 000 to Km 250.000 Package-5 on Aizawl Tuipang Section of NH-54 in the State of Mizoram Package-5,NHIDCL,0.0,0.0,Recovered / on track
618382,Widening and up-gradation to 2-lane with paved shoulder configuration and geometric improvements from km 298.00 to km 339.00 on Aizawl-Tuipang section under JICA ODA Loan assistance Phase-I Package-7,618611,Sangariya near Chautala-Rasisar near Bikaner section of NH-754K Phase-I AJ/SR- Package-7,National Highways Authority of India [NHAI],5.3,35.0,Significant overrun/delay
618383,Widening and up-gradation to 2-lane with paved shoulder configuration and geometric improvements from km 339.00 to km 380.00 Siaha on Aizawl-Tuipang section under JICA ODA Loan assistance Phase-I Package-8,618613,Deogarh near Dhandhaniya-Rajasthan/Gujarat Border Phase-I AJ/DRGB-Package-7,National Highways Authority of India [NHAI],-9.7,34.0,Significant overrun/delay
618384,Widening and Up-gradation to 2- Lane with Paved Shoulder Configuration and geometric improvement from Km. 166. 000 to Km 208.000 Package-4 on Aizawl Tuipang Section of NH-54 in the State of Mizoram Package-4,618380,Widening and Up-gradation to 2- Lane with Paved Shoulder Configuration and geometric improvement from Km. 125. 000 to Km 166 Package-3 on Aizawl Tuipang Section of NH-54 in the State of Mizoram Package-3,NHIDCL,0.0,24.0,Significant overrun/delay
618452,"2-laning of Zorinpui - Longmasu section of NH-502A from km 0.000 to km 28.244 in the State of Mizoram on EPC mode under NHO-NE, stretch of IMBR",619143,4L Access Controlled Greenfield Highway section on NH-163G Khammam Vijayawada from BrahmanapalliK village at Design Ch. 250.400 Km to Remidicherla village at Design Ch. 280.200 KmPackage-II,National Highways Authority of India [NHAI],4.4,3.0,Significant overrun/delay
619010,Up-gradation to 2 lane with paved shoutders of Pawlrang - Rulchawm section- of NH- 102B of Aizawl - Imphal Economic Corridor from Existing Chainage km 72.030 to km 104.129 including 2.459 km re-alignment section from Tuivai River to Rulchawm connecting km 48.150 of NH-6 [Design Chainage km 68.170 to km 98.579] in the State of Mizoram under Bharatmala Pariyojna on EPC mode under NHO-NE Package-3 Keifang- Tuivai Pkg-3,618341,Up-gradation to 2-lane with paved shoulders of Ngopa - Pawlrang section of NH 102B of Aizawl - Imphal Economic Corridor from Existing Chainage km 32.796 to km 72.030 [Design Chainage km 31.280 to km 68.170] in the State of Mizoram under Bharatmala Pariyojna on EPC mode under NHO-NE Package-2 Keifang- Tuivai Pkg-2,NHIDCL,0.0,15.9,Significant overrun/delay
619199,Bangalore Chennai Expressway Phase-II Pkg-I from km.71.000 to Km 96.000 Bethamangala in the state of Karnataka to Byreddypalli,618476,Bangalore Chennai Expressway Phase-II Pkg-III from km.127.000 to Km 156.000 Bangarupalem to Gudipala section,National Highways Authority of India [NHAI],0.0,19.0,Significant overrun/delay
618681,6L Aluru - Jakkuva Section of NH-130CD Road from km 365.033 to km 396.800 Pkg. 1,618901,4L PS Divided Carriageway from Patan Near Rajpur to Gojariya From Km 52.000 to Km 128.940 of NH-68,National Highways Authority of India [NHAI],-7.0,17.0,Significant overrun/delay
618477,Bangalore Chennai Expressway Phase-III Package I Gudipala to Walajajhpet from Km 156.000 to Km 180.000,618479,Bangalore Chennai Expressway Phase-III Package III Arakkonam to Kancheepuram from Km 204.500 to Km 230.000,National Highways Authority of India [NHAI],0.0,38.0,Significant overrun/delay
618634,6L of Veera Kaveri Raja Puram to Pondavakkam from km 61.380 to km 96.040 of NH 716B Pkg-III,618635,6L of Pondavakkam to Kannigaipair from km 96.040 to km 116.100 of NH 716B Pkg- IV,National Highways Authority of India [NHAI],0.0,22.0,Significant overrun/delay
618769,Walajahpet/Ranipet to TN/AP Border Section of from Km.106.800 to Km.133.36 NH-4,618920,Access Controlled Highway of 4 Lane with Paved Shoulders from TN/AP Border Design Chainage Km 6151 to Puttur Design Chainage Km 81540 of NH-716 & 6 Lane with Paved Shoulders from Mallavaram to Renigunta,National Highways Authority of India [NHAI],-6.4,2.0,Recovered / on track
618771,6L of Varadharajula to Kumarajapet from km 0.000 to km 43.800 of NH-716B Pkg-I,618543,4L of twin tube tunnel configuration including approaches from Marog to Digdol from Km.154.210 to Km.158.650 North Bound and from Km.155.940 to Km.160.260 South Bound of Ramban to Banihal Pkg-I of Old NH-1A New NH-44,National Highways Authority of India [NHAI],-45.9,28.0,Significant overrun/delay
618772,6L of Kumarajapet to Veera Kaveri Raja Puram from km 43.800 to km 61.380 of NH- 716B Pkg-II,618221,Rehabilitation and upgradation to 2 lane with paved shoulder from existing chainage Km 166.100 to Km 192.98 design chainage Km 146.700 to Km 162.800 including construction of Bhimber Gali Tunnel Total Length of Tunnel 1.100 Km under 31 BRTF on Akhnoor-Poonch Roads on EPC mode NH-144A Package-VII,MoRTH,0.0,0.0,Recovered / on track
619077,6 laning of Balance Work of Chennai - Tada from km. 21.40 to km. 54.40,618152,Mhaswad to Tembhurni section of NH-548C - 2L PS,MoRTH,0.0,77.0,Significant overrun/delay
618747,Khammam-Devarapalle Pkg III [4L Access Controlled Greenfield from Chintagudem village to Recherla village Design Chainage 63117 to 105236],618746,Khammam-Devarapalle Pkg I [4L Access Controlled Greenfield from Thallampadu village to Somavaram village Design Chainage 0000 to 33604],National Highways Authority of India [NHAI],67.7,24.0,Significant overrun/delay
618818,4L Access Controlled Greenfield Highway section on NH-163G Khammam Vijayawada from Remidicherla village at Design Ch. 280.200 Km to Jakkampudi village on NH-16 at Design Ch. 309.909 Km Package-III,618811,4L Access Controlled Greenfield Highway Section Mancherial Warangal from Pangidipalle village at Design Ch. 72.350 Km to Oorugonda village at Design Ch. 112.240 KmPackage-III,National Highways Authority of India [NHAI],-1.1,0.0,Recovered / on track
619143,4L Access Controlled Greenfield Highway section on NH-163G Khammam Vijayawada from BrahmanapalliK village at Design Ch. 250.400 Km to Remidicherla village at Design Ch. 280.200 KmPackage-II,618452,"2-laning of Zorinpui - Longmasu section of NH-502A from km 0.000 to km 28.244 in the State of Mizoram on EPC mode under NHO-NE, stretch of IMBR",NHIDCL,0.0,7.0,Significant overrun/delay
619212,6L Access Controlled Greenfield Highway of Julekal village to Dinnedevarapadu village from Km 242.200 to Km 280.400 Pkg-2,619072,Bangalore/TN border to Hoskote,National Highways Authority of India [NHAI],9.8,17.9,Significant overrun/delay
618359,Widening/Improvement to 4-Lane with Paved Shoulder from km 55000 Nagabang Gamsuk to km 82514 Oyan in the State of Assam and Arunachal Pradesh on EPC mode under Bharatmala Pariyojna of Length 27.514 Km Package-3,618308,Construction of 4-Lane Panchgram Bypass from Design Chainage km 15500 on NH- 37 Old NH-53 at Kalinagar Pt.-I Village to Design Chainage km 27300 at crossing with NH-6 Old NH-44 Near Siddeswar Pt.-I Village on Silchar - Churaibari stretch in the State of Assam on EPC Mode under Bharatmala Pariyojana in Economic Corridors Silchar- Churaibari Package-2,NHIDCL,7.8,0.0,Significant overrun/delay
618531,6L of Aurangabad to Bihar-Jharkhand border Chordaha section from km. 180.000 to km. 209.827 of NH-2 PKG-01,618944,Hyderabad - Maneguda,National Highways Authority of India [NHAI],27.1,5.9,Significant overrun/delay
618532,6L of Aurangabad to Bihar-Jharkhand border Chordaha section from km. 209.827 to Km. 249.525 of NH-19 PKG-02,618496,Delhi-Amritsar-Katra Expressway Phase-II Pkg-XVI Existing Jakh Vijaypur-Kunjwani section of NH-44 including spur Connectivity to Jammu Airport NH-144A [Km 503500 to km 514500],National Highways Authority of India [NHAI],38.5,24.0,Significant overrun/delay
618724,6L Greenfield Varanasi-Ranchi-Kolkata Highway from Anarbansalea village to Sagrampur village From KM. 151200 to KM. 184700Package-7,618262,Construction of Deoria Bypass from existing Km. 27.140 to existing Km. 46.780 Design Km. 49.109 on NH727A Design length 21.969 Km. to four lane with paved shoulder configuration under Hybrid Annuity Mode HAM in the State of Uttar Pradesh,MoRTH,0.0,0.0,Recovered / on track
618951,Hariharganj to Parwa Mode section from km 23.284 to km 57.049 of NH-98,619197,Delhi-Vadodara Greenfield Alignment NH-148N Pkg-27 Ch.729.700 to Ch.756.052,National Highways Authority of India [NHAI],6.2,26.9,Significant overrun/delay
618952,4L of Sahibganj - Manihari Ganga Bridge including Manihari Bypass,618846,Poondiyankuppam Km.67.000 to Sattanathapuram Km.123.800,National Highways Authority of India [NHAI],-9.6,29.0,Significant overrun/delay
619078,Six Laning of Bihar - Jharkhand Border Chordaha - Gorhar section of NH-2 from km 249.525 to km 320.810,618529,Varanasi Ring Road Pkg-II connecting Sandaha Village km 11.70 / NH-29 with Revasa Village km 818.80 / NH-2,National Highways Authority of India [NHAI],-8.0,55.9,Significant overrun/delay
619307,4L of Munger Mirzachauki section from Km 157350 to Km 193931 Pkg-4,619318,4/6L Greenfield Ludhiana Rupnagar highway from Jn. with NE-5 village near to ManewalLudhiana to Jn. with NH-205 near Bheora Village Rupnagar from Km. 0.00 to Km. 37.7 including spur to Kharar with Ludhiana bypass of NH-205K Pkg-1,National Highways Authority of India [NHAI],1.0,36.0,Significant overrun/delay
618530,Six Laning of Varanasi to Aurangabad from km. 786.00 to km. 978.40 of Old NH-2,619074,6-laning of Krishnagiri Km.0.000 to Walajahpet Km.148.300 section on NH-46 under NHDP-V,National Highways Authority of India [NHAI],-53.3,150.0,Significant overrun/delay
618728,6L Greenfield Varanasi-Ranchi-Kolkata Highway from junction with NH-19 & Varanasi Ring Road near Rewasa village to junction with Chandauli-Chainpur road near Khainti village from Km. 0.000 to Km. 27.000 - Pkg-1,618831,4L from Km 95.400 Udaipura to Km 147.450 Bhogu on NH-75 Sec-II,National Highways Authority of India [NHAI],-9.4,5.0,Significant overrun/delay
618882,Construction of additional 3-Lane Bridge over River Ganga for connection between Buxar and Bharauli on NH-922 in the State of Uttar Pradesh and Bihar on Hybrid Annuity Mode,618189,Widening to Two Lane with Paved Shoulder of NH-73 New Spur Road Ujire - Dharmasthala - Periyashanthi in the State of Karnataka under on HAM under NHO Annual Plan 2023-24Job No NH-73Spur-KNT-2023-24-996,MoRTH,0.0,0.0,Recovered / on track
619154,Construction of Four Lane Highway from Ghazipur- Ballia-UP/Bihar State Border Greenfield section of NH-31 Package III [from Pindari km 78.150 to Rawalganj Bypass Km 117.120] on EPC Mode in the state of Uttar Pradesh.,618723,6L access Controlled Greenfield Highway from Ranipur Barsi to Adhoya Musalmana section of Shamli -Ambala Package-II Design Ch. Form km 45.500 to km 84.400,National Highways Authority of India [NHAI],-20.1,19.0,Significant overrun/delay
618584,4L of Kishanganj - Bahadurganj section from Km. 0.000 to Km. 23.649 & interchange at Start Point Length - 1.200 Km of NH-27,618619,Bypass on Western side of Gwalior City,National Highways Authority of India [NHAI],0.0,0.0,Recovered / on track
618676,6L of Dhanara - Hatibena Section from Km 124.611 to km 146.50 of NH-130-CD Package OD-1,617917,"Construction of 4 Lane Flyover at Nagpur RTO Chowk To Nagpur University Campus from Ch 2/250 to 5/100 and 4 lane flyover at wadi/midc junction from km 8/360 to km, 10/300 on NH 53 in state of Maharashtra.",MoRTH,2.4,13.0,Significant overrun/delay
619064,Vadodara Mumbai Expressway Talsari to Karvad Phase IB - Pkg X [Km 103.400 to Km 128.000],618458,Delhi-Vadodara Greenfield Alignment NH-148N Pkg-15 Ch. 419.000 to Ch.427.300 [Junction with NH-12 near village Ummedpura to Major bridge over Takli river near Nayagaon Jageer village],National Highways Authority of India [NHAI],0.0,30.0,Significant overrun/delay
618577,Dwarka Expressway Pkg-III Delhi/HR Border to Start of RoB Gurugram,618579,6L of Anandapuram Pendurthi Anakapalli Section from km. 681.000 to km. 731.780 of NH-16,National Highways Authority of India [NHAI],17.0,58.0,Significant overrun/delay
619122,Akshardham - DL/UP Border Pkg-01,618578,6L Access Controlled Highway from DND Maharani Bagh - Jn. with Jaitpur - Pushta Road of NH-148NA from km. 0.00 to km. 9.00 in NCR,National Highways Authority of India [NHAI],71.1,22.0,Significant overrun/delay
618942,Balance work of 2L PS from Km 30.800 to Km 70.800 and 2L with Rigid Carriageway from Km 70.800 to km 84.120 of Khanapur- KA/GOA Border section of NH-4A,619142,Construction of 4-lane connectivity to Banbasa ICP at India Nepal border from NH-09 old NH-125 Sitarganj-Tanakpur at Km 40.00 near Jagbuda bridge under Bharatmala Priyojana of NH-109D on EPC mode in the State of Uttarakhand,National Highways Authority of India [NHAI],9.2,30.9,Significant overrun/delay
618637,Bal. Works of Fagne Km. 510.000 to Maharashtra/Gujarat Border Km. 650.794,618915,4L of Bal. works of Patna - Gaya -Dobhi Pkg-II from km. 39.00 to km. 83.00 of Old NH- 83,National Highways Authority of India [NHAI],-52.5,30.0,Significant overrun/delay
618486,Delhi-Amritsar-Katra Expressway Phase-I Pkg-V from Junction with Ambala-Kaithal- Hissar road NH-152 near Kharak Pandwa village to Junction with Patiala-Samana- Patran road SH-10 near Ghagga village Km 120250 to Km 157920,619305,4L of Munger Mirzachauki section from start of existing Bhagalpur bypass to Rasulpur from Km 125000 to Km 157350 Pkg-3,NHAI,14.4,26.0,Significant overrun/delay
618760,4L Greenfield a Malout bypass from ch. Km 44.500 to ch. Km 35.500 on NH-07 and Ch. Km 0.000 to Km 6.984 on NH-09 bMandi Dabwali Bypass from Ch. 38.450 Km to Km 27.910 Pkg-02,618327,Widening/Improvement to 4-Lane with Paved Shoulder from KM 113300 to Km 146230 Design Chainage 113830 to 145712 of Kwaram Taro Village - Dillai Section in Assam on EPC Package-6,NHIDCL,0.0,8.0,Significant overrun/delay
618935,4L Ambala - Kalaamb from Km. -0.800 to Km. 33.015 of old NH-72,618708,Widening/Development of Existing NH-85 from Km 0.000 to Km 124.636 section to 2L/LPS section in the state of Kerala on EPC Mode under Bharatmala Pariyojana,National Highways Authority of India [NHAI],6.6,11.0,Significant overrun/delay
619093,4L Ismailabad to Ambala Section of NH-152 Lot-4/Package-1,618387,Construction of 2-laning with Hard shoulder of Ukhrul Tolloi - Tadubi section of NH- 102A from Design Chainage km 9450 to km 50850 in the State of Manipur on EPC mode under NHO-NE Package-2,NHIDCL,0.0,1.0,Recovered / on track
619134,6L of Ambala-Chandigarh greenfield section from Km. 0.000 to Km. 25.000 with 4L spur to Lalru from Km. 0.000 to Km. 5.828 & spur to PR-7 road from Km. 0.000 to Km. 11.157,618740,4L Greenfield Alignment of Shivrampur to Ramnagar from Km. 55.002 to Km. 109.300 of NH 119 D Pkg-II,National Highways Authority of India [NHAI],3.5,23.0,Significant overrun/delay
619216,6L access Controlled Greenfield Highway from Adhoya Musalmana to Sadopur section of Shamli -Ambala Package-III Design Ch. Form km 84.400 to km 121.786,618884,Construction of Four Lane Highway from Ghazipur- Ballia-UP/Bihar State Border Greenfield section of NH-31 Package II [from Shahapur km 42.500 to Pindari km 78.150] on EPC Mode in the state of Uttar Pradesh.,National Highways Authority of India [NHAI],-12.2,10.0,Significant overrun/delay
618505,Additional Structures on 6LGurgaon-Jaipur Section of NH-48 between KM 42.700 to KM 273.00,618849,Conversion of Partially Excavated Escape Tunnel to Uni-Directional 2L Tunnelincluding construction of cross passages and approach roads on either side of the tunnel from Km 12.732 to Km 14.568 of Kiratpur to Nerchowk Section of NH-21,National Highways Authority of India [NHAI],-7.1,26.0,Significant overrun/delay
618691,4 laning of Aligarh-Palwal Section from Km. 46.390 Design Chainage to Km. 69.110 Terminating at junction EPE Package-II from Kurana- Eastern Peripheral Expressway of NH-334D,618662,4L Vidisha Gyaraspur section of NH-146 from Design Chainage km 59475 existing chainage km 81240 to Design Chainage km 88361 existing chainage km 110.315,National Highways Authority of India [NHAI],0.0,0.0,Recovered / on track
618723,6L access Controlled Greenfield Highway from Ranipur Barsi to Adhoya Musalmana section of Shamli -Ambala Package-II Design Ch. Form km 45.500 to km 84.400,619154,Construction of Four Lane Highway from Ghazipur- Ballia-UP/Bihar State Border Greenfield section of NH-31 Package III [from Pindari km 78.150 to Rawalganj Bypass Km 117.120] on EPC Mode in the state of Uttar Pradesh.,National Highways Authority of India [NHAI],0.0,15.0,Significant overrun/delay
619068,Construction of Greenfield Connectivity to Jewar International Airport from DND- Faridabad-Ballabhgarh Bypass KMP Link - Spur to Delhi Mumbai Expressway,618495,4/6L Access Control Expressway from Design Chainage Km 515.000 to 528.300 Kunjwani to Sidhra Section of NH-44 and from Design Chainage Km 550.900 to Km 566.520 Domel to Katra Section Phase II-Package XVII,National Highways Authority of India [NHAI],0.0,21.0,Significant overrun/delay
618907,2L/4L of Hoshiarpur to Una section including Hoshiarpur Bypass of NH 503A,618306,"Widening/Improvement to 2 lane with earthen shoulder of Choithar to Marrem Khullen section of NH-202 of Imphal Ukhrul Jessami Economic Corridor from Design Chainage km 53.110 to km 95.700 in the State of Manipur on EPC mode under Bharatmala Pariyojana, under NHO-NE Package-5",NHIDCL,0.0,2.0,Recovered / on track
619291,4L Poanta SahebMednipur from Km. 435.65 to km. 458.65 of NH-07Pkg-1,618054,Construction of Balrampur bypass with 2L flexible pavement configuration from km.223.000 of NH-330 to km.328.300 of NH-730 under EPC mode,MoRTH,0.0,5.9,Significant overrun/delay
619066,Delhi-Amritsar-Katra Expressway Phase-II Pkg-XIV from Junction with Pathankot- Gurdaspur road NH-54 near Balsua to Junction with Hiranagar Road near village Gurha Baildaran km 423500 to km 468100,618541,4L Ring road/bypass around Srinagar city from km 0.000 to km 42.100 Phase-I,National Highways Authority of India [NHAI],-10.8,28.9,Significant overrun/delay
618828,4L from Km 219.600 Khajuri to Km 260.483 Wyndhamganj on NH-75 Sec-V,618740,4L Greenfield Alignment of Shivrampur to Ramnagar from Km. 55.002 to Km. 109.300 of NH 119 D Pkg-II,National Highways Authority of India [NHAI],3.5,23.0,Significant overrun/delay
618533,Barwa Adda Km. 398.240 to Panagarh Km. 521.120,619074,6-laning of Krishnagiri Km.0.000 to Walajahpet Km.148.300 section on NH-46 under NHDP-V,National Highways Authority of India [NHAI],-53.3,150.0,Significant overrun/delay
618734,6L Greenfield Varanasi- Ranchi- Kolkata Highway from junction with NH-320 in Lepo village to Kamlapur villageJH/WB border from km 358.500 to km 387.200 Pkg -13,618812,4L Access Controlled Greenfield Section Mancherial Warangal from Puttapaka village at Design Ch. 35.300 Km to Pangidipalle village at Design Ch. 72.350 KmPackage-II,National Highways Authority of India [NHAI],1.4,6.0,Significant overrun/delay
618909,2L PS of JH / WB Border km. 70.524 - Purulia km.84.400 & Purulia km. 94.30 - Chandil Junction with NH-33 km. 153.705 of Old NH-32,618390,"Construction, Operation & Maintenance of 2-L Bi-directional Silkyara Bend- Barkot Tunnel with escape passage including approaches Tunnel-4.531 & Approach road- 0.328 on Dharasu-Yamunotri section b/w Chainage 25.400km and 51.00km falling along NH-134 Old NH-94 on EPC mode",NHIDCL,0.0,56.0,Significant overrun/delay
618948,4L of NH-80 section of Mirza Chauki to Farakka section from existing km 190.00 to design km 200.75 junction at km 3.100 of NH 133 B and from existing km 260.00 to existing km 283.00 design km 274.133 in the state of Jharkhand package - II,618961,4 Lane Inner Ring Road around Allahabad City Pkg-1 Prayagraj Southern Bypass 34.400 43.200,National Highways Authority of India [NHAI],-35.7,0.0,Recovered / on track
619104,4L/2L PS of Govindpur Raiganj - Chas - WB border section of from km. 0.00 to km. 56.889 of Old NH-32,617948,Kante - Wakad section of NH-66 4L PS from Km.281/300 to 332/200,MoRTH,80.8,72.0,Significant overrun/delay
619205,Six Laning of KT/KL Border Thalapaddy -Chengala from Km. 17.200 to Km. 57.20,618642,4L of Palma to Gumla from km. 26.00 to km. 89.170 of NH-23,National Highways Authority of India [NHAI],0.7,26.0,Significant overrun/delay
618515,6L from Belgaum to Sankeshwar Bypass from Km. 515.000 to Km. 555.017 of NH-48 Pkg-I,618795,Amritsar Bypass Pkg III from km. 71.496 to km. 105.158,National Highways Authority of India [NHAI],-16.7,28.0,Significant overrun/delay
618516,6L from Sankeshwar Bypass to MH-KNT Border from Km. 555.017 to Km. 592.853 of NH-48 Pkg-II,618787,"Upgradation to 4L PS from Bhimasar, Junction of NH-41 to Anjar- Bhuj upto Airport Junction from Km 0.000 to Km 65.478 of NH-341",National Highways Authority of India [NHAI],22.9,15.0,Significant overrun/delay
618636,Akkalkot MH/KN border New Greenfield corridor from Km 512.000 to Km 548.400 of NH-150C part of Akkalkot KN/TS Border section Package XIV,618287,"Widening/Improvement to 4-Lane with paved Shoulder from Ch. 25.633 Km to Ch. 52.470 Km Design Ch. 21.850 Km to Ch.48.670 Km for Package-2 of Bilasipura- Guwahati road NH-17 Section Near Mowatari, before Chapar Bypass to Tulungia junction with NH-17 in the state of Assam on HAM mode under NHO-NE Package-2",NHIDCL,0.0,0.0,Recovered / on track
618519,Bangalore Ring Road STRR-NH-948A- Package-I of Phase-III from Belagondapalli TN to TN/KNT border from km 144.480 to 179.969,618776,4L of Greenfield section from Sirhind to Mohali,National Highways Authority of India [NHAI],5.1,13.0,Significant overrun/delay
618581,Hosur to Dhamrapuri Pkg-1 [Neraluru - Thorapalli Agraharam],618496,Delhi-Amritsar-Katra Expressway Phase-II Pkg-XVI Existing Jakh Vijaypur-Kunjwani section of NH-44 including spur Connectivity to Jammu Airport NH-144A [Km 503500 to km 514500],National Highways Authority of India [NHAI],38.5,24.0,Significant overrun/delay
618631,6L of MH/KN Border Nimbal Village to KN/TS Border Singnodi Village from Km. 162.5 to Km. 203.100 in Raichur of NH-150C Pkg-IV,618623,4L Boregaon Buzurg to Shahpur Pkg I of Boregaon Buzurg to Muktainagar of NH 753L,National Highways Authority of India [NHAI],-24.7,5.9,Significant overrun/delay
618632,6L Access Controlled Greenfield Highway of Nandinne village to Julekal village from Km 202.900 to Km 242.200 Pkg-1,618497,Delhi Amritsar Katra Expressway Phase-II Pkg XVIII Development and Upgradation of Four lane Access Control Expressway from Design Chainage KM 530.00 to KM 545.300 Sidhra to Domel Section of NH-44,National Highways Authority of India [NHAI],0.0,15.9,Significant overrun/delay
619097,Thalassery Mahe Bypass Km 170.600 to Km 189.200 of NH-17New NH-66 in Kerala,619119,Cuttack-Angul Section of NH-42 New NH-55 from km 0.400 to km 60.200 Pkg-I in the State of Odisha,National Highways Authority of India [NHAI],17.9,71.0,Significant overrun/delay
619101,4L Shahpur to Muktainagar from Km. 186.000 to km 216.278 of NH 753L Pkg II of Boregaon Buzurg to Muktainagar,619166,Umagaon-Saharsa Package-V Bakaur-Parsarma-Bangaon-Bariyahi & Spur to Mahishi,NHAI,26.0,5.0,Significant overrun/delay
618556,"Construction of 26 VUPs, Major Bridge, Service Road etc. on Lalitpur-Sagar- Lakhnadon section of NH-44 NS",618806,Improvement of 4L road to 6L road and 4L dedicated Port Roads for the Port connectivity road from Convent junction to Sheelanagar Junction,National Highways Authority of India [NHAI],-0.8,3.9,Significant overrun/delay
618668,4L of Chowka to Kaimaha near MP/UP Border section NH-34 from D. Ch. 145.000 to D. Ch. 197.266 excluding existing Chhatarpur bypass from D. Ch. 160.307 to D. Ch. 168.630 Package-4,618667,4L of near Satai Ghat to Chowka section of NH-34 from D. Ch. 89.875 to D. Ch. 145.000 Package-3,National Highways Authority of India [NHAI],-12.3,-12.0,Recovered / on track
618624,Mangloor to Telangana Maharashtra Border,618756,Melur - Pilayarpatti - Karaikudi from km 99.920 of NH 38 to km 12.9 of NH 383 Ext.,National Highways Authority of India [NHAI],-1.7,52.0,Significant overrun/delay
618938,4L of Rajura-Korpana-Adilabad Road upto M.S. Border from km 32.910 to km 89.090 of NH-353B,618694,Indore - Harda Pkg-I [Indore to Raghav Garh from km. 0.25 to km. 26.903],National Highways Authority of India [NHAI],-19.6,20.0,Significant overrun/delay
618941,4L of Bamni - Rajura - Warur - Devada upto M.S. Border of NH - 930D from km 19.000 to km 51.985,618168,Widening to four lane with paved shoulder from Design Km.49.200 to Km.89.285 of NH-731B on EPC mode in the state of Uttar Pradesh,MoRTH,5.2,12.0,Significant overrun/delay
618844,Viluppuram Km.0.000 to Puducherry Km.29.000,618234,Construction of a new 4-lane major bridge across river Kosi at Phulaut including Rehabilitation and upgradation of existing Birpur and Bihpur section of NH-106 from km 106.000 to km 136.000 to 2-lane with paved shoulders in the State of Bihar on EPC mode,MoRTH,0.0,32.0,Significant overrun/delay
618845,Puducherry Km.29.000 to Poondiyankuppam Km.67.000,618234,Construction of a new 4-lane major bridge across river Kosi at Phulaut including Rehabilitation and upgradation of existing Birpur and Bihpur section of NH-106 from km 106.000 to km 136.000 to 2-lane with paved shoulders in the State of Bihar on EPC mode,MoRTH,0.0,32.0,Significant overrun/delay
618847,Sattanathapuram to Nagapattinam from Km 123.800 to Km 179.555,619120,Nidagatta-Mysore Pkg II,National Highways Authority of India [NHAI],40.9,48.0,Significant overrun/delay
618755,4L of left out existing road section from Lalgopalganj Km 161.450 to Nawabganj Km 180.200 in Prayagraj,618099,"Rehabilitation & up-gradation for Talere Gaganbawada - kolhapur Road NH 166G stretch start from km. 0/00 to Km. 06/00 and km. 13/00 to km 19/440 of NH-166G, length 12.440 km in the State of Maharashtra.",MoRTH,0.0,0.0,Recovered / on track
618711,6L with access control provision Saharanpur bypass to Ganeshpur section from 13.89 Km to 41.820 Km of Delhi- Dehradun Economic Corridor package-2,618855,"Improvement and Up-Gradation of Existing Road to 2/4L PS from Km 40.000 to 88.750, start of Khutar bypass to start of Shahjahanpur bypass of NH 731Pkg-I",National Highways Authority of India [NHAI],0.0,13.9,Significant overrun/delay
618783,4-laning of Pilibhit - Sitarganj from Km. 32.500 to Km. 70.800 Pkg-2 of NH-30,618793,4L of Fazilka to Abohar section of NH-07 including construction of Greenfield Abohar & Fazilka Bypasses,National Highways Authority of India [NHAI],18.7,15.0,Significant overrun/delay
618886,Road Safety Improvement of Critical Junctions on MuzaffarnagarHaridwar Section of NH-334 from Km 143000 to Km 196000,618593,Balance work of Rehabilitation and Upgradation to four laning of Baharagora Singhara section of NH-49 from Km.229.727 to Km.238.990 Length 9.263 Km. including construction of five nos. of Elephant Underpasses EUP and fourteen nos. of Animal Underpasses AUP inside the buffer zone of Similipal Tiger Reserve Area in Bangriposi Ghat section in the State of Odisha on EPC Mode,National Highways Authority of India [NHAI],-38.1,0.0,Recovered / on track
618912,Construction of Rudrapur Bypass Section from Km. 0.000 to 20.640 in the state of Uttar Pradesh & Uttarakhand,619080,4L PS of Ambala Ring Road of New NH-44,National Highways Authority of India [NHAI],12.1,11.0,Significant overrun/delay
618928,"Improvement & Up-gradation of NH-734 Section of Moradabad-Thakurdwara Kashipur including Moradabad & Kashipur Bypasse Package-III Kashipur Bypass Length 14.490 Km., Starts from Ch. 38770 and ends at Ch. 53260 existing Ch. 05560",618822,Rehabilitation and Up gradation from 4 to 8 laning of Chandikhole Paradip Section of NH-53 Old NH 5A from Km.0.00 to Km.18.00Package-1,National Highways Authority of India [NHAI],-6.5,8.0,Significant overrun/delay
618969,4/6L of Spur to Haridwar Greenfield from Km. 0.000 to Km. 50.70,618513,6L of Kagal-Satara section from Km 592.500 to Km 658.000 of NH-48 Pkg-I,National Highways Authority of India [NHAI],-32.0,25.0,Significant overrun/delay
619217,4L of Haridwar-Nagina section from km. 0.00 to km. 71.614 of NH-74,618850,Nerchowk km 190.000 to Pandoh including Pandoh bypass km221.305,National Highways Authority of India [NHAI],12.8,70.0,Significant overrun/delay
617886,Widening of existing Single lane / Intermediate lane road to 2 lane from Km 101 to Km 125 of NH 61,618232,Rehabilitation and Upgradation to 2-lane configuration of Karnohal- Kalwahn Section km 181.00 to 208.950 of NH-70 in the State of Himachal Pradesh under Green National Highways Corridor Project GNHCP with the loan assistance of World Bank on EPC mode.Package-2,MoRTH,-24.5,7.0,Significant overrun/delay
618002,Widening of existing single lane to intermediate lane road from Mokokchung to Chare via Dikhu in the state of Nagaland on EPC mode,618413,Construction of 2 laning with Hard shoulder of Peren-Dimapur section on NH 129A from Design Km 146.208 to Km 163.592 Length- 17.384 km in the state of Nagaland on EPC mode under NHO-TSP Package-III,NHIDCL,12.0,12.0,Significant overrun/delay
618072,Widening to Existing single lane /intermediate lane to 2 lane from Km185.00 to Km 220.00 of NH-61 New NH-02 in the state of Nagaland.,618388,Construction of 2-laning with Hard shoulder road of Ukhrul - Tolloi - Tadubi section of NH-102A from Design Chainage 50.850 km to 81.870 km in the State of Manipur on EPC mode under NHO-TSP Package -3,NHIDCL,0.0,17.9,Significant overrun/delay
618290,"Construction of 2-lane with Paved shoulder of Kohima- Bypass Road Connecting NH- 39New NH-02, NH-150New NH-02, NH-61New NH-29, NH-39New NH-02 from Design Km 32.00 to Design Km 43.454Design Length-11.454 Km in the State of Nagaland under SARDP-NE on EPC Mode Package-IV",618398,Up-gradation to 2-lane with Paved Shoulder from Km 20.300 to Km 29.030 of 8.730 Km length on Goha-Khellani section on NH-244 in UT of Jammu and Kashmir on EPC Mode Package II,NHIDCL,0.0,47.0,Significant overrun/delay
618291,"Construction of 2-lane with Paved shoulder of Kohima-Bypass Road connecting NH- 39 New NH-02, NH150New NH-02, NH7-61 New NH-29 and NH-39 New NH-02 from Design km 21.000 to km 32.268 [Design length11.268 km] in the state of Nagaland Under SARDP-NE on EPC Mode Package- 3",618265,Rehabilitation and upgradation to 2-lane with paved sholuders configuration of Miranpur Katra to radhaita section of NH-730CKm.114.000 to Km 137.250pakage-III in state of Uttar Pradesh undergreen national Highway Corridor ProjectGNHCP with the loan assistance of world Bank on EPC mode.,MoRTH,-1.7,23.0,Significant overrun/delay
618292,Construction of 2-Lane with paved shoulder of Kohima-Bypass Road connecting New NH-02 and New NH-29 from Design Km 10.500 to design Km 21.000 [Design Length- 10.500 km] including TUNNEL of 500m at Ch. 11.000 in the state of Nagaland Under SARDP-NE on EPC Mode Package-2,618343,"Rehabilitation and Up gradation to 2-lane with paved shoulder of Keifang Section Economic Corridor of NH-06 from Existing Chainage Km 30050 Keifang to Km 50360 Keifang, Design Chainage Km 27400 to Km 45040 PkgIII in the State of Mizoram under Bharatmala Pariyojna on EPC Mode Seling-Dulte - III",NHIDCL,0.0,30.0,Significant overrun/delay
618293,"Construction of 2-Lane with paved shoulder of Kohima-Bypass Road connecting NH- 39New NH-02, NH-150New NH-02, NH-61New NH-29 and NH-39New NH-02 from design Km 0.00 to Km 10.500 in the State of Nagaland under SARDP-NE on EPC Mode Package-1 -Balance work",618301,Widening/Improvement of existing 2-lane to 4-Lane Divided Highway from Kuraopokpi to Sekmai section of Imphal-Kohima Road Design Ch. km 287.00 to 297.700 of NH-39 New NH-02 in state of Manipur on EPC mode Pkg-5A,NHIDCL,0.0,0.0,Recovered / on track
618296,Balance work of Construction of 2-lane with hard shoulder of Kohima - Jessami road on NH-29 old NH-150 from existing km 98.380 near Chizami vill. to km120.367 Nagaland/Manipur Border [Design km 95.700 to design km 117.200] [Design Length 21.500 km] in the state of Nagaland Under Bharatmala Pariyojna on EPC Mode Package-V under NHO,618297,Construction of 2-lane with hard shoulder of Kohima - Jessami road on NH-29 Old NH- 150 from existing Km 30.474 Near Kidwema road Chakahabama to existing Km 53.220 Near Kikruma Village Design Km 29.60 to Km 51.50 Design length-21.90 Km in the state of Nagaland Under Bharatmala Pariyojna on EPC Mode under NHO Package-II -Balance work,NHIDCL,0.0,11.0,Significant overrun/delay
618297,Construction of 2-lane with hard shoulder of Kohima - Jessami road on NH-29 Old NH- 150 from existing Km 30.474 Near Kidwema road Chakahabama to existing Km 53.220 Near Kikruma Village Design Km 29.60 to Km 51.50 Design length-21.90 Km in the state of Nagaland Under Bharatmala Pariyojna on EPC Mode under NHO Package-II -Balance work,618255,Two laning with paved shoulders of Lambasingi to Paderusection of NH 516E,MoRTH,-0.9,12.0,Significant overrun/delay
618328,4-Laning of Balance work of Dimapur-Kohima Road from design km 152.490 to km 166.700 Existing km 156.000 to km 172.900 Excluding Dimapur & Kohima Bypass under SARDP-NE Package-III,618441,"Construction of Balance Work of 4-Laning of the Section from Jhanji to Demow of NH- 37 Old from Km 490.800 to Km 501.800 11.000 Km, under SARDP- NE under EPC Mode in the state of Assam Pkg-I Road Works",NHIDCL,1.9,0.0,Recovered / on track
618329,Construction of 4/6 Laning from Km 132.375 to Km 153.058 Total New Alignment length of 20.683 Km of Daboka-Dimapur Section Dimapur Bypass Nagaland Portion of NH-36 & 39 in the State of Nagaland on EPC basis under PhaseA of SARDP-NE,618512,Tunnel at Khambataki Ghat Section and its approaches from existing Km. 771.730 to existing Km. 782.000,National Highways Authority of India [NHAI],-10.0,53.9,Significant overrun/delay
618364,"Widening to 2 Lane with Hard shoulder of Akegwo-Avangkhu section of NH-202K for Package-I Design Chainage 0000 Km to 34795 Km, in the State of Nagaland on EPC mode under NH O-NE",618175,Rehabilitation and Upgradation of Satana to Mangrul Chandwad Section of NH752 G Design Ch Km 64.000 to Ch Km 101.140 two lane with paved shoulder/four lane configuration in the state of Maharashtra on EPC mode.,MoRTH,0.0,13.0,Significant overrun/delay
618365,Widening to 2 Lane with Hard shoulder of Akegwo-Avangkhu section of NH-202K for Package-III Design Chainage 69875 Km to 106816 Km in the State of Nagaland on EPC mode under NHO-NE,617921,Widening and strengthening to 2LPS including LA of Kandarpur-Balikuda from km 277/500 to 318/970 of NH-55 in the State of Odisha under Annual Plan 2021-22.,MoRTH,0.0,11.0,Significant overrun/delay
618366,Widening to 2 Lane with Hard shoulder of Akegwo-Avangkhu section of NH-202K for Package-II Design Chainage 34795 Km to 69875 Km in the State of Nagaland on EPC mode under NHO-NE,618364,"Widening to 2 Lane with Hard shoulder of Akegwo-Avangkhu section of NH-202K for Package-I Design Chainage 0000 Km to 34795 Km, in the State of Nagaland on EPC mode under NH O-NE",NHIDCL,0.0,0.0,Recovered / on track
618413,Construction of 2 laning with Hard shoulder of Peren-Dimapur section on NH 129A from Design Km 146.208 to Km 163.592 Length- 17.384 km in the state of Nagaland on EPC mode under NHO-TSP Package-III,618002,Widening of existing single lane to intermediate lane road from Mokokchung to Chare via Dikhu in the state of Nagaland on EPC mode,MoRTH,0.0,0.0,Recovered / on track
618414,Construction of Balance work for 2-lane with hard shoulder of Peren- Dimapur section on NH-129A from Design Km 126.775 to Km 146.208 Length 19.433 Km in the state of Nagaland on EPC mode under NHO-TSP Package-II,617967,Construction of Rudraprayag tunnel of length 900.30 MTR including approaches and one major bridge on river Alaknanda connecting NH-107/old-109 to NH-07old-58 on EPC mode in the state of Uttarakhand.,MoRTH,0.0,10.0,Significant overrun/delay
618422,"Construction of 2-lane with hard shoulders of Merangkong-Tamlu-Mon road Wakching Twon portion on EPC basis from existing Chainage Km 59000 to Km 73640 [Design Km. 59000 to Km, 72450] Design length - 13.450 Km under SARDP-NE package-V Balance work",618413,Construction of 2 laning with Hard shoulder of Peren-Dimapur section on NH 129A from Design Km 146.208 to Km 163.592 Length- 17.384 km in the state of Nagaland on EPC mode under NHO-TSP Package-III,NHIDCL,12.0,12.0,Significant overrun/delay
618423,Construction of 2-Lane with hard shoulders of Merangkong-Tamlu-Mon MTM Road from existing Km 20.456 to Km 41.065 Design Km. 20 to Km. 40.0 Design Length- 20.000 Km in the State of Nagaland under SARDP-NE Phase-A Pkg-2 Balance work,619184,"Rehabilitation and up-gradation of section to Intermediate/2-Lane with hard shoulder from Km 107.760 to Km 129.445 After Middle strait to Humphrey, Km 130.600 to Km 138.00 After Humphrey to Kadamtala & Km 155.00 to Km 181.0 End of Jarwa to Rangat of NH-04 in UT of A&N on EPC Package-IIIA",NHIDCL,81.5,8.0,Significant overrun/delay
619059,Construction of 2-Lane with hard shoulders of Merangkong-Tamlu-Mon Road on EPC Basis from existing road Km. 76.640 to Km 98.065 Design chainage Km. 63.800 to Km. 86.835 Design Length-23.035 Km in the state of Nagaland under SARDP-NE PKG-IV Balance work,618407,Jammu-Akhnoor Road Pkg-I,NHIDCL,0.0,17.0,Significant overrun/delay
617898,New construction of Major Bridge with Approaches from Km 0.000 to 1.200 Madhopur -Badabanta section of NH-20 under NHO in Annual Plan 2022-23 in the State of Odisha,619005,Construction of bypass around Chatra Town on NH-22 old NH-99 in the state of Jharkhand under EPC Mode,MoRTH,-15.4,-24.0,Recovered / on track
617899,Widening and Strengthening to 4LPS/2LPS from km 0.000 to 35.800 Kuakhia - Mangalpur section of NH 20 in the state of Odisha on Annual Plan 2021-22,618169,Construction of Two Lane with paved shoulder highway from Design Ch.0.000 to Ch.49.2OO of NH-731B on EPC Mode,MoRTH,-5.8,8.0,Significant overrun/delay
617902,construction or By-pass road on NH-26 for Nabrangpur Town,618079,Construction of Dharmagarh Bypass on NH-130C including land acquisition in the state of Odisha on EPC Mode under Annual plan 2022-23.,MoRTH,0.0,0.0,Recovered / on track
617904,Construction of Bypass road to Balangir town from km 72/400 Desing km 0/0 to km 79/800 Design km 11/670 of NH-26 in the State of Odisha.,617914,Upgradation and reconstruction of Shahpura-Dindori Section of NH 45 from Km 103.700 Design to Km 164.580 Design including 3 bypasses Total length 60.88km to Two lane with paved shoulder configuration along with One time improvement in 03 nos of bypassed built-up areas in a total length of 12.341 km in the State of Madhya Pradesh on EPC mode,MoRTH,3.7,18.0,Significant overrun/delay
617905,Construction of 4 lane ROB with approaches in lieu of LC No. RV-172 at km 176.00 of NH-201 present NH-26 at Kesinga including land acquisition in the state of Odisha on EPC mode under Annual Plan 2021-22,617983,Widening & Strengthening of Existing 2LPS to 4 lane PS from Km 150000 to Km 159000 and Km 165400 to Km 186000 of NH-163 old NH-202 under NH O for the year 2020-21 on EPC Mode in the state of Telangana.,MoRTH,-5.2,23.0,Significant overrun/delay
617920,Widening and Strengthening to 2LPS including LA from km 318.970 to 353.450 Balikuda-Mulkani Section of NH-55 under NHO in Annual Plan 2022-23 in the State of Odisha. Job No. NH-55-OD-2022-23-656,618119,Rehabilitation and up-gradation to 2-lane configuration of Bageshwar to Kangarchina road from km 129.600 to Km 161.600 Existing Chainage 136.00 to Km 169.00 of NH- 309Ain the State of Uttarakhand Package-IV under NHO Annual Plan 2021-22,MoRTH,0.0,0.0,Recovered / on track
617921,Widening and strengthening to 2LPS including LA of Kandarpur-Balikuda from km 277/500 to 318/970 of NH-55 in the State of Odisha under Annual Plan 2021-22.,618365,Widening to 2 Lane with Hard shoulder of Akegwo-Avangkhu section of NH-202K for Package-III Design Chainage 69875 Km to 106816 Km in the State of Nagaland on EPC mode under NHO-NE,NHIDCL,0.0,0.0,Recovered / on track
617922,Construction of Jharsuguda Bypass including Land acqusition on NH-49 from km 258.636 to km 283.300 design chainage 258.636 to km 289.876 under NHO in Annual Plan 2022-23 for the state of Odisha Job No.NH-49-OD-2022-23-655,618318,4-Laning of Kolasib - Sethawn section Package-5 of NH-6 from Existing Chainage km 86000 to km 107850 Design Chainage km 77500 to km 95500 on silchar - vairengte - sairang road under Bharatmala Pariyojna on EPC mode under NHO-NE Vairengte - Sairang Pkg-5,NHIDCL,0.0,-1.0,Recovered / on track
617923,Construction of Daspalla Bypass from km 195.250 To 200.635 of NH-57 including land acquisition in the state of Odisha on EPC mode under Annual Plan 2022-23.,617902,construction or By-pass road on NH-26 for Nabrangpur Town,MoRTH,0.0,0.0,Recovered / on track
617924,Construction of bypass to Nayagarh town from km 235.469 to 252.482 of NH-57 including land acquisition in the state of Odisha.,617897,Construction of proposed 4Lane Revelgunj bypass NH-19 in the State of Bihar on EPC mode connecting NH 19 to 85 origin,MoRTH,0.0,11.0,Significant overrun/delay
617925,Construction of Bypass to Khordha town from Km 294/000 to 300/300 on NH-57 including LA in the State of Odisha on EPC mode.,618908,3L Major Bridge over River Brahmani at Km. 401.250 Duburi - Chandikhole Section of NH-200 New NH -53,National Highways Authority of India [NHAI],-32.5,23.0,Significant overrun/delay
617930,Construction of Bypass on NH-59 from Km 336/350 to 349/910 13.56 km near Berhampur town including 4-lane RoB in the state of Odisha.,618338,Widening to 2-Lane with Paved shoulder of Imphal to Jiribam section of NH-37 from Design Chainage 15.940 km to 33.120 Km Existing Chainage Km 15.946 to Km 33.395 Total length17.180 Km in the State of Manipur on EPC mode PKG-2 - Balance Works & Rectification works,NHIDCL,0.0,2.0,Recovered / on track
618003,Construction of four lane ROB and its approaches in lieu of existing Level Crossing No. RV-71 at km 435 on NH-217 New NH-353 at Khariar including land acquisition under NHO in Annual Plan 2021-22 for the state of Odisha for F.Y. 2021-22 to F.Y 2033-34,618098,"Upgradation of exhisting 2 lane flexible pavement to 2 lane paved shoulders rigid pavement from design chainage Km 66.00 to Design Km 82.440 Start of Kolhapur Municipal corporation near Phulewadi to kale, design length 16.440 Km section on Talere Gaganbawada-Kolhapur road NH 166G in the state of Maharashtra on EPC mode",MoRTH,0.0,22.0,Significant overrun/delay
618012,"Widening & strengthenlng to 2LPS from km 0,000 to 40.000 Dhaugaon- Podamari section of NH 326 in the State of Odisha under Annual Plan 2021.22.",617950,Construction of Srinivasapura Bypass from existing Km 453.890 Design Ch. 0000 to existing Km 461.450 Design Ch 10080 on NH-69 in the State of Karnataka Under NH O in EPC mode under Annual Plan 2022-23 NH-69-KNT-2022-23-966 dated 22.11.2022,MoRTH,0.0,0.0,Recovered / on track
618079,Construction of Dharmagarh Bypass on NH-130C including land acquisition in the state of Odisha on EPC Mode under Annual plan 2022-23.,618034,Construction of 2 lane Barpeta Bypass from Km 77900Baradi to Km 86150 Deurikuchi Length8.25Km on NH-427 in the state of Assam under EPC ModeJob No.427/AS/2022-23/245,MoRTH,0.0,0.0,Recovered / on track
618122,Widening to 2 lane with paved shoulded of Jareikela Jharkhand/Odisha Border - Dhabaleswar section from 0/0 to 36/0 of NH-320D in the State of Odisha under Annual Plan 2021-22.,618004,Construction of Bhabhua Bypass from Ch. 10800Design Ch. 10800 to Ch. 19860 Design Ch. 18150 and Chand Bypass from Ch. 38060 Design Ch. 36250 to Ch. 40460 Design Ch. 38650 and widening of existing road to 2 - lane with Paved shoulder from Ch. 40460 Design Ch. 38650 to Ch. 46860 Design Ch. 45050 of NH-219 Total length- 16.150 Kmunder EPC mode in the state of Bihar,MoRTH,0.0,9.0,Significant overrun/delay
618523,Bhadrak KM 136.500 to Baleshwar KM 199.141,617966,Rehabilitation and Upgrading to 2 lanes/2-lane with paved shoulders configuration and strengthening of of Birpur and Bihpur Section from km 0.0 to Km 106 of NH 106 under phase I of National Highways Interconnectivity Improvement Projects NHIIP ICB No. NHIIP-BR-106-7 [NHIIP-BR-106-7],MoRTH,23.1,79.0,Significant overrun/delay
618591,"Construction of 6-lane flyover at Ainthapali junction and a 2-lane ROB LHS on NH-53 Earlier NH-6 in Sambalpur, on EPC mode in Odisha under NHO",618193,Widening of Existing Road to Two Lane with Paved Shoulder Configuration from Km 0.00 to 26.000 & Km 45.200 To 59.622 Of NH 365BB in the State of Andhra Pradesh Under Annual Plan 2023-24 through EPC Mode,MoRTH,0.0,0.0,Recovered / on track
618592,"Balance work of 8 nos. of Elephant Underpasses EUPs, 1 no. of Vehicular Underpass VUP, 1 nos. of Light Vehicular Underpass LVUP, 1 nos. of Pedestrian Underpass PUP, 1 nos. of Foot Over Bridge FOB and A2 side approach of Jharpokharia Flyover at Km.215.270 in Baharagora-Singhara section of NH-49",618059,Construction of four-lane Concrete Road from Police Headquarter Gondia City to Rawanwadi Village Birsi Airport Junction from design km 0.000 to km 15.781 existing km 39/720 of NH-753 to existing Km 8/400 of NH 543 on sections from Kohmara- Goregaon- Police HeadquarterKaranja - Collector Office Square - Balaghat T Point- Rawanwadi- Rajegaon of NH-753 and NH-543 in Gondia District in the state of Maharashtra. Total Length of the project 15.781 Km.,MoRTH,0.0,11.0,Significant overrun/delay
618593,Balance work of Rehabilitation and Upgradation to four laning of Baharagora Singhara section of NH-49 from Km.229.727 to Km.238.990 Length 9.263 Km. including construction of five nos. of Elephant Underpasses EUP and fourteen nos. of Animal Underpasses AUP inside the buffer zone of Similipal Tiger Reserve Area in Bangriposi Ghat section in the State of Odisha on EPC Mode,618886,Road Safety Improvement of Critical Junctions on MuzaffarnagarHaridwar Section of NH-334 from Km 143000 to Km 196000,National Highways Authority of India [NHAI],-100.0,0.0,Recovered / on track
618677,6L Greenfield Kaliagura Baunsaguar Section of NH-130-CD Road from km 249000 to km 293000 Package OD-5,619163,4L of Baramati to Indapur Pkg-II from km. 41.400 to km. 84.550 of NH-965G Saint Tukaram Marg,National Highways Authority of India [NHAI],-11.8,33.0,Significant overrun/delay
618678,6L Greenfield Baunsaguar - Baraja Section of NH-130-CD Road from km 293000 to km 338500 Package OD-6,618485,Delhi-Amritsar-Katra Expressway Phase-I Pkg-IV from Junction with Jind-Karnal road NH-709A near Alewa village to Junction with Ambala-Kaithal-Hissar road NH-152 near Kharak Pandwa village Km 91400 to Km 120250,National Highways Authority of India [NHAI],20.8,3.0,Significant overrun/delay
618680,6L Greenfield Kandili - Aluru Section of NH-130-CD Road from km 342500 to km 365033 Package-OD-8,619163,4L of Baramati to Indapur Pkg-II from km. 41.400 to km. 84.550 of NH-965G Saint Tukaram Marg,National Highways Authority of India [NHAI],-11.8,33.0,Significant overrun/delay
618704,6L Flyover including RE Wall approaches with Flexible Pavement in the Elephant Corridor of Angul Sambalpur Section of NH-42 New NH-55 Km.202.533,618304,"Widening/Improvement to 2 Lane with earthen shoulder of Jessami to Laynen bridge Nagaland border section of NH-29 of Imphal -Ukhrul - Jessami Economic Corridor from km 0.000 to km 11.009 in the State of Manipur on EPC mode under Bharatmala Pariyojana, under NHO-NE Package-7",NHIDCL,0.0,4.0,Significant overrun/delay
618705,"4L Godibandha to Ballhar Chhak, Ballhar Chhak to Banarpal & Banarpal to Start of Angul bypass at Km.314.130 to Km.321.035 of NH53, at Km.75.200 to Km.84.000 of NH149 & at Km.84.000 to Km.86.100 of NH55",618805,6L Connectivity to Port Road from Sabbavaram Sheelanagar-NH516C,National Highways Authority of India [NHAI],0.0,0.0,Recovered / on track
618819,Balance work of Panikoili Rimoli Section of new NH-20 from Km 0.00 to Km. 163.000,618290,"Construction of 2-lane with Paved shoulder of Kohima- Bypass Road Connecting NH- 39New NH-02, NH-150New NH-02, NH-61New NH-29, NH-39New NH-02 from Design Km 32.00 to Design Km 43.454Design Length-11.454 Km in the State of Nagaland under SARDP-NE on EPC Mode Package-IV",NHIDCL,0.0,56.0,Significant overrun/delay
618820,Rehabilitation and Up gradation from 4 to 8 laning of Chandikhole Paradip Section of NH-53 Old NH 5A from Km.39.000 to Km.60.00 Package-3,618919,4L PS from Mandlem Existing Km. 38.000/Design Km.30.600 to Atmakur Existing Km.73.000/Design Km 66.115 of NH340C Package2,National Highways Authority of India [NHAI],2.9,0.0,Recovered / on track
618821,Rehabilitation and Up gradation from 4 to 8 laning of Chandikhole Paradip Section of NH-53 Old NH 5A from Km 18.00 to Km 39.00 in the State of Odisha on HAM mode Package-2,618350,Improvement & widening of existing NH-08 to 4-lane with Paved Shoulder from Champak Nagar to Khayerpur section design Km 242500 to Km 261610 in the state of Tripura on EPC basis under NHO-NE,NHIDCL,0.0,5.9,Significant overrun/delay
618822,Rehabilitation and Up gradation from 4 to 8 laning of Chandikhole Paradip Section of NH-53 Old NH 5A from Km.0.00 to Km.18.00Package-1,618350,Improvement & widening of existing NH-08 to 4-lane with Paved Shoulder from Champak Nagar to Khayerpur section design Km 242500 to Km 261610 in the state of Tripura on EPC basis under NHO-NE,NHIDCL,0.0,5.9,Significant overrun/delay
618908,3L Major Bridge over River Brahmani at Km. 401.250 Duburi - Chandikhole Section of NH-200 New NH -53,617925,Construction of Bypass to Khordha town from Km 294/000 to 300/300 on NH-57 including LA in the State of Odisha on EPC mode.,MoRTH,0.0,19.0,Significant overrun/delay
618913,4-L of Rajamunda to Barkote Section of NH-23 from km. 287.200 to km. 337.185,618955,2L PS of Majhauli to Charout section from km. 0.00 to km. 63.655,NHAI,67.2,53.9,Significant overrun/delay
619075,6L of Bhubaneswar - Jagatpur - Chandikhole Section of NH-16,619070,Tumkur-Chitradurga,National Highways Authority of India [NHAI],-94.3,150.0,Significant overrun/delay
619109,6L of Badakumari - Karki Section from Km 179.000 to km 226.500 of NH-130-CD Package OD-3,618682,6L Korlam-Kantakapalle Section of NH-130CD Road from Km 421.100 to Km 445.100 Pkg-3,National Highways Authority of India [NHAI],1.3,28.9,Significant overrun/delay
619118,Four Laning of Angul to Sambalpur from Km.112.000 to Km.265.000,619121,4L of Hubli - Hospet Section of NH-63 from Km 128.850 to Km 272.571,National Highways Authority of India [NHAI],42.9,74.0,Significant overrun/delay
619119,Cuttack-Angul Section of NH-42 New NH-55 from km 0.400 to km 60.200 Pkg-I in the State of Odisha,619215,Cuttack-Angul Section of NH-42 New NH-55 from Km.60.200 to Km. 112.000 Pkg-II in the State of Odisha,National Highways Authority of India [NHAI],17.9,69.0,Significant overrun/delay
619157,4 Laning of Talcher to end of Kamakhyanagar Bypass km 8.844 - km 15.725 of NH- 149 and km 301.875 - km 335.946 of NH-53 Pkg-I,618699,Pipli Bhavnagar-Package 1 from km 136.025 to km 169.328,National Highways Authority of India [NHAI],58.4,0.0,Significant overrun/delay
619158,4 Laning of Duburi Chandikhole from km 388.376 to km 428.074 Pkg-III,619157,4 Laning of Talcher to end of Kamakhyanagar Bypass km 8.844 - km 15.725 of NH- 149 and km 301.875 - km 335.946 of NH-53 Pkg-I,National Highways Authority of India [NHAI],2.0,62.0,Significant overrun/delay
619181,Rehabilitation and Up gradation from 4 to 8 laning of Chandikhole Paradip Section of NH-53 Old NH 5A from Km.60.000 to Km.76.646 Package-4,617933,Up-gradation to four lane/ Two lane with paved shoulders configuration of Kalyan - Murbad - Malshej Ghat - Nirmal Road NH- 61 km 15/200 to Km 38/00 and from Km. 58/00 to Km 84/00 Design length 48.58 km of NH-61 on EPC Mode in Thane District in the state of Maharashtra,MoRTH,0.0,0.0,Recovered / on track
619213,6L of Hatibena - Badakumari Section from Km 146.50 to km 179.00 of NH-130-CD Package OD-2,618665,4L of Sagar - Mohari from Km.8 to Km.50 Pkg-I,National Highways Authority of India [NHAI],-16.5,25.0,Significant overrun/delay
619215,Cuttack-Angul Section of NH-42 New NH-55 from Km.60.200 to Km. 112.000 Pkg-II in the State of Odisha,619119,Cuttack-Angul Section of NH-42 New NH-55 from km 0.400 to km 60.200 Pkg-I in the State of Odisha,National Highways Authority of India [NHAI],17.9,71.0,Significant overrun/delay
618010,Development to 4-lane with paved shoulder for the road section Talwandi Sabo- Raman road to refinery Road junction with Bathinda Dabwali Road of NH-254 from existing Km 131.600 to Km 155.650 Design Km 131600 to km 155600 in the State of Punjab. Job No NH-254-PB-2022-23-565,618305,Widening/Improvement to 2 lane with earthen shoulder of Marrem Khullen to Jessami section of NH-202 of Imphal - Ukhrul - Jessami Economic Corridor from Design Chainage km 95.700 to km 140.180 in the State of Manipur on EPC mode under Bharatmala Pariyojana under NHO-NE Package-6,NHIDCL,0.0,0.0,Recovered / on track
618023,Work of Widening/upgradation of 2-Lane with paved shoulder of Sri Muktsar Sahib to Malout road from Km 279.400 to Km 307.060 section of NH-354 in the State of Punjab on EPC mode. Job No. NH-354-PB-2021-22-555,618628,Strengthening of Existing Alignment of Pandharpur Town Part Bypassed Section of NH 965 from KM 36.230 to KM 44.230 from Chh. Shivaji Maharaj Chowk to Wakhari,National Highways Authority of India [NHAI],-41.7,10.0,Significant overrun/delay
618024,Up-gradation to two lane with paved shoulder configuration of NH-354 Section Arifkes- Ferozepur-Muktsar-Malaut from Km 201.500 to Km 212.500 & Km 229.690 to Km 269.960 and strengthening of existing pavement from Km 212.500 to Km 229.690 excluding Km 218.500 to 223.690 of NH-354 on EPC Mode in the State of Punjab. Job No. NH-354-PB-2020-21-532,617967,Construction of Rudraprayag tunnel of length 900.30 MTR including approaches and one major bridge on river Alaknanda connecting NH-107/old-109 to NH-07old-58 on EPC mode in the state of Uttarakhand.,MoRTH,0.0,10.0,Significant overrun/delay
618487,Delhi-Amritsar-Katra Expressway Phase-I Pkg-VII from Junction with Patiala-Bathinda road NH-7 near Bhawanigarh to Junction with Ludhiana-Malerhkotla SH-11 near Bhogiwal village Km 188830 to km 225770,619198,Vadodara Mumbai Expressway Phase II - Pkg XII [Km. 50.700 to Km. 77.000] Masvan - Ganjad,National Highways Authority of India [NHAI],39.6,26.0,Significant overrun/delay
618488,Delhi-Amritsar-Katra Expressway Phase-I Pkg-VIII from Junction with Ludhiana- Malerkotla SH-11 near Bhogiwal village to Junction with Ludhiana-Moga road NH-5 near Mullanpur Dakha Km 225770 to km 260860,618642,4L of Palma to Gumla from km. 26.00 to km. 89.170 of NH-23,National Highways Authority of India [NHAI],0.7,26.0,Significant overrun/delay
618489,Delhi-Amritsar-Katra Expressway Phase-I Pkg-IX from Junction with Ludhiana-Moga road NH-5 near Mullanpur Dakha to Junction with Jalandhar - Moga road NH-703 near Kang Sahibu village Km 260860 to km 303900,618458,Delhi-Vadodara Greenfield Alignment NH-148N Pkg-15 Ch. 419.000 to Ch.427.300 [Junction with NH-12 near village Ummedpura to Major bridge over Takli river near Nayagaon Jageer village],National Highways Authority of India [NHAI],0.0,30.0,Significant overrun/delay
618490,Delhi-Amritsar-Katra Expressway Phase-I Pkg-X from Jn. with Jalandhar - Moga road NH-703 to Jn. with Jalandhar-Kapurthala road NH-703A and to Jn. with Kapurthala - Sultanpur Lodhi road NH-703A km 000 to km 24000 to Amritsar connectivity,618464,Vadodara Mumbai Expressway Ena -Kim Phase IB - Pkg VI [Km 217.500 to Km 254.430],National Highways Authority of India [NHAI],89.2,29.0,Significant overrun/delay
618491,Delhi-Amritsar-Katra Expressway Phase-I Pkg-XI from Junction with Jalandhar - Kapurthala road NH-703A near khojewal village to Junction with Amritsar-Mehta- SriHargobindpur-Tanda road NH-503A near SriHargobindpur Km 319400 to km 362420,618473,Vadodara Mumbai Expressway Phase II - Pkg XVII [Km. 69.800 to Km. 79.783 of Spur] Bhoj - Morbe,National Highways Authority of India [NHAI],11.5,11.0,Significant overrun/delay
618492,Delhi-Amritsar-Katra Expressway Phase-I Pkg-XII from Junction with Amritsar-Mehta- SriHargobindpur-Tanda road NH-503A near SriHargobindpur to Junction with Pathankot-Gurdaspur road NH-54 near Gurdaspur Km 362420 to km 397700,619099,6L Amritsar-Bathinda Greenfield section from Jn. with Moga Jalandhar road NH-703 near Dharamkot to Jn. with Bhagta Bhai Ka-Bhadaur Road near Dyalpura Bhai Ka from km 39.000 to km 93.000 of NH-754A Pkg-2,National Highways Authority of India [NHAI],20.6,12.0,Significant overrun/delay
618493,Delhi-Amritsar-Katra Expressway Phase-I Spur-I from Jn. with Kapurthala - Sultanpur Lodhi Road NH-703A near Isharwal village to Jn. with Kapurthala - Tarn Taran road NH-703AA near Goinwal Sahib [Km 24000 to Km 41000 of Amritsar connectivity],619071,Tumkur - Nelamangala 6L,National Highways Authority of India [NHAI],-18.1,19.0,Significant overrun/delay
618551,Greenfield connectivity from Govindsar village on Delhi Amritsar Katra Expressway to Talwara village on NH-44 Pathankot by-pass,618368,Improvement and Widening to 2-lane with paved shoulder of road from design Km 36.000 Rangamati to design Km 72.000 Pati Chhari Total length 36.000 Km on Teliamura to Harina section of NH 208 in the state of Tripura on EPC mode under JICA ODA Loan Phase VI Package-3,NHIDCL,0.0,0.0,Recovered / on track
618552,Development of 6L Greenfield Jalandhar Bypass starting from Kahlwan NH-03 ending at Kang Sahbu NH-703 via Sarmastpur NH-44 - Madara NH-03 - Khajurla NH-44,618771,6L of Varadharajula to Kumarajapet from km 0.000 to km 43.800 of NH-716B Pkg-I,National Highways Authority of India [NHAI],-1.9,16.0,Significant overrun/delay
618610,6L of Jodhpur Romana Bathinda - Mandi Dabwali Punjab Haryana Border section of NH-54 from km. 0.000 to km. 27.400 of NH-54,618224,Rehabilitation and up-gradation to 2 lane with paved shoulder from existing chainage km 49150 to km 64535 Design chainage km 46.450 to km 55.800 including construction of Sungal Tunnel Total length of Tunnel 2.79 km under 13 TF on Akhnoor-Poonch road NH-144A under Project Sampark BRO in the UT of Jammu & Kashmir on EPC mode Package-II Job no NH-144A-J&K-2019-20-78,MoRTH,0.0,21.0,Significant overrun/delay
618617,6L Amritsar-Bathinda Greenfield section from village Tiba on NE-5A to Jn. with Moga Jalandhar road NH-703 near Dharamkot from km 0.000 to km 39.000 of NH-754A Pkg-1,618889,"4L of Bhangbar Near Ranital to Kangra Bypass Section of Old NH-88 New NH- 303,503 up to Intersection with NH-154 from Km 175.270 to Km 193.400 Pkg-VB",National Highways Authority of India [NHAI],38.3,18.0,Significant overrun/delay
618618,6L Amritsar-Bathinda Greenfield section from Jn. with Bhagta Bhai Ka-Bhadaur Road near Dyalpura Bhai Ka to Jn. with Mandi Dabwali Bathinda Road on NH-54 near Sangat Kalan from km 93.000 to km 154.866 of NH-754A Pkg-3,619099,6L Amritsar-Bathinda Greenfield section from Jn. with Moga Jalandhar road NH-703 near Dharamkot to Jn. with Bhagta Bhai Ka-Bhadaur Road near Dyalpura Bhai Ka from km 39.000 to km 93.000 of NH-754A Pkg-2,National Highways Authority of India [NHAI],20.6,12.0,Significant overrun/delay
618647,6L Access Controlled Ludhiana-Bathinda Greenfield highway from Jn. with Amritsar- Bathanda Greenfield Road NH-754A near Rampura Phul to Jn. with Moga-Barnala Road NH-703 near village Tallewal from Km 0.0 to Km 30.3 of NH-754AD Pkg-1,618075,Construction of two lane with paved shoulder from existing Km.0.000 to Km.55.610 design km. 0.000 to km. 54.048 of NH-124D,MoRTH,-8.0,3.9,Significant overrun/delay
618764,Moga - Bagha Purana - Bajakhana from km. 0.00 to km. 43.32,618527,Six Laning of Vijayawada Bypass from Gollapudi to Chinnakakani in Vijayawada - Gundugolanu Section from km. 30.00 to km. 47.881 Pkg-IV,National Highways Authority of India [NHAI],47.2,28.0,Significant overrun/delay
618776,4L of Greenfield section from Sirhind to Mohali,618519,Bangalore Ring Road STRR-NH-948A- Package-I of Phase-III from Belagondapalli TN to TN/KNT border from km 144.480 to 179.969,National Highways Authority of India [NHAI],-3.4,16.0,Significant overrun/delay
618785,4/6L Greenfield LudhianaRupnagar highway from Jn. with NE-5 village near to ManewalLudhiana to Jn. with NH-205 near Bheora Village Rupnagar from Km 66.0 to Km 91.0 i/c spur to Kharar from Km 0.0 to Km 19.5 with Ludhiana bypass of NH-205K Pkg-3,618795,Amritsar Bypass Pkg III from km. 71.496 to km. 105.158,National Highways Authority of India [NHAI],-16.7,28.0,Significant overrun/delay
618786,4L of Phagwara - Hoshiarpur,618164,Construction of four lane highway with paved shoulder from Km.74.700 to Km.112.950 of NH-731A i/c Yamuna Bridge on HAM in the state of Uttar Pradesh.,MoRTH,1.4,0.0,Recovered / on track
618793,4L of Fazilka to Abohar section of NH-07 including construction of Greenfield Abohar & Fazilka Bypasses,618782,4L of Bareilly-Pilibhit-Sitarganj from Km. 0.000 to Km. 32.500 of NH-30 Pkg-1,National Highways Authority of India [NHAI],0.0,8.0,Significant overrun/delay
618794,Amritsarairport Junction - Ramdas from km. 100.835 to km. 139.813 Pkg - IV,618210,Rehabilitation and upgradation of Askot-Lipulekh on EPC Basis for Phase-I Existing Km 72.00 to 107.620 Design Chainage Km 21330 to Km 56935 under Project Hirak of BRO in the state of Uttarakhand under Bharatmala Pariyojna Phase-I on EPC Mode Length-35.605 Km CA No EPC/MORT&H/HRK/01/2021-22,MoRTH,0.0,30.0,Significant overrun/delay
618795,Amritsar Bypass Pkg III from km. 71.496 to km. 105.158,618515,6L from Belgaum to Sankeshwar Bypass from Km. 515.000 to Km. 555.017 of NH-48 Pkg-I,National Highways Authority of India [NHAI],-16.4,13.0,Significant overrun/delay
618809,4L of Beas-Mehta-Batala-Dera Baba Nanak from intersection with Jalandhar-Amritsar Highway NH-3 near Beas till start of Batala Bypass near Village Acchhal from Km. 0.000 to Km. 31.300 Pkg-1,618746,Khammam-Devarapalle Pkg I [4L Access Controlled Greenfield from Thallampadu village to Somavaram village Design Chainage 0000 to 33604],National Highways Authority of India [NHAI],67.7,24.0,Significant overrun/delay
618810,4L of existing Beas Baba Bakala - Dera Baba Nanak Section from start of Batala Bypass till intersection with Ajnala Gurdaspur Highway NH 354 near Dera Baba Nanak from Km. 31.300 to Km. 69.100 with Additional batala Bypass Pkg-II,619112,6L Kantakapalle Sabbavaram Section of NH-130CD Road from Km 445.100 to Km 464.662 Pkg-4,National Highways Authority of India [NHAI],0.0,26.0,Significant overrun/delay
618906,4L of Amritsar-Ghoman - Tanda - Una Section from Km 8.270 to Km 54.000 of NH- 503A Package-I,619100,Dhangaon - Borgaon section km 81.000 to km 139.000 [Indore - Edlabad Pkg IV],National Highways Authority of India [NHAI],36.8,34.0,Significant overrun/delay
619099,6L Amritsar-Bathinda Greenfield section from Jn. with Moga Jalandhar road NH-703 near Dharamkot to Jn. with Bhagta Bhai Ka-Bhadaur Road near Dyalpura Bhai Ka from km 39.000 to km 93.000 of NH-754A Pkg-2,618618,6L Amritsar-Bathinda Greenfield section from Jn. with Bhagta Bhai Ka-Bhadaur Road near Dyalpura Bhai Ka to Jn. with Mandi Dabwali Bathinda Road on NH-54 near Sangat Kalan from km 93.000 to km 154.866 of NH-754A Pkg-3,National Highways Authority of India [NHAI],31.9,0.0,Significant overrun/delay
619105,6L Access Controlled Ludhiana-Bathinda Greenfield highway from Jn. with Moga- Barnala Road NH-703 near village Tallewal to Jn. with Delhi-Katra Expressway NE-5 near Ludhiana village Ballowal from Km 30.300 to Km 75.543 of NH-754AD Pkg-2,619099,6L Amritsar-Bathinda Greenfield section from Jn. with Moga Jalandhar road NH-703 near Dharamkot to Jn. with Bhagta Bhai Ka-Bhadaur Road near Dyalpura Bhai Ka from km 39.000 to km 93.000 of NH-754A Pkg-2,National Highways Authority of India [NHAI],20.6,12.0,Significant overrun/delay
619200,Delhi-Amritsar-Katra Expressway Phase-I Spur-III from Junction with Amritsar- Jalandhar road NH-3 near Bhishambarpura to Junction with Amritsar-Anjala road NH- 354 near Amritsar Airport [Km 71000 to Km 99000 of Amritsar connectivity],619168,6L access controlled Greenfield highway of Junction of EPE Vill.-Mavikalan to Vill.- Lohadda from Km. 0.000 to Km. 27.000 Pkg-1,National Highways Authority of India [NHAI],-6.5,19.9,Significant overrun/delay
619318,4/6L Greenfield Ludhiana Rupnagar highway from Jn. with NE-5 village near to ManewalLudhiana to Jn. with NH-205 near Bheora Village Rupnagar from Km. 0.00 to Km. 37.7 including spur to Kharar with Ludhiana bypass of NH-205K Pkg-1,618896,4L of Sannur to Bikarnakatte section from Km 691.350 to Km 736.362 of NH-169 Karkala - Mangalore Package-III,National Highways Authority of India [NHAI],47.0,30.0,Significant overrun/delay
617887,Beawer Gomti 4LPS from km 58.245 to km 108.600 Pkg-I,618050,Rehabilitation and Upgradation to 2-lane/Intermediate lane configuration of Ashyari- Shri Kyari Section km 50.000 to km 75.000 of NH-707 in the state of Himachal Pradesh under Green National Highways Corridor Project GNHCP with the loan assistance of World Bank on EPC mode.,MoRTH,4.0,14.0,Significant overrun/delay
617891,"Construction of Two lane with Paved Shoulder for Fatehpur Bypass Design Km 0.000 to Km 7.400 , Mandawa Bypass Design Km 20.925 to Km 27.300 & Jhunjhunu Bypass Design Km 41.625 to Km 54.689 of NH-11 on EPC Mode in the state of Rajasthan .",618852,4L Sundar Nagar Bypass from Km.173.900 to Km.179.600 of NH-21,National Highways Authority of India [NHAI],0.5,23.0,Significant overrun/delay
617900,Upgradation to Two Lane Paved Shoulder in km 33/0 to 126/520 of NH-23 Old NH- 11B Kothun-Lalsot-Karoli-Dholpur road in the state of Rajasthan under EPC mode Length-93.52 Km.,618003,Construction of four lane ROB and its approaches in lieu of existing Level Crossing No. RV-71 at km 435 on NH-217 New NH-353 at Khariar including land acquisition under NHO in Annual Plan 2021-22 for the state of Odisha for F.Y. 2021-22 to F.Y 2033-34,MoRTH,0.0,18.0,Significant overrun/delay
617901,Widening of Pachpadra-Bagundi Section to 4 Lane from Km 73/60 to 95/70 of NH-25 on EPC mode in the state of Rajasthan.,618089,Rehabilitation & Up-gradation of Mudkhed to Nanded section from Km. 372000 to Km 388400 of NH 161A i.e. Nanded-Bhokar-Himayatnagar-Kinwat-Mahur-Arani Road Design chainage from Km 372000 Mudkhed to Km 387650 Nanded of NH 161A Length 15.65 Km to 2/4Lane with paved shoulders configuration in the State of Maharashtra on EPC mode.,MoRTH,0.0,14.0,Significant overrun/delay
618011,Construction of 2 lane with paved shoulder for the work of Development of remaining sections of NH-325 Balotra to sanderao via Jalore to 2 lane with paved shoulder configuration by Construction of Byasses for town portions1 Asotra- Brahmdham bypass 2Siwana Bypass 3 Mokalsar Bypass 4 Major realignment at Kathadi 5 Major realignment at Bishangarh 6 Jalore Bypass 7 Ahore Town portion 8 Dujana Bypass in the state of Rajasthan on EPC Mode,618335,Widening to 2 Lane with Paved shoulder of lmphal to Jiribam section of NH-37 from Design Ch. from Km 101280 Near Khongsang Village to Km 131280 near Puilon Kambiron Village on EPC Mode in Manipur PKG-5,NHIDCL,0.0,25.0,Significant overrun/delay
618069,Upgradation to Two-lane with paved shoulder of Hanumangarh to Kenchiyan section from Km 0.000existing chainage-Km 23.200 to Km 49.605existing chainage-Km 74.645 of NH-54 in the State of Rajasthan on EPC mode.,617971,Up-gradation to Two/Four lane with paved shoulder Configuration of Kondagaon- Narayanpur from design ch. 0.00 - 48.693 Design Length 47.493 Km. 1.20 Km. retained on NH-130D under EPC mode in the State Chhattisgarh.,MoRTH,0.0,0.0,Recovered / on track
618092,Up-gradation to 2 lane with paved shoulder from Neechli Oden Nathdwara at Design Km 88.800 existing km 55.95 to Bhatewar at Design Km 142.028 existing km 0.00 of NH-162E in the State of Rajasthan on EPC mode.,618421,"Construction of 2-Lane with paved shoulder of Shillong Western Bypass starting from NH-06 near Ladumsaw Existing km 60.900 of old NH-40 to NH106 old NH-44E, km 0000 to km 12800 Package-I under SARDP-NE PHASE A in the State of Meghalaya on EPC Mode Greenfield alignment",NHIDCL,0.0,0.0,Recovered / on track
618093,Up-gradation to 2 lane with Paved shoulder from Charbhuja at Design km 0.00 existing km 150.00 to Neechli Oden Nathdwara at Design ch. Km 88.800 existing km 55.950 of NH-162E on EPC mode.,618161,Widening and Reconstruction of existing road to four lane from Km.56400 to Km 120300 i.e. from B.Kothapalli Junction to Gorantla excluding Kadiri Bypass from Km 70200 to Km 77105 of NH 716G in the State of Andhra Pradesh on EPC mode Job no. 742,MoRTH,0.0,4.0,Significant overrun/delay
618117,Upgradation to 2-Lane with Paved Shoulder from Design Km 36300 to Design Chainage 47918 and from Design Ch 69900 to Design Ch 83940 of NH-248A Natni Ka Bara in the State of Rajasthan on EPC Mode.,618178,Widening and strengthening of Gangakhed to Kingaon section of NH-752K in Km 38/750 to 72/304 Flexible Pavement Length33.554 km to 2-lane configuration on EPC mode in the State of Maharashtra.,MoRTH,0.0,-1.0,Recovered / on track
618118,Upgradation of two lane paved shoulder from Shahpura existing km. 0.00 Design Ch. 000 to Thanagazi existing Km.37352 Design Ch. 36810 of NH-248A on EPC mode in the State of Rajasthan.,619160,Balance works in AP Portion and punch list items in TN & AP portion of NH-205,National Highways Authority of India [NHAI],-31.9,12.0,Significant overrun/delay
618200,Construction of 2 lane with Paved Shoulder for Northern Bypass Phase-II of Kota city in the State of Rajasthan.,617984,"Gudivada Town 2 RoB, and Road improvement NH-165",MoRTH,0.0,18.0,Significant overrun/delay
618235,Balance work of Rehabilitation and Up-gradation to 4-Lane configuration of Ras- Beawar Section Km 00.000 to km 30.050 of NH-158 in the State of Rajasthan under Green National Highway Corridor Project GNHCP.,618775,Ara Bypass,National Highways Authority of India [NHAI],0.0,0.0,Recovered / on track
618456,Delhi-Vadodara Greenfield Alignment NH-148N Pkg-14 Ch. 388.420 to Ch. 419.000 [Junction with NH- 76 to Junction with NH-12 near village Ummedpura],619137,4L of Dwarka-Khambaliya-Devariya section from km 203.500 to km 176.500 and from km 171.800 to km 125.000 of NH-151A,National Highways Authority of India [NHAI],71.2,45.0,Significant overrun/delay
618457,Delhi-Vadodara Greenfield Alignment NH-148N Pkg-10 Ch. 292.950 to Ch. 319.400 [End of Interchange on NH-166 near village Mui to Hardeoganj village near Indergarh],618580,Gohana - Sonipat PKG-2,National Highways Authority of India [NHAI],53.5,46.0,Significant overrun/delay
618458,Delhi-Vadodara Greenfield Alignment NH-148N Pkg-15 Ch. 419.000 to Ch.427.300 [Junction with NH-12 near village Ummedpura to Major bridge over Takli river near Nayagaon Jageer village],618489,Delhi-Amritsar-Katra Expressway Phase-I Pkg-IX from Junction with Ludhiana-Moga road NH-5 near Mullanpur Dakha to Junction with Jalandhar - Moga road NH-703 near Kang Sahibu village Km 260860 to km 303900,National Highways Authority of India [NHAI],30.0,32.0,Significant overrun/delay
618611,Sangariya near Chautala-Rasisar near Bikaner section of NH-754K Phase-I AJ/SR- Package-7,618382,Widening and up-gradation to 2-lane with paved shoulder configuration and geometric improvements from km 298.00 to km 339.00 on Aizawl-Tuipang section under JICA ODA Loan assistance Phase-I Package-7,NHIDCL,23.9,13.0,Significant overrun/delay
618612,Deogarh near Dhandhaniya-Rajasthan/Gujarat Border Phase-I AJ/DRGB-Package-6,618380,Widening and Up-gradation to 2- Lane with Paved Shoulder Configuration and geometric improvement from Km. 125. 000 to Km 166 Package-3 on Aizawl Tuipang Section of NH-54 in the State of Mizoram Package-3,NHIDCL,0.0,24.0,Significant overrun/delay
618613,Deogarh near Dhandhaniya-Rajasthan/Gujarat Border Phase-I AJ/DRGB-Package-7,618383,Widening and up-gradation to 2-lane with paved shoulder configuration and geometric improvements from km 339.00 to km 380.00 Siaha on Aizawl-Tuipang section under JICA ODA Loan assistance Phase-I Package-8,NHIDCL,0.0,21.0,Significant overrun/delay
618757,6L access controlled Highway from Km 40080 to Km 86513 Mator to Barodameo Section,618927,4L of Moradabad-Thakurdwara-Kashipur Section from Km. 0.000 to Km. 38.77 of NH- 734 Pkg-II,National Highways Authority of India [NHAI],-5.8,9.0,Significant overrun/delay
618758,6L accesscontrolled highway from km 0000 to km 40080 Paniyala to Mator Section of Paniyala-Barodameo ICR,618921,4L of Kathlighat to Shakral Village from Km 128.835 to Km 146.300 of NH- 5 Shimla Bypass - Pkg I,National Highways Authority of India [NHAI],55.5,20.0,Significant overrun/delay
618796,Tanot -Ramgarh-Bhadasar-Jaisalmer NH-68 and BhadasarMokal-Sarkaritala up to Pakisthan Border NH-968 Pkg-BM/5,619003,Solan - Kaithlighat Section of NH-22 Now NH-5 from Km. 106.139 to Km.129.05,National Highways Authority of India [NHAI],72.3,66.0,Significant overrun/delay
618797,Mayjilar Jaisalmer with Jaisalmer Bypass Link Road Section of NH-11 Part of BM-7 & Sundra Myajilar Ambsingh ki Dhani Road part of Munabao Tanot project NH-70,618898,Balance Works for Four laning of Vikravandi to Sethiyathope section from Km 0.0 to Km 65.96 of NH-45C in Tamil Nadu under NHDP Phase-IV on EPC mode,National Highways Authority of India [NHAI],-28.3,0.0,Recovered / on track
618838,4L of Karwar Km. 281.980 of NH-62 Nagaur road to Dangiyavas of Jodhpur Ring Road Pkg-II,618854,2L PS of Raebareli - Jagdishpur with 4L Jagdishpur Bypass Spur,National Highways Authority of India [NHAI],6.5,17.0,Significant overrun/delay
618853,Construction of Four lane Elevated Structure at Raniwada Circle in Sanchore City on NH-68,618139,Rehabilitation and Up-gradation of Gangakhed Loha section of NH-361F from Km 169/00 to 210/00 to two lane with paved shoulder/ four lane configuration in the state of Maharashtra on EPC mode Length - 41.00 Km.,MoRTH,0.0,0.0,Recovered / on track
619063,4L Greenfield spur from Delhi-Vadodara Greenfield expressway near Bandikui to Jaipur,618883,Construction of Four Lane Highway form Ghazipur- Ballia-UP/Bihar State Border Greenfield section of NH-31 Package I [from Hridaipur km 0.000 to Shahapur km 42.500] on EPC Mode in the state of Uttar Pradesh.,National Highways Authority of India [NHAI],-7.4,11.0,Significant overrun/delay
619251,Construction of two lane with paved shoulder of Ghatol Bypass from km 133.250 to km 140.950 of NH-56 old NH No. 113 on EPC mode in the State of Rajasthan.,619008,Rehabilitation and Up gradation of Charthana Jintur Section of NH 752 I Km 25100 to 47100 to 2 Lane with Paved Shoulder configuration Flexible Pavement in the state of Maharashtra on EPC mode. Reg- Resubmission of Annual Plan Estimate.,MoRTH,0.0,-12.0,Recovered / on track
618071,Construction of two lane with paved shoulder Gangtok Bypass Road from Ranipool to Burtuk Ch 0.00 Km to 23.316 L23.316 Km in the State of Sikkim,618418,Rehabilitation and up gradation of Nongstoin-Rambrai-Kyrshai road up to Meghalaya- Assam border from Km 0.335 to km 34.039 to 2-Lane under NHO - NE in the State of Meghalaya Package-1,NHIDCL,0.0,24.0,Significant overrun/delay
618426,Construction/Up gradation of Existing road to 2 Lane with Paved Shoulder including Geometric Improvement from Ranipool to Pakyong Balance work from Km 2.000 to 16.167 of NH-717-A on EPC basis under SARDP-NE Phase A in the State of Sikkim,618407,Jammu-Akhnoor Road Pkg-I,NHIDCL,0.0,17.0,Significant overrun/delay
618428,Realignment of NH-717A from Design Ch.0.00 Km 77.800 of NH-10 to Design Ch.2.00 Km 3.100 of NH-717A with two lane paved shoulder including Major Bridge of 680 m in the State of Sikkim on EPC Mode-COS work,618167,Rehabilitation & Upgradation of NH-731A from Km.0.00 to Km.35.00 to 2-lane with paved shoulder under EPC mode,MoRTH,0.0,33.0,Significant overrun/delay
618446,Construction & Upgradation of existing road to 2-lane with paved shoulder from New Rolep Bridge at km 37.600 to Chochenpheri at km 52.00 in the section of Rongli to Chochenpheri of NH 717B Pkg-II C,617985,Widening to two lane with paved shoulders from Km 0/0 to 64/020 Pamarru to Akiveedu,MoRTH,11.2,42.0,Significant overrun/delay
618447,Construction of 2-Laning with Paved Shoulder of New Greenfield Alignment From Helipad near Menla at Km 82000 to Menla at Km 94030 of Rhenock-Menla Spur NH- 717B Package-IIIB on EPC Basis under SARDP-NE Phase 'A' in the State of Sikkim.,618082,Widening & Upgradation to four lane configuration from Km.34.900 Bhadohi to km.73.134 Jaunpur of NH-135A on EPC mode,MoRTH,-0.9,25.0,Significant overrun/delay
618448,Construction of 2-Laning with Paved Shoulder of New Greenfield Alignment From Chochenpheri at Km 52000 to Helipad near Menla at Km 82000 of Rhenock-Menla Spur NH-717B Package-IIIA on EPC Basis under SARDP-NE Phase 'A' in the State of Sikkim.,618615,Sanchore - Santalpur from km 99.000 - km 130.073 of NH-754K AJ-RGBS-Package-4,National Highways Authority of India [NHAI],7.4,38.0,Significant overrun/delay
618449,Construction & Upgradation of existing road to 2-lane with paved shoulder from km27.200 End of Rongli bypass to km37.600New Rolep Bridge of Rhenok-Menla spur NH-717B on EPC Mode under SARDP-NE Phase-A in Sikkim Pkg-II B,618289,Construction and up gradation to 4-Lane of existing two lane with paved shoulder from Hapachara to Tulungia road of NH-117 of existing Km 0.00 to km 14.050 and Design Km 0.000 to km 14.660 under BMP on EPC mode,NHIDCL,0.0,39.0,Significant overrun/delay
618450,Rehabilitation & Upgradation of existing road to 2-lane with paved shoulder including geometric improvement of section from start of Rabangla km33.600 to km58.840 under SARDP-NE Phase A Pkg- IV,618386,Rehabilitation & Upgradation of Road from Km 0.00 to Km 18.600 Total length-18.600 km of Kumarghat-Kailashahar section on NH-208 to 2-lane with Paved shoulder on EPC bais under NHO,NHIDCL,8.8,33.0,Significant overrun/delay
617962,"Construction of Bypass to Madurai Achambathu Viratipathu in between km 6/850 10/382 of NH 49 Extn New NH 85 including Land Acquisition on Engineering, Procurement & Construction EPC basis Contract under NH O Annual Plan 2021-22 in the state of Tamil Nadu job No.NH-49 Extn New NH 85 - TN-2021-22-997",617906,Up-gradation of Dhoraji-Jamkandorna-Kalavad Section of NH-927D from Design Chainage km 0/00 to km 58/115 to Two lane with PS configuration in the State of Gujarat on EPC,MoRTH,18.1,0.0,Significant overrun/delay
618478,Bangalore Chennai Expressway Phase-III Package II Walajahpet to Arakkonam from Km 180.000 to Km 204.500,618945,4L of Kodad Design Km 0.00/Existing Km 185.00 of NH-65 to Khammam Design Km 31.800/Existing Km 29.400 of NH-365A,National Highways Authority of India [NHAI],39.8,24.0,Significant overrun/delay
618479,Bangalore Chennai Expressway Phase-III Package III Arakkonam to Kancheepuram from Km 204.500 to Km 230.000,618477,Bangalore Chennai Expressway Phase-III Package I Gudipala to Walajajhpet from Km 156.000 to Km 180.000,National Highways Authority of India [NHAI],0.0,25.0,Significant overrun/delay
618480,Construction of Trumpet Interchange Connecting Bangalore Chennai Expressway km.261705 to km. 262800 with Maduravoyal to Walajapet Section of NH 48 near Sriperumbudur Toll Plaza at km. 35700,618181,Rehabilitation / Upgradation to 4 Lane with Paved shoulder of Existing Section in Sillod Town with Design Ch. Km54500 to Km 60679 [Length6.179 km] section of NH 753F Aurangabad-Jalgaon road on EPC Mode in the State of Maharashtra,MoRTH,0.0,-4.0,Recovered / on track
618481,4L Bangalore-Chennai Expressway from Km. 230.000 to Km. 261.705 of Kanchepuram to Sriperumbudur Section Phase-III/Package-IV,618603,6L of Kodugallur to Edapppally section from km 397.750 to km 423.780 of NH - 66 old NH-17,National Highways Authority of India [NHAI],4.1,20.0,Significant overrun/delay
618521,Karaipettai to Walajapet from Km 71.015 to 107.091,619131,Four Laning of Chettikulam to Natham section of NH-785,National Highways Authority of India [NHAI],-1.6,67.0,Significant overrun/delay
618522,Balance Works for six laning of Sriperumbudur to karaipettai section of NH-4 New NH- 48 from 37000 Existing Km 37000 to Km 71015 Existing Km 71000 in Tamilnadu on EPC mode underNHDP Phase-V,618155,Development/Widening of Talegaon Chakan Shikrapur Nhavara Section of NH-548D from existing chainage km. 54/000 to 82/300 and Design chainage Km. 54/000 to 82/120 Shikrapur to Nhavara Section to 2LPS/4L Configuration on EPC Mode in the State of Maharashtra.,MoRTH,0.0,0.0,Recovered / on track
618561,Improving the Alignment of Thoppur Ghat Section from Km 158.500 to Km 165.100 in Dharmapuri - Salem Section of NH-44,618331,lmprovement to 4-Lane with Paved Shoulder from existing km 260000 Design Ch.4560 km to existing km Ch.233000 D. Ch.24560 of Silchar near Nutan Dayapur village - Budha Nagar Section Length-20.00 Km of NH-37 under Package Silchar- Jiribam Pkg-1 in the state of Assam on HAM Mode,NHIDCL,0.0,0.0,Recovered / on track
618562,Dindigul Bypass - Samyanallore from km. 373.275 to km. 426.00,619084,Start of Karur Bypass - Dindigul from km. 292.600 to km. 305.600 Contract Package No. NS2/BOT/TN-4,National Highways Authority of India [NHAI],11.6,210.0,Significant overrun/delay
618563,4L of Madurai Ring Road Phase 1 [Vadipatti-Thamrapatti] from km 0.00 - km 29.960,619003,Solan - Kaithlighat Section of NH-22 Now NH-5 from Km. 106.139 to Km.129.05,National Highways Authority of India [NHAI],72.3,66.0,Significant overrun/delay
618608,4L of left-over works including additional structures from Kerala/Tamil Nadu border to Kanyakumari Section from Km 43.0 to Km 96.174 of NH66,618723,6L access Controlled Greenfield Highway from Ranipur Barsi to Adhoya Musalmana section of Shamli -Ambala Package-II Design Ch. Form km 45.500 to km 84.400,National Highways Authority of India [NHAI],-20.1,19.0,Significant overrun/delay
618635,6L of Pondavakkam to Kannigaipair from km 96.040 to km 116.100 of NH 716B Pkg- IV,618889,"4L of Bhangbar Near Ranital to Kangra Bypass Section of Old NH-88 New NH- 303,503 up to Intersection with NH-154 from Km 175.270 to Km 193.400 Pkg-VB",National Highways Authority of India [NHAI],38.3,18.0,Significant overrun/delay
618743,Trichy 135.800 to Karur 218.000 section of NH-67 - Trichy Bypass,619069,Satara Km 725.000 to Pune Km 865.350 of NH - 4 New NH - 48 in Maharashtra,National Highways Authority of India [NHAI],17.6,49.0,Significant overrun/delay
618744,4L of Thirumangalam to Vadugapatti section from km 0.000 to km 36.000 of NH-744,619292,4L Medinipur to Ballupur from Km. 458.65 to Km. 487.65 of NH-07Pkg-2,NHAI,-1.9,16.9,Significant overrun/delay
618745,4L of Vadugapatti to Therkuvenganallur Rajapalyam section from km 36.000 to km 71.600 of NH-744,618013,4-laning of Puttaparthi-Koduru Section of NH-342,MoRTH,-31.0,7.0,Significant overrun/delay
618756,Melur - Pilayarpatti - Karaikudi from km 99.920 of NH 38 to km 12.9 of NH 383 Ext.,618624,Mangloor to Telangana Maharashtra Border,National Highways Authority of India [NHAI],22.2,-1.0,Significant overrun/delay
618773,Tuticorin - Tirunelveli from km. 0.00 to km. 47.250,619086,Chengapalli km 102.035 to Neelambur Km144.680 and Madukkarai Km 170.880 to Walayar K183.010 Package No. NS-2/BOT/TN-08,National Highways Authority of India [NHAI],-66.5,163.0,Significant overrun/delay
618800,Construction of New Double Tier 4L Elevated Corridor from Chennai Port to Maduravoyal in Chennai District from km -0.342 to Km 20.593 and Package II from Km 4.604 to Km 9.700,618564,6L with PS of Samakhiyali to Santalpur section from km. 339.700 to Km. 430.100 of NH-27,National Highways Authority of India [NHAI],-97.8,13.0,Significant overrun/delay
618801,Construction of New Double Tier 4-lane Elevated Corridor from Chennai Port to Maduravoyal in Chennai District from Km -0342 to Km 20223 Package 1 from Km - 0342 to Km 4604,618782,4L of Bareilly-Pilibhit-Sitarganj from Km. 0.000 to Km. 32.500 of NH-30 Pkg-1,National Highways Authority of India [NHAI],0.0,8.0,Significant overrun/delay
618846,Poondiyankuppam Km.67.000 to Sattanathapuram Km.123.800,618233,Construction of 6-lane bridge on Ganga on NH-96 and its approaches in Phaphamau Allahabad on EPC mode,MoRTH,-24.8,31.0,Significant overrun/delay
618874,Four Laning of Trichy - Dindigul from km. 333.00 to km. 421.273 of NH-45,618943,Salem - Ulundurpet section from km 0.313 to km 136.670 of NH-68,National Highways Authority of India [NHAI],18.4,183.9,Significant overrun/delay
618894,4L of Madathukulam - Pollachi from km. 74.38 to km. 116.95 of old NH-209 New NH- 83,618462,Delhi-Vadodara Greenfield Alignment NH-148N Pkg-31 Ch.824920 to Ch.844382 [Junction near Pratap nagar Village - Junction near Dodka Village],National Highways Authority of India [NHAI],0.4,36.0,Significant overrun/delay
618895,Kamalapuram to Oddanchatram from km. 0.00 to km. 35.822,618580,Gohana - Sonipat PKG-2,National Highways Authority of India [NHAI],53.5,46.0,Significant overrun/delay
618897,4L of Sethiyathope -Cholapuram section from Km. 65.960 to Km. 116.440 section of NH45 C Pkg-II,618579,6L of Anandapuram Pendurthi Anakapalli Section from km. 681.000 to km. 731.780 of NH-16,National Highways Authority of India [NHAI],17.0,58.0,Significant overrun/delay
618898,Balance Works for Four laning of Vikravandi to Sethiyathope section from Km 0.0 to Km 65.96 of NH-45C in Tamil Nadu under NHDP Phase-IV on EPC mode,618797,Mayjilar Jaisalmer with Jaisalmer Bypass Link Road Section of NH-11 Part of BM-7 & Sundra Myajilar Ambsingh ki Dhani Road part of Munabao Tanot project NH-70,National Highways Authority of India [NHAI],-25.1,0.0,Recovered / on track
618899,Kallagam km.38.700 to Meensurutti Km.98.433 of NH-227 in Tamil Nadu,619219,4L of Tumkur-Shimoga Pkg-II from Km 65.195 Karadi to Km 121.900 Banawara of NH-206,National Highways Authority of India [NHAI],32.1,62.0,Significant overrun/delay
618943,Salem - Ulundurpet section from km 0.313 to km 136.670 of NH-68,618874,Four Laning of Trichy - Dindigul from km. 333.00 to km. 421.273 of NH-45,National Highways Authority of India [NHAI],-56.6,190.0,Significant overrun/delay
619045,Construction of New Double Tier 4L Elevated Corridor from Chennai Port to Maduravoyal in Chennai District from km -0.342 to Km 20.593 and Package IV from Km 14.185 to Km 20.593,618713,6L Access Controlled Greenfield Highway from Yerragudipadu Ch. 129000 to Audireddipalle Ch. 160000 of [NH 544G] Package-6,National Highways Authority of India [NHAI],-15.1,13.9,Significant overrun/delay
619074,6-laning of Krishnagiri Km.0.000 to Walajahpet Km.148.300 section on NH-46 under NHDP-V,618625,Indore - Gujarat / MP Border from km. Km 9.500 to Km 171.000 of NH-59 in MP,National Highways Authority of India [NHAI],-81.5,158.9,Significant overrun/delay
619083,Thumbipadi-Namakkal from km. 180.00 to km. 248.625 Package No. NS-2/BOT/TN- 02,619084,Start of Karur Bypass - Dindigul from km. 292.600 to km. 305.600 Contract Package No. NS2/BOT/TN-4,National Highways Authority of India [NHAI],11.6,210.0,Significant overrun/delay
619084,Start of Karur Bypass - Dindigul from km. 292.600 to km. 305.600 Contract Package No. NS2/BOT/TN-4,618562,Dindigul Bypass - Samyanallore from km. 373.275 to km. 426.00,National Highways Authority of India [NHAI],-49.0,0.0,Recovered / on track
619086,Chengapalli km 102.035 to Neelambur Km144.680 and Madukkarai Km 170.880 to Walayar K183.010 Package No. NS-2/BOT/TN-08,619070,Tumkur-Chitradurga,National Highways Authority of India [NHAI],-94.3,150.0,Significant overrun/delay
619094,Thorapalli - Agraharam - Jittandahalli Section from km 23.350 to km 60.100 [Hosur to Dhamrapuri Pkg-2],618953,Umagaon-Saharsa Package-IV Koshi Bridge & approach Road - Bheja-Bakaur,NHAI,2.0,43.0,Significant overrun/delay
619129,Mahabalipuram - Pondicherry Pkg-I [Mamallapuram to Mugaiyur],619094,Thorapalli - Agraharam - Jittandahalli Section from km 23.350 to km 60.100 [Hosur to Dhamrapuri Pkg-2],National Highways Authority of India [NHAI],2.3,36.0,Significant overrun/delay
619130,Mahabalipuram - Pondicherry Pkg-II [Mugaiyur to Marakkanam],618246,Construction of New 4-Lane Bridge Parallel to existing Vikramashila Setufrom km 8920 to Km 13375including approach road 35m Naugachhia side &53 m Bhagalpur sideacross River Ganga on newly declared NH-131B at Bhagalpur in the State of Bihar,MoRTH,0.0,0.0,Recovered / on track
619131,Four Laning of Chettikulam to Natham section of NH-785,618521,Karaipettai to Walajapet from Km 71.015 to 107.091,National Highways Authority of India [NHAI],0.0,62.9,Significant overrun/delay
619139,Construction of New Double Tier 4L Elevated Corridor from Chennai Port to Maduravoyal in Chennai District from km -0.342 to Km 20.593 and Package III from Km 9.700 to Km 14.185,618282,4-L Bilasipara-Guwahati Package-10,NHIDCL,0.0,9.0,Significant overrun/delay
619161,Access Controlled Highway of 4 Lane with Paved Shoulders from Tiruvallur Design Chainage Km 1756 to TN/AP Broder Design Chainage Km 6151 of NH-716 Chennai- Tirupati Package-1,618920,Access Controlled Highway of 4 Lane with Paved Shoulders from TN/AP Border Design Chainage Km 6151 to Puttur Design Chainage Km 81540 of NH-716 & 6 Lane with Paved Shoulders from Mallavaram to Renigunta,National Highways Authority of India [NHAI],-6.4,2.0,Recovered / on track
619222,"Balance works of four lane from km 43.950 Thiruvallur Bypass to km 61.470 Veppampattu Bypass passing through Thannerkulam, Thozur and Sevapet Bypass 17.520 kms of Tirupathi- Tiruttani- Chennai section of NH 205",617932,Construction of New Four Lane Bypass to Parbhani City Parwa to Asola Km 463/265 to Km 481/180 Design Ch. 19220 to Ch. 34434 Length-15.214 Km section of NH-61 on EPC mode in the State of Maharashtra.,MoRTH,0.0,20.0,Significant overrun/delay
617913,6-laning of km 9.900 to km 19/948 Aramgarh to Shamshabad Section of Hyderabad- Bangalore section of NH-44 Under NHO EPC basis in the state of Telangana,618194,Rehabilitation and upgradation of New NH 544DD from design Chainage Km. 56/000 to 102/20 of Kalyandrg - Molakalmuru Section,MoRTH,-3.0,67.0,Significant overrun/delay
617936,Widening to two/four lane with paved shoulder from Km.180.600 to Km.223.000 of NH-63 on Nizamabad-Jagadalpur road on EPC mode under NHO in the state of Telangana.,617960,Construction of new road at the missing link portion of NH-81 along approved alignment between Harishchandrapur and Eastern approach of Kalindri Bridge from Km 46.550 to Km 59.697 in the district of Malda. Job No-081-WB-2015-16/400,MoRTH,7.4,91.0,Significant overrun/delay
617939,6-Laning of Pune-Hyderabad Section of NH-65 from Km 493/0 to Km 524/0 from Sangareddy X Roads to Madinaguda in the State of Telangana,618282,4-L Bilasipara-Guwahati Package-10,NHIDCL,0.0,9.0,Significant overrun/delay
617940,"Rehabilitation and Upgradation of LB-Nagar to Malkapur section to 6-Lane main carriageway with service roads, drains cum footpath, including VUPs and widening of Minor bridge & road safety provisions from Km. 15/00 to Km 40/00 of NH-65 Old NH-9 under NH O for the year 2020-21 in the state of Telangana on EPC Mode.",618341,Up-gradation to 2-lane with paved shoulders of Ngopa - Pawlrang section of NH 102B of Aizawl - Imphal Economic Corridor from Existing Chainage km 32.796 to km 72.030 [Design Chainage km 31.280 to km 68.170] in the State of Mizoram under Bharatmala Pariyojna on EPC mode under NHO-NE Package-2 Keifang- Tuivai Pkg-2,NHIDCL,0.0,15.9,Significant overrun/delay
617980,Construction of six lane elevated corridor from km 7.950 Uppal to km 14.200 of NH- 163 to De-Congest the urban limits of Hyderabad-Bhoopalapatnam section on EPC mode in the state of Telangana,617944,Kashedi ghat tunnel NH-66 [Bhogaon Khurd - Kashedi section] 4 lanes under NHDP on EPC mode,MoRTH,3.1,0.0,Recovered / on track
617981,Widening to Two with Paved shoulders from Km 59.500 to Km 132.033 of Manneguda- Ravunapally section of NH-163 Erstwhile SH-4 in the State of Telangana on EPC mode under NH O Annual Plan 2016-17,618172,Paithan - Shirur section 2LPS Km 0.0 to 55.00,MoRTH,0.0,83.0,Significant overrun/delay
617982,Widening and strengthening of existing 2-lane to 2- lane with paved shoulders from km 159/0 to 165/4 and 186/0 to 215/0 of NH-163 on EPC mode int the state of Telangana,618177,Pal Phata Phulambri - Khultabad 2LPS,MoRTH,0.0,72.0,Significant overrun/delay
617983,Widening & Strengthening of Existing 2LPS to 4 lane PS from Km 150000 to Km 159000 and Km 165400 to Km 186000 of NH-163 old NH-202 under NH O for the year 2020-21 on EPC Mode in the state of Telangana.,618388,Construction of 2-laning with Hard shoulder road of Ukhrul - Tolloi - Tadubi section of NH-102A from Design Chainage 50.850 km to 81.870 km in the State of Manipur on EPC mode under NHO-TSP Package -3,NHIDCL,0.0,17.9,Significant overrun/delay
617992,Rehabilitation & upgradation of NH - 167 from design km 187.723 to 234.434 Miryalaguda to Kodad section to two lane with paved shoulder on EPC mode in the state of Telangana,618804,Dedicated Port road to Krishnapatnam Port Package-I from Km. 0.000 to Km. 18.000,National Highways Authority of India [NHAI],-2.1,68.0,Significant overrun/delay
617993,Rehabilitation and upgradation of NH-167 from design km 157.707 to 187.723 design length 30.016 km to two lane with paved shoulders of Alinagar-Miryalaguda Sec on EPC mode in the state of Telangana,618180,Pune raigarh District Border To Mangaon Ch 69000 to 103775 NH-753F,MoRTH,0.0,54.0,Significant overrun/delay
617994,Rehabilitation and upgradation of NH-167 from design km 113.900 to 154.479 Mallepally Haliya section to two lane with paved shoulders on EPC mode in the stte of Telangana,618194,Rehabilitation and upgradation of New NH 544DD from design Chainage Km. 56/000 to 102/20 of Kalyandrg - Molakalmuru Section,MoRTH,-3.0,67.0,Significant overrun/delay
617995,Widening to Two Lane with Paved Shoulders from Km 67.000 to Km 114.425 of Kalwakurthy- Mallapally Section of NH 167 Erstwhile section of SH 18 in the State of Telangana on EPC mode under NH O Annual Plan 2016-17,618070,Widening to 2 Lanes with paved shoulders from Km.87/000 to 133/720 Nattukal to Thanau Jn. in Palakkad of NH-966 Old NH-213 on EPC mode Basis under NHO Annual Plan 2016-17 in the state of Kerala,MoRTH,7.3,80.0,Significant overrun/delay
617996,Widening to 2/4 Lane with paved shoulders from Km 182.120 to Km 227.600 of NH 167 on Haggari-Jadcherla Road on EPC mode under NHO in the state of Telangana,617991,"Rehabilitation and up-gradation of NH-167 from Km 14/900 to Km70/000 Design Ch. 14/900 to 69/700 Chintakunta to Adoni section to two lane with paved shoulders in the State of Andhra Pradesh under Corridor Approach through Engineering, Procurement",MoRTH,0.0,89.0,Significant overrun/delay
618001,"Construction of 4-lane flyover at Amberpet-X road, Hyderabad on NH-202 in the State of Telangana",618432,Construction of Balance work of 2-Lane with PS of Joram-Koloriang Road NH-713 on EPC basis from Design Km 44.989 to Km 61.547 Existing Km 50.050 to Km 70.000 in the state of Arunachal Pradesh under SARDP-NE Pkg-3,NHIDCL,0.0,15.0,Significant overrun/delay
618025,Rehabiitation and upgradation from km 121/000 to 154/000 Nakrekal to Mallampally section of NH-365 to 2 lane with paved shoulders in the state of Telangana in the EPC mode,617993,Rehabilitation and upgradation of NH-167 from design km 157.707 to 187.723 design length 30.016 km to two lane with paved shoulders of Alinagar-Miryalaguda Sec on EPC mode in the state of Telangana,MoRTH,0.0,79.0,Significant overrun/delay
618026,Rehabilitation and upgradation to two lane with paved shoulders from Km 0/000 to 72/6 of NH-365 Nakrekal to Tanamcherla section under NHDP IV in the state of Telangana under EPC mode,618090,Sarsam - Kothari of NH-161A - 2L PS from Km.33/00 to 90/00,MoRTH,0.0,77.0,Significant overrun/delay
618091,Widening to two lane with paved shoulders from Km 0/000 to Km 45/946 of Nizampet- Narayankhed-bidar section of NH-161B in the state of Telangana under Annual Plan 2021-22 on EPC mode under NHO,618182,Widening to Two lane with paved shoulders from 106/830 to 158/496 of Yellareddy- Rudrur Section of NH-765D in the state of Telangana on EPC mode under NHO under Annual plan 2022-23,MoRTH,0.0,0.0,Recovered / on track
618104,Widening to two lane with paved shoulders from Km 0/000 to Km 79/300 of Kalwakurthy - Kollapur section of NH-167K in the state of Telangana under annual plan 2021-22 on EPC mode under NHO.,619141,Construction of four lane access controlled highway from Chillakuru cross road to Turpu KanupurPart 1 of Package - II km 0.000 131.500 of NH - 16 to km 23.770 on New NH-516W including sixlane flyover and approaches on NH-16 length km 1.050 and six lane access controlled from TurpuKanupur to Port South Gate Part 2 of Package - II km 23.770 to km 35.015 on New NH-516W inthe state of Andhra Pradesh on HAM Mode under Bharatmala Pariyojana Phase I,National Highways Authority of India [NHAI],-2.3,11.0,Significant overrun/delay
618105,Widening and strengthening to 4 lane / 2-lane with paved shoulders of Mahabubnagar - Chincholi section from km 60/255 to Km 102/834 of NH-167N in the State of Telangana on EPC mode.,618169,Construction of Two Lane with paved shoulder highway from Design Ch.0.000 to Ch.49.2OO of NH-731B on EPC Mode,MoRTH,-5.8,8.0,Significant overrun/delay
618106,Widening and Strengthening to 2/4 lane with paved shoulders of Mahabubnagar Chincholi section from Km 0/0 to Km 60/255 of NH-167N in the state of Telangana under Annual plan 2021-22 on EPC modepackage-I under NHO Job No.167N-TS- 2021-22-75,617955,Widening to two lane with paved Shoulders from Km 40.00 to Km 75.00 Existing chainages of Mangalore - Tumkur section of NH-73 in the State of Karnataka on EPC Mode under Annual Plan 2021-22 Job No NH-73-KNT-2021-22-945,MoRTH,0.0,21.0,Significant overrun/delay
618130,Widening to 2 lane with paved shoulders from 0.00 to 32.970 ofAdilabadto Bela section of NH 353B in the State of Telangana,618056,Improvement and Up-gradation to two Lane with Paved Shoulder Configuration from existing km. 420.00 Shohrathgarh to km. 454.00 Uska Bazar of NH-730 in the state of Uttar Pradesh EPC basis,MoRTH,-5.0,15.0,Significant overrun/delay
618132,Widening & strengthening of existing carriageway in 2 lane with paved shoulders from km 25/0 to 59/2 design Ch km 25.467 to 59.200 of NH - 353C on EPC mode in the state of Telangana,617977,Development of Chiloda - Gandhinagar- Sarkhej ofNH-147 Package -II,MoRTH,11.0,19.9,Significant overrun/delay
618140,Widening to two/four lane with paved shoulders from Km.34.250 to Km.71.830 of NH- 365A on Kodad-Khammam-Kurvi road.,618126,"Pre-Construction activities from Km 134.000 to Km 190.233 of NH-333A and Construction of 4 no. of Bypasses at Katoria, Lakhpura, Banka & Panjwara total length-14.359 Km to two lane with paved shoulders standard in State of Bihar.",MoRTH,0.0,0.0,Recovered / on track
618141,Widening and Improvement of existing carriage way to 2 lane with paved shoulders from Km. 86/160 to 131/730 of Jangaon-Duddeda section of NH-365B in the State of Telangana on EPC Mode,618121,Improvement to two lane with paved shoulders of NH-319A from km 0 to km 45 in state of Bihar under EPC mode,MoRTH,0.0,19.0,Significant overrun/delay
618142,Widening to Two lane with Paved shoulders from km.40/410 to 84/037 of Thirumanlagiri-- Suryapet Section of NH-365B earstwhile section of SH-16,618237,Rehabilitation and Up-gradation of Pasarlapudi to Dhindi section from Km 105/170 to Km 126/510 of NH -214 New NH -216 to two lane with paved shoulder in the state of Andhra Pradesh under NHDP-IV,MoRTH,0.0,72.0,Significant overrun/delay
618143,widening to two lane with Paved shoulders from Km.0/970 to Km.40/410 of Jangaon - Thirumal giriof NH- 365B in the state of Telanganaon EPC mode under NHO Annual Plan 2016-17,617973,Strengthening and widening of existing 2 lane road to two lane paved shoulder from km 7.750 to 26.542 & km. 32.093 to 45.786 of NH-130 on EPC mode in the state of chhattisgarh.job No. 130-CG-2017-18-348,MoRTH,0.0,63.0,Significant overrun/delay
618182,Widening to Two lane with paved shoulders from 106/830 to 158/496 of Yellareddy- Rudrur Section of NH-765D in the state of Telangana on EPC mode under NHO under Annual plan 2022-23,618056,Improvement and Up-gradation to two Lane with Paved Shoulder Configuration from existing km. 420.00 Shohrathgarh to km. 454.00 Uska Bazar of NH-730 in the state of Uttar Pradesh EPC basis,MoRTH,-5.0,15.0,Significant overrun/delay
618183,Widening to 2 lane with paved shoulders from Km 62/920 to km 106/830 of Medak - Yellareddy section in the State of Telangana under Annual Plan 2022-23 on EPC mode under NHO,618171,"Work of Upgradation of Jirapur-Pachore Road including Pachore, Jirapur, Chhapiheda & Khujner Bypasses from 0000 to 58790 Design Length 58.79 Km section of NH-752C to 2LPS in the State of Madhya Pradesh under EPC mode",MoRTH,0.0,9.0,Significant overrun/delay
618186,"Rehabilitation and Up-gradation of Valigonda to Thorrur Section to Two Lane with Paved Shoulders from Km 39.180 to Km 108.300 of NH-930P in the State of Telangana on Engineering, Procurement and Construction EPC Basis",618145,Widening to two lane with paved shoulder of Rampachodavaram - Koyyuru section of NH 516E from Km 43700 to Km 113820 in the State of Andhra Pradesh on EPC mode Job No. 737,MoRTH,0.0,14.9,Significant overrun/delay
618190,Widening to two lane with paved shoulders of 'Bodhan Basar Bhainsa ' section from Km 38/900 to 95/300 of NH-161BB in the state of Telangana under Annual Plan 2021- 22 on EPC Mode under NH O.,618803,Development of 4L Road from Samarlakota to Achampeta Junction as part of Kakinada Port Connectivity to NH-16 Rajanagaram Junction in East Godavari District,National Highways Authority of India [NHAI],16.2,9.0,Significant overrun/delay
618196,Widening to 2 lane with Paved Shoulders of Siddipet-Elkathurthy section from Km 69/978 to km 133/619 of NH-765DG in the State of Telangana under Annual plan 2021-22 on EPC mode,618751,2L PS of Hinotiya-Mehulwa section of NH-346 from Km. 27.000 to Km 75.700 Vidisha Mehulwa-Talbehat Pkg-II Section of NH- 346,National Highways Authority of India [NHAI],1.9,16.0,Significant overrun/delay
618197,Widening to 2 lane with Paved Shoulders of Medak - Siddipet section from Km 0/0 to km 69/978 of NH-765DG in the State of Telangana under Annual plan 2021-22 on EPC mode,618855,"Improvement and Up-Gradation of Existing Road to 2/4L PS from Km 40.000 to 88.750, start of Khutar bypass to start of Shahjahanpur bypass of NH 731Pkg-I",National Highways Authority of India [NHAI],0.0,13.9,Significant overrun/delay
618558,Improvement of Geometrics of Kalkallu to Gundla Pochanpalli from Km 454.00 to Km 471.00 of NH-44,618632,6L Access Controlled Greenfield Highway of Nandinne village to Julekal village from Km 202.900 to Km 242.200 Pkg-1,National Highways Authority of India [NHAI],7.4,19.0,Significant overrun/delay
618559,6L of existing 4L from Gundlapochampally to Bowenpally from km 471.300 to km 481.331 of NH-44,618588,4L Mitigation Measure structures on CH/MH Border to Wainganga Bridge Section of NH-6 New NH-53,National Highways Authority of India [NHAI],-13.2,30.0,Significant overrun/delay
618560,Improvement of Geometrics of Thondupally to Kothur from Km 22.300 to Km 34.14 of NH-44,619162,4L of Najibabad Bypass from Km. 105.423 to Km. 118.373 excluding 2.45 Km. of NH- 74 Bypass of NH-119,National Highways Authority of India [NHAI],-1.9,23.0,Significant overrun/delay
618746,Khammam-Devarapalle Pkg I [4L Access Controlled Greenfield from Thallampadu village to Somavaram village Design Chainage 0000 to 33604],618809,4L of Beas-Mehta-Batala-Dera Baba Nanak from intersection with Jalandhar-Amritsar Highway NH-3 near Beas till start of Batala Bypass near Village Acchhal from Km. 0.000 to Km. 31.300 Pkg-1,National Highways Authority of India [NHAI],19.5,23.0,Significant overrun/delay
618765,4L of Karimnagar-Warangal section from km 49.500 to km 117.820 of NH-563,619087,Widening to 6L of Existing 4L Jetpur - Gondal - Rajkot Section from Km. 117.600 to Km. 185.00 on NH-27,National Highways Authority of India [NHAI],-32.9,16.0,Significant overrun/delay
618811,4L Access Controlled Greenfield Highway Section Mancherial Warangal from Pangidipalle village at Design Ch. 72.350 Km to Oorugonda village at Design Ch. 112.240 KmPackage-III,618818,4L Access Controlled Greenfield Highway section on NH-163G Khammam Vijayawada from Remidicherla village at Design Ch. 280.200 Km to Jakkampudi village on NH-16 at Design Ch. 309.909 Km Package-III,National Highways Authority of India [NHAI],3.5,7.0,Significant overrun/delay
618812,4L Access Controlled Greenfield Section Mancherial Warangal from Puttapaka village at Design Ch. 35.300 Km to Pangidipalle village at Design Ch. 72.350 KmPackage-II,618734,6L Greenfield Varanasi- Ranchi- Kolkata Highway from junction with NH-320 in Lepo village to Kamlapur villageJH/WB border from km 358.500 to km 387.200 Pkg -13,National Highways Authority of India [NHAI],14.3,0.0,Significant overrun/delay
618813,4L Access Controlled Greenfield Section Mancherial Warangal from Narva village at Design Ch. 3.834 Km to Puttapaka village at Design Ch. 35.300 Km Package-I,619106,4 Lane with PS from Des. Ch 182.300 to Des. Ch. 228.500 of Belgaum-Hungund- Raichur Section of NH 748 A Package-5,National Highways Authority of India [NHAI],-23.9,8.0,Significant overrun/delay
618814,4L Access Controlled Greenfield Highway section on NH163G Warangal-Khammam from Oorugonda village in Hanamkonda District at Design Ch. 112.240 Km to Venkatpur village in Warangal District at Design Ch. 150.240 KmPackage-I,618811,4L Access Controlled Greenfield Highway Section Mancherial Warangal from Pangidipalle village at Design Ch. 72.350 Km to Oorugonda village at Design Ch. 112.240 KmPackage-III,National Highways Authority of India [NHAI],-1.1,0.0,Recovered / on track
618815,4L Access Controlled Greenfield Highway section on NH-163G Warangal-Khammam from Venkatpur village in Warangal District at Design Ch. 150.240 Km to Thallasenkesa village in Mahabubabed District at Design Ch. 189.650 kmPackage-II,619114,Indore - Harda Pkg-II [Raghavgarh to Nanasa from km. 29.30 to km. 92.30],National Highways Authority of India [NHAI],6.0,9.0,Significant overrun/delay
618817,4L Access Controlled Greenfield Highway section on NH-163G Khammam Vijayawada from V. Venkatayapalem village at Design Ch. 220.480 Km to BrahmanapalliK village at Design Ch. 250.400 Km Package-I.,618149,Widening to two lane with paved shoulders from Km 0.00 to 102.310 Design Chainage of NH-548B Murrum-Maharashtra Border in the State of Karnataka,MoRTH,0.0,0.0,Recovered / on track
618944,Hyderabad - Maneguda,618531,6L of Aurangabad to Bihar-Jharkhand border Chordaha section from km. 180.000 to km. 209.827 of NH-2 PKG-01,National Highways Authority of India [NHAI],-25.4,0.0,Recovered / on track
618945,4L of Kodad Design Km 0.00/Existing Km 185.00 of NH-65 to Khammam Design Km 31.800/Existing Km 29.400 of NH-365A,618901,4L PS Divided Carriageway from Patan Near Rajpur to Gojariya From Km 52.000 to Km 128.940 of NH-68,National Highways Authority of India [NHAI],-7.0,17.0,Significant overrun/delay
619009,Upgradation to Two Lane with Paved Shoulders from Km 0.000 to Km 41.920 Green Field Alignment of Gowrelly to Valigonda Section of NH-930P in the State of Telangana on EPC Mode under Annual Plan 2022-23,618207,Widening to 2-lane with Hard Shoulder configuration of Mana Ch. 0.00 to Mana Pass Ch. 50.987 road on NH-07 under Bharatmala Pariyojna in the state of Uttarakhand under Annual Plan 2022-23 length 50.987,MoRTH,0.0,12.0,Significant overrun/delay
619128,Khammam-Devarapalle Pkg II [4L Access Controlled Greenfield from Somavaram village to Chintagudem village Design Chainage 33604 to 63117],617958,Widening & Strenthening from km132.895 to km 190.15 NH-80,MoRTH,0.0,19.9,Significant overrun/delay
619165,Thanamcherla-Jamandlapally 2LPS,617931,Construction of ROB and its approaches in lieu of LC No. 10/B/T at Km 307.050 of NH-60.,MoRTH,-11.1,19.0,Significant overrun/delay
619193,Rehabilitation and upgradation of NH-221 from km 121/0 to 165/0 Rudrampur to Bhadrachalam section to two lane with paved shoulder under NHDPIV in the state of Telangana through EPC mode,617996,Widening to 2/4 Lane with paved shoulders from Km 182.120 to Km 227.600 of NH 167 on Haggari-Jadcherla Road on EPC mode under NHO in the state of Telangana,MoRTH,0.0,84.9,Significant overrun/delay
619253,Construction of 4 lane Bypass to Nalgonda Town lrorn Km 000 Existing Ch. 181590 to Km 14.00 Existing Ch. 28/685 ol Nakrekal to Nagarjunsagar Section of NH -565 in the State of Telangara on EPC under Annual Plan 2024 -25,618956,Construction of Major Bridge over Baghmati and Lakhandei River along with Approaches from Design km.16.500 to km.21.500,NHAI,-23.8,0.0,Recovered / on track
618350,Improvement & widening of existing NH-08 to 4-lane with Paved Shoulder from Champak Nagar to Khayerpur section design Km 242500 to Km 261610 in the state of Tripura on EPC basis under NHO-NE,618821,Rehabilitation and Up gradation from 4 to 8 laning of Chandikhole Paradip Section of NH-53 Old NH 5A from Km 18.00 to Km 39.00 in the State of Odisha on HAM mode Package-2,National Highways Authority of India [NHAI],3.3,8.0,Significant overrun/delay
618367,Improvement and Widening to 2-lane with paved shoulder of road from design Km 72.000 Pati Chhari to design Km 107.654 Harina Total length 35.654 Km on Teliamura to Harina section of NH 208 in the state of Tripura on EPC mode under JICA ODA Loan Phase VI Package-4,617987,Nandyala-Kurnool/Kadapa Border section of NH-167K i.e. Km 186/000 to Km 250/000Design Ch.186000 to 248010 to 2LPS,MoRTH,0.0,0.0,Recovered / on track
618368,Improvement and Widening to 2-lane with paved shoulder of road from design Km 36.000 Rangamati to design Km 72.000 Pati Chhari Total length 36.000 Km on Teliamura to Harina section of NH 208 in the state of Tripura on EPC mode under JICA ODA Loan Phase VI Package-3,618551,Greenfield connectivity from Govindsar village on Delhi Amritsar Katra Expressway to Talwara village on NH-44 Pathankot by-pass,National Highways Authority of India [NHAI],3.5,0.0,Recovered / on track
618369,Improvement and Widening to 2-lane with paved shoulder of road from existing Km 438.170 Khowai Chowmuhani to existing Km 439.410 South Pulinpur of NH-08 and from design Km 0.000 South Pulinpur to design Km 36.00 near Rangamati of NH 208 on Khowai Teliamura- Harina section Total length 37.24 in the state of Tripura on EPC mode under JICA ODA Loan Phase VI Package-2,618551,Greenfield connectivity from Govindsar village on Delhi Amritsar Katra Expressway to Talwara village on NH-44 Pathankot by-pass,National Highways Authority of India [NHAI],3.5,0.0,Recovered / on track
618370,Improvement and Widening to 2-lane with paved shoulder of road from Km 101.300 to km 127.319 Total Length 26.019 Km i.e. the Khowai Teliamura-Amarpur-Harina- Sabroom section of NH 208 in the state of Tripura on EPC under JICA ODA Loan Phase VI Package-1,617896,"Construction of 4 lane Gauripur Bypass Starting bfrom Km 852.56 of NH- 31Dumardoha Pt-II and Terminating at Km 862.17 Baladmara via. Khudimari Pt.- II, Fulkumari, Charaldanga, Sajuakuti,Geramari Pt.-III and finally meeting at km 862.17 of NH-17New/ NH-31Old in the State of Assam under EPC Mode Job no. 31/AS/ 2023- 24/265",MoRTH,0.0,0.0,Recovered / on track
618385,Rehabilitation and up-gradation of road from design km 25.250 to km 36.460 Total lengh 11.210 km of Kailashahar-Kurti Bridge section on NH-208A to 2-lane with paved shoulder on EPC basis under NHO Package-III- Balance Work,618348,Balance work of Widening to 2 Two lane with hard shoulder of Churachandpur to Tuivai section of NH-102B from km 130.000 to km 141.029 Package-4B in the State of Manipur on EPC Mode,NHIDCL,0.0,0.0,Recovered / on track
618386,Rehabilitation & Upgradation of Road from Km 0.00 to Km 18.600 Total length-18.600 km of Kumarghat-Kailashahar section on NH-208 to 2-lane with Paved shoulder on EPC bais under NHO,618450,Rehabilitation & Upgradation of existing road to 2-lane with paved shoulder including geometric improvement of section from start of Rabangla km33.600 to km58.840 under SARDP-NE Phase A Pkg- IV,NHIDCL,0.0,49.0,Significant overrun/delay
618411,Melaghar-Srimantapur section on NH-08 Spur from Km 23 to Km 34.500 11.5 Km and overlay from Km 20.30 to Km 22.00 1.7 Km Total Length 13.2 Km,617888,Landslide treatment work on NH 58 from Kodiyala Km. 266.130 to Devprayag Km. 296.925 10 location under EPC mode in the State of Uttarakhand on EPC Mode,MoRTH,0.0,15.9,Significant overrun/delay
618417,"Construction of 4-Lane with paved shoulder Agartala bypass Western side, length 25.402 km connecting NH-8 near Amtali to NH-108B near Lembuchhera in the state of Tripura on EPC basis under NHO-NE",618867,4L Kasganj-Badaun Section from Km. 123.100 to Km. 179.500 Pkg-III of NH530B,National Highways Authority of India [NHAI],-3.6,-1.0,Recovered / on track
617957,Construction of Jasra Bypass with four lane paved shoulder configurationfrom Km 379.670 on NH-76New NH-35 to Km 18.00 on NH-27New NH-30 on EPC in the State of Uttar Pradesh.,618392,"Construction for Mitigation Measures of 5 Nos. Landslides, 5 Nos. Sinking Zones in between Ch. 433.00 to 450.00 BANERPANI VILLAGE on NH-07 on EPC mode in the state of Uttarakhand Package-2",NHIDCL,0.0,0.0,Recovered / on track
617963,Rehabilitation and upgradation to four lane road from km 70.500 to km 78.600 of NH- 92 under EPC mode in the State of Uttar Pradesh,618069,Upgradation to Two-lane with paved shoulder of Hanumangarh to Kenchiyan section from Km 0.000existing chainage-Km 23.200 to Km 49.605existing chainage-Km 74.645 of NH-54 in the State of Rajasthan on EPC mode.,MoRTH,0.0,0.0,Recovered / on track
617964,"Widening to Four Lane rigid pavement configuration from Km 90.00 to Km 100.800 on NH-96 Km 42.0 to Km 53.300 as per new NH-330,design length of 11.300 km under EPC mode in the state of Uttar Pradesh.",618242,Widening and Reconstruction to 4-lane/4-lane with service road including structures from Pokharia More at Km 47.600 Ex. Km 50.230 to Govindpur at km 62.949 Ex. Km 65.325 of Nh-419 in the State of Jharkhand on EPC mode.,MoRTH,0.0,5.0,Significant overrun/delay
618008,"Construction of four-lane elevated viaduct from km.4634 to km.6345 on NH-24A including Retaining wall, service lane, at grade road and improvement of junctions, on EPC mode",618701,Balance work of 4L of Nauradehi Sanctuary de-scoped stretch of Hiran River to Sindoor River from Km. 66.00 to 130.00 NH-12 New NH-45,National Highways Authority of India [NHAI],-14.0,9.0,Significant overrun/delay
618009,Balance work of Construction of Ring Road for Raebareli City on eastern side of NH- 24B Phase-1 on EPC mode.,617992,Rehabilitation & upgradation of NH - 167 from design km 187.723 to 234.434 Miryalaguda to Kodad section to two lane with paved shoulder on EPC mode in the state of Telangana,MoRTH,0.0,69.0,Significant overrun/delay
618054,Construction of Balrampur bypass with 2L flexible pavement configuration from km.223.000 of NH-330 to km.328.300 of NH-730 under EPC mode,619291,4L Poanta SahebMednipur from Km. 435.65 to km. 458.65 of NH-07Pkg-1,NHAI,25.3,14.0,Significant overrun/delay
618055,Construction of Pratapgarh Bypass Extension connecting NH-31 to NH-330 on EPC mode in the State of Uttar Pradesh.,618046,Rehabilitation & Up-gradation of Sabalkhed to Ashti Section from Km 37900 to Km 55100 & Chinchpur to Jamkhed Section from km 70000 to km 72922 of NH-561 to Two lane with Paved shoulder/ Four lane configuration in the State of Maharashtra on EPC Mode Length20.122km.,MoRTH,0.0,0.0,Recovered / on track
618056,Improvement and Up-gradation to two Lane with Paved Shoulder Configuration from existing km. 420.00 Shohrathgarh to km. 454.00 Uska Bazar of NH-730 in the state of Uttar Pradesh EPC basis,618182,Widening to Two lane with paved shoulders from 106/830 to 158/496 of Yellareddy- Rudrur Section of NH-765D in the state of Telangana on EPC mode under NHO under Annual plan 2022-23,MoRTH,0.0,0.0,Recovered / on track
618057,Construction of Shohratgarh Bypass on NH-730 under EPC mode in the State of Uttar Pradesh,617891,"Construction of Two lane with Paved Shoulder for Fatehpur Bypass Design Km 0.000 to Km 7.400 , Mandawa Bypass Design Km 20.925 to Km 27.300 & Jhunjhunu Bypass Design Km 41.625 to Km 54.689 of NH-11 on EPC Mode in the state of Rajasthan .",MoRTH,0.0,12.0,Significant overrun/delay
618063,Widening & Strenghteningof section from Bharthana chowk to Kodarkoot km.0.00 to km.40.00 of NH-91-A on EPC mode,618226,Rehabilitation and upgradation to 2 lane with paved shoulder from existing chainage Km 30.053 to Km 49.150 design chainage Km 30.000 to Km 46.450 including Kandi Tunnel under 31 BRTF on Akhnoor-Poonch Road NH-144A Under Project Sampark in the UT of Jammu & Kashmir EPC modePackage-I Job no NH-144A-J&K-2020-21-83.,MoRTH,0.0,19.0,Significant overrun/delay
618066,Construction of Amethi bypass Part-II at km.30.050 of NH-931 under EPC mode in the state of Uttar Pradesh,618103,Rehabilitation and upgradation from Km 22300 to 58635 of MudireddyPalle to Kadapa/Nellore Border via porumamilla Section of NH 167 Two Lane with paved Shoulder in,MoRTH,0.0,2.0,Recovered / on track
618067,"Rehabilitation & Up-gradation from design Km. 0.000 to Km. 69.280 of NH-931 Pratapgarh - Amethi - Gauriganj -Musafirkhana to two lane with paved shoulder on Engineering, Procurement & Construction EpC mode in the State of Uttar Pradesh",618881,4L PS bijni to mandi section from Km 202.815 to Km 208.000 of NH-20 New NH-154 of Pathankot-Mandi Package-VB,National Highways Authority of India [NHAI],-0.1,0.0,Recovered / on track
618075,Construction of two lane with paved shoulder from existing Km.0.000 to Km.55.610 design km. 0.000 to km. 54.048 of NH-124D,618647,6L Access Controlled Ludhiana-Bathinda Greenfield highway from Jn. with Amritsar- Bathanda Greenfield Road NH-754A near Rampura Phul to Jn. with Moga-Barnala Road NH-703 near village Tallewal from Km 0.0 to Km 30.3 of NH-754AD Pkg-1,National Highways Authority of India [NHAI],12.6,10.0,Significant overrun/delay
618081,Construction of Mariahu Bypass with four lane paved shoulder configuration Km. 53.540 to Km.59.200 of NH-135A on EPC mode in the state of Uttar Pradesh,618027,Widening to 2LPS from Km 71.00 to 104.00 Existing chainages Sarjapur to Pattadkallu on Bhanapur to Gaddanakeri section NH-367 in the State of Karnataka under NHO on EPC mode under Annual Plan 2022-23 NH-367-KNT-2022-23-972 dated 08.02.2023,MoRTH,0.0,0.0,Recovered / on track
618082,Widening & Upgradation to four lane configuration from Km.34.900 Bhadohi to km.73.134 Jaunpur of NH-135A on EPC mode,618447,Construction of 2-Laning with Paved Shoulder of New Greenfield Alignment From Helipad near Menla at Km 82000 to Menla at Km 94030 of Rhenock-Menla Spur NH- 717B Package-IIIB on EPC Basis under SARDP-NE Phase 'A' in the State of Sikkim.,NHIDCL,-7.6,26.9,Significant overrun/delay
618110,Improvement and upgradation to two lane with Paved Shoulder configuration from existing km 55.00 to km 90.00 Design length 34.76 of NH-227A near Chhapia Village to near Sikriganj in the State of UP on EPC Mode.,619138,Yekkambi-Haveri,National Highways Authority of India [NHAI],0.0,39.0,Significant overrun/delay
618111,Improvement and upgradation to two lane with paved shoulder configuration from existing km 90.00 to 130.00 Design length 39.15 of NH-227A near Sikriganj to Barhalganj in the State of UP on EPC Mode.,618204,Construction of realignment between Pandrass- Pashkyun Total length 27.10 km on road Zozila-Kargil -Leh NH-1 to 2 lane specifications i.e. Drass alignment 9.30 km Kharboo realignment 6.30 km & Kargil alignment 11.50 km under project Vijayak BRO in the UT of Ladakh on EPC Mode,MoRTH,0.0,13.0,Significant overrun/delay
618112,"Improvement and up-gradation of NH-227B 84 Kosi Parikrama Marg Package I, from km 228.920 Jagarnathpur to Km 235.960/0.000 MakhaudaDham to Km 29.000 Sarpur in the State of Uttar Pradesh on EPC basis",618879,Rehabilitation and Upgradation to 2L PS configuration & Strengthening of Padhar to Bijni section from Km 180.000 to Km 202.815 of NH-154 Pkg-VA,National Highways Authority of India [NHAI],0.0,0.0,Recovered / on track
618113,"Improvement and up-gradation of NH-227B 84 Kosi Parikrama Marg Package III, from Km.47.800 Gosaiganj to Km.73.300 Bikapur in the State of Uttar Pradesh on EPC basis.",618371,"Widening/Improvement to 4-Lane with Paved Shoulder configuration of existing single lane road from Srirampur near Bhairiguri Village to Kachukhana Harichara Paglagaunj Package-I of Srirampur - Dhubri Section of NH-127B from existing Km 0.000 to Km 28.050 Design Km 0.000 to Km 27.650, Design Length27.650 Km under JICA ODA Loan assistance Phase-V -Balance work",NHIDCL,0.0,0.0,Recovered / on track
618114,"Improvement and up-gradation of NH-227B 84 Kosi Parikrama Marg PackageV, from Design Km.140.960 Patranga to Km.160.200 Bahuvan Madar Majha on EPC mode in the State of Uttar Pradesh",618930,4L PS from Ch. 94.030 in Jabugam Village to Ch. 132.320 in Dhamasiya Village of NH-56 Pkg-III,National Highways Authority of India [NHAI],-24.4,0.0,Recovered / on track
618116,lmprovement and Up-gradation from Km. 73.300 Bikapur to Km.140.960 Patranga of NH-227B 84 Kosi Parikrama Marg to 2LPS along with Parikrama Path,618633,4L of Kadapa China Orampadu section of NH-716 Package I of Kadapa-Renigunta section,National Highways Authority of India [NHAI],0.0,0.0,Recovered / on track
618124,Rehabilitation and upgradation from km 51.600 to km 75.700 of NH-321G Nuhkhas to Etah section to two lane with paved shoulder configuration under EPC mode in the State of Uttar Pradesh,617915,Upgradation of Dindori-Sagartola-kabichabutra MP-CG border section of NH -45 from km 000Design to km 77.00 Design to Two lane with paved shoulder configration along with one time improvement in 04 nos. of bypaased built-up areas in a total length of 9.1 km in the state of Madhya Pradesh on EPC mode.,MoRTH,-3.1,8.0,Significant overrun/delay
618162,"Improvement and up-gradation to 2LPS of NH-227B 84-Kosi Parikrama Marg PackageVI, Design Km 160200 Bahuvan Madar Majha to Km 224040 Jagarnathpur under HAM",618725,6L Greenfield Varanasi-Ranchi-Kolkata Highway from Pachmon village to Anarbansalea village From KM. 116000 to KM. 151200 Package-6,National Highways Authority of India [NHAI],0.2,0.0,Recovered / on track
618163,"Rehabilitation and Up-gradation from km. 0000 to km.40390 of NH-730S MaharajganjNichloulThuthibari to two lane with paved shoulders in the State of U.P. on Engineering, Procurement & Construction EPC Basis.",618626,Four laning from Dive Ghat Km. 220.900 to Hadapsar Km. 234.150 of Mohol Alandi section Pkg VI of NH-965,National Highways Authority of India [NHAI],-51.2,6.0,Significant overrun/delay
618164,Construction of four lane highway with paved shoulder from Km.74.700 to Km.112.950 of NH-731A i/c Yamuna Bridge on HAM in the state of Uttar Pradesh.,618786,4L of Phagwara - Hoshiarpur,National Highways Authority of India [NHAI],25.7,4.0,Significant overrun/delay
618165,Construction of 4-lane highway with paved shoulders from Km 49.155 to Km 74.700 of NH-731A on Hybrid Annuity Mode in the state of Uttar Pradesh,618164,Construction of four lane highway with paved shoulder from Km.74.700 to Km.112.950 of NH-731A i/c Yamuna Bridge on HAM in the state of Uttar Pradesh.,MoRTH,1.4,0.0,Recovered / on track
618166,Construction of 4-lane green field highway from Km. 35.000 to Km. 49.155 of NH- 731A with paved shoulders on Hybrid Annuity Mode in the state of Uttar Pradesh,618878,Rehabilitation and Upgradation to 4L configuration & Strengthening of Sihuni to Rajol from Km 51.000 to Km 72.000 of NH-154 Package-IIA,National Highways Authority of India [NHAI],11.5,9.0,Significant overrun/delay
618167,Rehabilitation & Upgradation of NH-731A from Km.0.00 to Km.35.00 to 2-lane with paved shoulder under EPC mode,618428,Realignment of NH-717A from Design Ch.0.00 Km 77.800 of NH-10 to Design Ch.2.00 Km 3.100 of NH-717A with two lane paved shoulder including Major Bridge of 680 m in the State of Sikkim on EPC Mode-COS work,NHIDCL,43.8,37.0,Significant overrun/delay
618168,Widening to four lane with paved shoulder from Design Km.49.200 to Km.89.285 of NH-731B on EPC mode in the state of Uttar Pradesh,618941,4L of Bamni - Rajura - Warur - Devada upto M.S. Border of NH - 930D from km 19.000 to km 51.985,National Highways Authority of India [NHAI],22.6,9.0,Significant overrun/delay
618169,Construction of Two Lane with paved shoulder highway from Design Ch.0.000 to Ch.49.2OO of NH-731B on EPC Mode,618105,Widening and strengthening to 4 lane / 2-lane with paved shoulders of Mahabubnagar - Chincholi section from km 60/255 to Km 102/834 of NH-167N in the State of Telangana on EPC mode.,MoRTH,0.0,13.0,Significant overrun/delay
618187,"Rehabilitation and upgradation of Salon - Jais - Jagdishpur Road section of NH-931A, from design Chainage km 0.000 to km 5.740 to four lane divided carriageway and from design Chainage km 5.740 to km 53.500 to two lane with paved Total length km 53.500 along with One time improvement in 04 no's of realigned/bypassed built-up areas in a total length of 9.732 km in the state of Uttar Pradesh on EPC mode",618870,4L PS from near Hemmige Village Periyapatna - Hassan Road Jn. to near Hunsur - KR Nagar Jn section from Km. 144.900 to Km. 169.000 of NH-275 Pkg. III,National Highways Authority of India [NHAI],95.4,3.0,Significant overrun/delay
618229,Rehabilitation and upgradation to 2-lane with paved sholuders configuration of Near Karri village-Etawah section Km30.000 to Km 57.346 Pakage-II of NH-92 in state of Uttar Pradesh undergreen national Highway Corridor ProjectGNHCP with the loan assistance of world Bank on EPC mode.,618240,Rehabilitation and upgradation to 2-lane with paved sholuders configuration of Bewar- naer Karri village section Km0.00 to Km30.00 Pakage-I of NH-92 in state of Uttar Pradesh undergreen national Highway Corridor Project GNHCP with the loan assistance of world Bank on EPC mode.,MoRTH,0.0,27.0,Significant overrun/delay
618233,Construction of 6-lane bridge on Ganga on NH-96 and its approaches in Phaphamau Allahabad on EPC mode,618845,Puducherry Km.29.000 to Poondiyankuppam Km.67.000,National Highways Authority of India [NHAI],-10.9,31.0,Significant overrun/delay
618240,Rehabilitation and upgradation to 2-lane with paved sholuders configuration of Bewar- naer Karri village section Km0.00 to Km30.00 Pakage-I of NH-92 in state of Uttar Pradesh undergreen national Highway Corridor Project GNHCP with the loan assistance of world Bank on EPC mode.,618229,Rehabilitation and upgradation to 2-lane with paved sholuders configuration of Near Karri village-Etawah section Km30.000 to Km 57.346 Pakage-II of NH-92 in state of Uttar Pradesh undergreen national Highway Corridor ProjectGNHCP with the loan assistance of world Bank on EPC mode.,MoRTH,-2.1,12.0,Significant overrun/delay
618243,Construction of Basti Ring Road Phase-I with 4L configuration for Basti City in the state of Uttar Pradesh on HAM mode,618786,4L of Phagwara - Hoshiarpur,National Highways Authority of India [NHAI],25.7,4.0,Significant overrun/delay
618244,Construction of Raebareli Ring Road Phase-2 with four Lane configuration for Raebareli City in the state of Uttar Pradesh on Hybrid Annuity Model HAM basis,618260,"Construction of Salempur bypass to 4LPS from km 64.000 of NH-727A Km 171.00 of Sonauli Balia Marg, old SH-01, near Mahadahan Chauraha to km 61.500 of NH-727B Km 178.500 of Sonauli Balia Marg, old SH-01, near near Ahirauli Village under Hybrid Annuity Mode HAM in the State of Uttar Pradesh",MoRTH,0.0,0.0,Recovered / on track
618247,Construction of 4 lane Mirzapur bypass including bridge over river Ganga from km 0.000 to km 15.000 of NH 135A in the State of Uttar Pradesh on HAM Mode.,618401,"Construction of Intermediate Lane with Hard Shoulder of Hunli to Hayuliang Package- III from design Km 60.000 to Km 121.500 Design Length 61.500 km, Greenfield Section of Frontier Highway NH-913 in the State of Arunachal Pradesh on EPC Mode Pkg-3",NHIDCL,0.0,0.0,Recovered / on track
618248,Widening to 4 lane from km. 139.00 to km 179.20 of NH-135A Pkg-III Jaunpur Akbarpur section and Akbarpur bypass on Hybrid Annuity Mode in the state of Uttar Pradesh.,618727,6L Greenfield Varanasi-Ranchi-Kolkata Highway from junction with Bhabhua-Adhaura road in Bhairopur village to Konki village From KM. 54.000 to KM. 90.000Pkg-3,National Highways Authority of India [NHAI],8.5,0.0,Significant overrun/delay
618249,Widening to 4 lane from km. 108.50 to km 139.00 of NH-135A Pkg-II Jaunpur Akbarpur section on Hybrid Annuity Mode in the state of Uttar Pradesh,618790,Construction of four laning of Bakarpur- Manikpur road section starting from village Chitarsenpur km 0000 and terminating at SH-74 near Manikpur 38814 at NH-139W under Bharatmalapariyona,National Highways Authority of India [NHAI],8.1,5.0,Significant overrun/delay
618252,"Improvement and Up-gradation to two Lane with Paved Shoulder/Four Lane configuration from existing Km 130.000 to Km 191.000 design km 131.500 to Km 188.735, Design length 57.235 Km of NH-227A near Barhalganj to Mehrauna Ghat in the state of Uttar Pradesh on Hybrid Annuity Model HAM basis",618120,construction of Four-Lane of chausa-Buxar Bypass from Km 45.000 to Km 65.915 Package - 2 in the State of Bihar on EPC Mode.,MoRTH,0.0,0.0,Recovered / on track
618260,"Construction of Salempur bypass to 4LPS from km 64.000 of NH-727A Km 171.00 of Sonauli Balia Marg, old SH-01, near Mahadahan Chauraha to km 61.500 of NH-727B Km 178.500 of Sonauli Balia Marg, old SH-01, near near Ahirauli Village under Hybrid Annuity Mode HAM in the State of Uttar Pradesh",618244,Construction of Raebareli Ring Road Phase-2 with four Lane configuration for Raebareli City in the state of Uttar Pradesh on Hybrid Annuity Model HAM basis,MoRTH,0.0,0.0,Recovered / on track
618262,Construction of Deoria Bypass from existing Km. 27.140 to existing Km. 46.780 Design Km. 49.109 on NH727A Design length 21.969 Km. to four lane with paved shoulder configuration under Hybrid Annuity Mode HAM in the State of Uttar Pradesh,618724,6L Greenfield Varanasi-Ranchi-Kolkata Highway from Anarbansalea village to Sagrampur village From KM. 151200 to KM. 184700Package-7,National Highways Authority of India [NHAI],0.2,0.0,Recovered / on track
618263,"Rehabilitation and Up-gradation to 2LPS from Km. 0.000 to Km. 7.800 and Km. 35.400 to Km. 52.345 Design length 24.745 Km., except Bihar portion of NH-727B Tamkuhiraj to Bihar Border and Bihar Border to Majhauli on EPC mode in the State of Uttar Pradesh",619293,Construction of 4 Lane Access Controlled Bypass for Dehradun on NH307 from Design Chainage km 0050 Jhajra on NH-07 to Design Chainage km 12220 Asharori on EPC Mode in the State of Uttarakhand under NHO,NHAI,-52.9,0.0,Recovered / on track
618264,"Widening and Strengthening to two Lane with Paved Shoulder/Four Lane with paved shoulder configuration from km. 61.500 of NH-727B near Nawalpur km 178.500 of Sonauli Balia Marg, Old SH-01 i.e. end point of Salempur Bypass to km. 106.495 of NH-727B near Sikanderpur under EPC mode",618162,"Improvement and up-gradation to 2LPS of NH-227B 84-Kosi Parikrama Marg PackageVI, Design Km 160200 Bahuvan Madar Majha to Km 224040 Jagarnathpur under HAM",MoRTH,0.0,0.0,Recovered / on track
618265,Rehabilitation and upgradation to 2-lane with paved sholuders configuration of Miranpur Katra to radhaita section of NH-730CKm.114.000 to Km 137.250pakage-III in state of Uttar Pradesh undergreen national Highway Corridor ProjectGNHCP with the loan assistance of world Bank on EPC mode.,618291,"Construction of 2-lane with Paved shoulder of Kohima-Bypass Road connecting NH- 39 New NH-02, NH150New NH-02, NH7-61 New NH-29 and NH-39 New NH-02 from Design km 21.000 to km 32.268 [Design length11.268 km] in the state of Nagaland Under SARDP-NE on EPC Mode Package- 3",NHIDCL,114.1,18.0,Significant overrun/delay
618266,Rehabilitation and upgradation to 2-lane with paved sholuders configuration of Bewar- Allahaganj- section of NH-730C Km.0.000 to Km 52.770 pakage-I in state of Uttar Pradesh undergreen national Highway Corridor Project GNHCP with the loan assistance of world Bank on EPC mode.,618230,Rehabilitation and Upgradation to 2-lane configuration of Kalwahn-Mandi Section km 208.950 to 250.592 of NH-70 in the State of Himachal Pradesh under Green National Highways Corridor Project GNHCP with the loan assistance of World Bank on EPC mode.Package-3,MoRTH,0.0,20.0,Significant overrun/delay
618498,6L Greenfield Kanpur - Lucknow Expressway Pkg II from km. 28.500 to km. 73.744,618798,4L of Sonauli - Gorakhpur,National Highways Authority of India [NHAI],-11.0,15.0,Significant overrun/delay
618499,6L Elevated Kanpur - Lucknow Exeressway Pkg-1 from Km. 10980 to Km. 28500,618771,6L of Varadharajula to Kumarajapet from km 0.000 to km 43.800 of NH-716B Pkg-I,National Highways Authority of India [NHAI],-1.9,16.0,Significant overrun/delay
618500,Construction of 4L Connector from Delhi Meerut Expressway Km 50.000 of Pkg IV to Km 8.520 of NH-235 Pkg-5,618937,4L of Nagpur-Katol Section from Km. 13.00 to Km. 62.900 of NH-353J,National Highways Authority of India [NHAI],22.8,36.0,Significant overrun/delay
618529,Varanasi Ring Road Pkg-II connecting Sandaha Village km 11.70 / NH-29 with Revasa Village km 818.80 / NH-2,619078,Six Laning of Bihar - Jharkhand Border Chordaha - Gorhar section of NH-2 from km 249.525 to km 320.810,National Highways Authority of India [NHAI],-4.7,61.0,Significant overrun/delay
618536,Construction of Ring Road around Kanpur from Ch.68.650 to Ch.93.209 Jarkala to Pakari Package-IV in State of Uttar Pradesh.,618724,6L Greenfield Varanasi-Ranchi-Kolkata Highway from Anarbansalea village to Sagrampur village From KM. 151200 to KM. 184700Package-7,National Highways Authority of India [NHAI],0.2,0.0,Recovered / on track
618537,Construction of Ring Road around Kanpur from Km.000 to Km. 23.325 Chachendi Sachendi I to Maharajpur Package-I,618314,4-Laning of Dhanehari Lailapur / Vairengte section from Existing Chainage km 12920 to km 43000 of NH 306 Design Chainage km 20000 to km 49360 on Silchar - Vairengte Sairang road in the State of Assam under Bharatmala Pariyojna on EPC mode. Project Length 29.360 km under NHO-NE Package-2,NHIDCL,0.0,0.0,Recovered / on track
618538,Construction of Ring Road around kanpur from Ch.51.200 to Ch. 68.650 Badarka to Harbanch-Uchti Pkg-III,618574,Balance Works of 4L of NH-31D from Km. 113.200 to Km. 154.854 Package-II A Ghoshpukur-Salsalabari Section,National Highways Authority of India [NHAI],-47.1,0.0,Recovered / on track
618539,Construction of Ring Road Kanpur from Ch. 32.090 to Ch.51.200 Transganaga to Sathara Package-II B,618540,Construction of Ring Road around Kanpur from Ch.23.325 to Ch.32.090 Chaudhariya to Transganga Package-IIA,National Highways Authority of India [NHAI],-10.3,6.0,Significant overrun/delay
618540,Construction of Ring Road around Kanpur from Ch.23.325 to Ch.32.090 Chaudhariya to Transganga Package-IIA,618539,Construction of Ring Road Kanpur from Ch. 32.090 to Ch.51.200 Transganaga to Sathara Package-II B,National Highways Authority of India [NHAI],1.6,0.0,Recovered / on track
618553,6L of Agra Bypass Northern connecting Km. 174.500 of NH-2 new NH-19 to Km. 141.000 of Yamuna Expressways,618788,4L Greenfield Jalbhera Shahbad section from km. 0.000 to km. 22.850 of NH-152G,National Highways Authority of India [NHAI],26.6,12.0,Significant overrun/delay
618554,Construction of left out portion of Agra Inner Ring Road connecting village Deori to NH-44 village Bad from Km. 0.000 to Km. 7.772,618550,Corridor Efficiency Improvement including removal of black spots in Lakhanpur - Samba section of NH-44 from Chainage Km. 16.300 to Km. 74.100,National Highways Authority of India [NHAI],-74.8,27.0,Significant overrun/delay
618565,Strengthening of existing 4L Ayodhya Bypass Section from design Km. 121 600 to Km. 144020 of NH 28 New NH 27Pkg-3,618917,4L Greenfield starting from NH-30 near Saristabad Patna to Nathupur Project end point of Patna-Gaya-Dobhi Section of NH-83,National Highways Authority of India [NHAI],-14.0,10.0,Significant overrun/delay
618566,4L Green Field Northern East side Gorakhpur Bypass 26.616 Kms starting from NH- 29E Chainage 83.308 and end at NH-28 Chainage 285.100,618923,4L Behsuma at Km 39.250 Ex. Km 39240 To Bijnor at Km 78.810 Ex. Km 86590 Design Length 39.560 Km of NH-119 Pkg-II,National Highways Authority of India [NHAI],18.3,0.0,Significant overrun/delay
618567,4/6L of Northern Ayodhya Bypass starting Km. 112.540 and ending Km. 139.928 north of existing NH-27 part-1 and part-2 south of NH-27 from km 0.000 to km 5.000.,618568,4/6L Southern Ayodhya Bypass from Km 5.000 to Km 37.172 starting near Km. 112.540 and ending at Km. 153.281 of NH-27,NHAI,-22.0,0.0,Recovered / on track
618568,4/6L Southern Ayodhya Bypass from Km 5.000 to Km 37.172 starting near Km. 112.540 and ending at Km. 153.281 of NH-27,618567,4/6L of Northern Ayodhya Bypass starting Km. 112.540 and ending Km. 139.928 north of existing NH-27 part-1 and part-2 south of NH-27 from km 0.000 to km 5.000.,NHAI,-19.9,0.0,Recovered / on track
618669,4 -Laning of MP/UP Border to Kabarai section of NH-34&35 from km 197.000 to km 242.991 Length 45.991 Km Sagar-Kabrai Package-5 under Bharat Mala Pariyojana EC in MP & UP on HAM,618921,4L of Kathlighat to Shakral Village from Km 128.835 to Km 146.300 of NH- 5 Shimla Bypass - Pkg I,National Highways Authority of India [NHAI],55.5,20.0,Significant overrun/delay
618690,"4 lanning of Aligarh Palwal section from km 0.00 to km 46.39 package -1 from khereshwar junction-kurana of NH33D , including khair & jattari bypass in the state of UP on HAM mode",618950,Construction of Bypass to NH-114A Connecting NH-333 and NH-133 Deoghar Bypass from design km 0.000 to design Km 49.000,National Highways Authority of India [NHAI],0.0,0.0,Recovered / on track
618692,Aligarh-Kanpur Pkg I [Aligarh-Bhadwas],618390,"Construction, Operation & Maintenance of 2-L Bi-directional Silkyara Bend- Barkot Tunnel with escape passage including approaches Tunnel-4.531 & Approach road- 0.328 on Dharasu-Yamunotri section b/w Chainage 25.400km and 51.00km falling along NH-134 Old NH-94 on EPC mode",NHIDCL,0.0,56.0,Significant overrun/delay
618710,DL/UP Border - EPE Crossing Pkg-02,618509,Development of 6L UER II [Package - I] NH-1 Near Bakoli till Karala Kanjhawala Road from km. 0.70 to km.15.00,National Highways Authority of India [NHAI],5.4,31.0,Significant overrun/delay
618722,6L access Controlled Greenfield Highway from Gogwan Jalalpur Shamli to Ranipur Barsi Saharanpur of Shamli -Ambala section Package-I Design Ch. Form km 00.600 to km 45.500,618741,4L Greenfield Alignment from Kalyanapur to Tal Dashraha of NH-119D Pkg-III,NHAI,6.0,27.9,Significant overrun/delay
618761,4L Spur of Meerut-Garh-Mukteshwar section connecting NH-119 and NH-58 bypassing Meerut Town of NH 709 A,618622,4L of Indore - Boregaon Pkg-III [Balwara to Dhangaon] from km. 42.260 to km. 82.660 of NH347BG & 753L,National Highways Authority of India [NHAI],-11.3,27.0,Significant overrun/delay
618768,Four laning of Agra-Aligarh Section from Km. 0.000 Junction of NH-34 Aligarh Km 144.60 to Km. 28.000 near Asroi village in Hathras of NH-509 Package-I,618312,Widening/lmprovement to 4-Lane with Paved Shoulder from existing road and Greenfield alignment form Design Ch. 62.800 start of proposed Nilambazar/Cheragi Bypass to Design Ch. 87.700 near Chandkhira Village of NH-8 on Silchar-Churaibari in the state of Assam on HAM Mode Package-5,NHIDCL,0.0,0.0,Recovered / on track
618770,4L Spur of Panipat - Shamli connecting NH-709AD Panipat Shamli Muzaffarnagar and NH-709A Karnal Meerut bypassing Shamli district UP,618334,Widening to 2 Lane with Paved shoulder of lmphal to Jiribam section of NH-37 from Design Ch. from km 131.280 to km 169.570 on EPC mode in Manipur under NHO- TSP PKG-6,NHIDCL,0.0,14.9,Significant overrun/delay
618782,4L of Bareilly-Pilibhit-Sitarganj from Km. 0.000 to Km. 32.500 of NH-30 Pkg-1,618793,4L of Fazilka to Abohar section of NH-07 including construction of Greenfield Abohar & Fazilka Bypasses,National Highways Authority of India [NHAI],18.7,15.0,Significant overrun/delay
618798,4L of Sonauli - Gorakhpur,618498,6L Greenfield Kanpur - Lucknow Expressway Pkg II from km. 28.500 to km. 73.744,National Highways Authority of India [NHAI],0.7,11.0,Significant overrun/delay
618843,Construction of two lane with paved shoulders bypass to Mungrabadshapur town starting from near Kodahu at Km 47/225 of NH-319D and ending near Nauwadandi at Km 219/720 of NH-31 under NHO in the state of Uttar Pradesh on EPC mode,618939,Construction of Standalone Flyover cum ROB from Design Ch.66.600 to Design Ch.68.800 in Gadchandur Town on NH-353B,National Highways Authority of India [NHAI],-43.7,0.0,Recovered / on track
618848,Construction of Underpass beneath airport runway on NH-31 old NH-56 for proposed expansion of runway of Babatpur Airport Varanasi,618671,4-lanning of Rahatgarh to Berkhedi section of NH-146 from Design Ch 124470 to Ch. 134.549,National Highways Authority of India [NHAI],-44.6,0.0,Recovered / on track
618854,2L PS of Raebareli - Jagdishpur with 4L Jagdishpur Bypass Spur,618838,4L of Karwar Km. 281.980 of NH-62 Nagaur road to Dangiyavas of Jodhpur Ring Road Pkg-II,National Highways Authority of India [NHAI],-30.4,21.0,Significant overrun/delay
618855,"Improvement and Up-Gradation of Existing Road to 2/4L PS from Km 40.000 to 88.750, start of Khutar bypass to start of Shahjahanpur bypass of NH 731Pkg-I",618197,Widening to 2 lane with Paved Shoulders of Medak - Siddipet section from Km 0/0 to km 69/978 of NH-765DG in the State of Telangana under Annual plan 2021-22 on EPC mode,MoRTH,0.0,17.0,Significant overrun/delay
618856,"Improvement and Up-Gradation of Existing Road to 4L PS from Km 123.650 to 175.080, from Start of Shahabad Bypass to End of Hardoi bypass of NH 731 Pkg-2B",618888,Rehabilitation and Up-gradation of existing road to 2L PS from End of Hamirpur Bypass near Chilbahal to Bhangbar section from Km. 138.295 to Km.175.270 of NH- 88 Pkg-IV,National Highways Authority of India [NHAI],18.5,14.0,Significant overrun/delay
618858,"Improvement and Up-Gradation of Existing Road to 4L PS from Km 88.750 to 123.650, from Start of Shahjahanpur Bypass to start of Shahabad bypass of NH 731Pkg.-2A",618684,Outer Ring Road of Jabalpur Town from Manegaon to NH-45 Pkg-2,National Highways Authority of India [NHAI],-14.3,7.0,Significant overrun/delay
618859,"Improvement and Up-Gradation of Existing Road to 4L PS from Km 229.070 to 260.800, End of Hardoi District to Lucknow Ring road of NH 731 Pkg-4",618545,"4L of Km.165.092 to Km.171.855 North Bound and from Km.166.895 to Km.173.638 South Bound, excl. certain reaches of North Bound and South Bound of Ramban to Banihal Pkg-III of Old NH-1A New NH-44",National Highways Authority of India [NHAI],-27.6,34.0,Significant overrun/delay
618864,4L from Mathura Bypass Start at Existing Km. 154.20 of NH-44 to Gaju Village at Km 32.982 of NH-530B Pkg-IB,618589,Durg-Raipur Bypass Section Package - 1 from km. 0.00 to km. 44.50 near Tendesara to near Khatti Village,National Highways Authority of India [NHAI],-9.4,10.0,Significant overrun/delay
618865,4L from Gaju Village at Km. 32.982 to Devinagar Bypass End at Km. 208.000 of NH- 530B Pkg-1C.,618583,4L of Bahadurganj Araria section from Km 49.000 to Km 94.000 Package-II of NH- 327E,National Highways Authority of India [NHAI],0.0,4.0,Significant overrun/delay
618866,"Four Lane Highway from Chandan Nagar Existing Km. 59.025 of NH 530B/Design Km. 179.5000 to Bareilly BypassStartExisting Km. 59.025 of NH 530B/Design Km. 218.000 Section of NH 530B, in the State of Uttar Pradesh on HAM Mode under NH0",618567,4/6L of Northern Ayodhya Bypass starting Km. 112.540 and ending Km. 139.928 north of existing NH-27 part-1 and part-2 south of NH-27 from km 0.000 to km 5.000.,NHAI,-19.9,0.0,Recovered / on track
618867,4L Kasganj-Badaun Section from Km. 123.100 to Km. 179.500 Pkg-III of NH530B,618417,"Construction of 4-Lane with paved shoulder Agartala bypass Western side, length 25.402 km connecting NH-8 near Amtali to NH-108B near Lembuchhera in the state of Tripura on EPC basis under NHO-NE",NHIDCL,0.0,0.0,Recovered / on track
618868,4L from Devinagar Bypass End Existing Km. 208.000 of NH 530B/Design Km. 66.000 to Kasganj Bypass End Existing Km.150.100 of NH 530B/ Design Km. 123.100 of NH 530B,618923,4L Behsuma at Km 39.250 Ex. Km 39240 To Bijnor at Km 78.810 Ex. Km 86590 Design Length 39.560 Km of NH-119 Pkg-II,National Highways Authority of India [NHAI],18.3,0.0,Significant overrun/delay
618869,"Construction of 4/6 lane Highway of Southern Bareilly Bypass, starting at Ch. 237000 of NH 530 near Jhumka chauraha, Dhantiya village and ending at Ch. 267000 of NH 30 near Invertis University including Trumpet Interchange",618966,Six laning with both sides Service Road of Ayodhya Bypass from Design Km 0000 near Ashram Tiraha on NH-46 to Km 16439 end at Ratnagiri Tiraha on Nh-146,National Highways Authority of India [NHAI],-1.8,0.0,Recovered / on track
618883,Construction of Four Lane Highway form Ghazipur- Ballia-UP/Bihar State Border Greenfield section of NH-31 Package I [from Hridaipur km 0.000 to Shahapur km 42.500] on EPC Mode in the state of Uttar Pradesh.,619201,Karnal ring road Lot-4/Pkg-1,National Highways Authority of India [NHAI],17.2,14.0,Significant overrun/delay
618884,Construction of Four Lane Highway from Ghazipur- Ballia-UP/Bihar State Border Greenfield section of NH-31 Package II [from Shahapur km 42.500 to Pindari km 78.150] on EPC Mode in the state of Uttar Pradesh.,619216,6L access Controlled Greenfield Highway from Adhoya Musalmana to Sadopur section of Shamli -Ambala Package-III Design Ch. Form km 84.400 to km 121.786,National Highways Authority of India [NHAI],-24.7,19.0,Significant overrun/delay
618885,Construction of Four Lane Highway from Ghazipur- Ballia-UP/Bihar State Border Greenfield section of NH-31 Package IV [from Buxur Spur of length km 17.270 on EPC Mode in the state of Uttar Pradesh.,618074,Pre construction activity of NH 122B from km 0 to 72.348 and Improvement to two lane with paved shoulders of NH 122B from km 29.730 to km 72.348 in state of Bihar under EPC mode,MoRTH,0.0,19.0,Significant overrun/delay
618893,Varanasi Gorakhpur Section Packege IV from km. 149.540 to km. 215.160 Mau- Gorakhpur,619121,4L of Hubli - Hospet Section of NH-63 from Km 128.850 to Km 272.571,National Highways Authority of India [NHAI],42.9,74.0,Significant overrun/delay
618911,4L Greenfield Western Side spur of Rampur-Rudrapur Section from Km 0.000 to Km 13.700 connecting NH-24 to NH-87 bypassing rampur town,618327,Widening/Improvement to 4-Lane with Paved Shoulder from KM 113300 to Km 146230 Design Chainage 113830 to 145712 of Kwaram Taro Village - Dillai Section in Assam on EPC Package-6,NHIDCL,0.0,8.0,Significant overrun/delay
618923,4L Behsuma at Km 39.250 Ex. Km 39240 To Bijnor at Km 78.810 Ex. Km 86590 Design Length 39.560 Km of NH-119 Pkg-II,618868,4L from Devinagar Bypass End Existing Km. 208.000 of NH 530B/Design Km. 66.000 to Kasganj Bypass End Existing Km.150.100 of NH 530B/ Design Km. 123.100 of NH 530B,National Highways Authority of India [NHAI],-2.9,0.0,Recovered / on track
618924,2L PS of Najibabad Kotdwar section from 112.575 to Km. 138.635 of NH 119,618002,Widening of existing single lane to intermediate lane road from Mokokchung to Chare via Dikhu in the state of Nagaland on EPC mode,MoRTH,0.0,0.0,Recovered / on track
618925,Bijnor-Kotawali,618389,Construction of 2-laning with Hard shoulder road of Ukhrul - Tolloi - Tadubi section of NH-102A from Design Chainage 81.870 km to 105.825 km in the State of Manipur on EPC mode under NHO-TSP Package -4,NHIDCL,0.0,26.9,Significant overrun/delay
618927,4L of Moradabad-Thakurdwara-Kashipur Section from Km. 0.000 to Km. 38.77 of NH- 734 Pkg-II,618757,6L access controlled Highway from Km 40080 to Km 86513 Mator to Barodameo Section,National Highways Authority of India [NHAI],-22.1,2.0,Recovered / on track
618929,4L of Moradabad western side spur connecting NH-734 & NH-24 from Km. 0.000 to Km. 33.200 Pkg-I,618722,6L access Controlled Greenfield Highway from Gogwan Jalalpur Shamli to Ranipur Barsi Saharanpur of Shamli -Ambala section Package-I Design Ch. Form km 00.600 to km 45.500,National Highways Authority of India [NHAI],-32.3,14.0,Significant overrun/delay
618959,4L Prayagraj Greenfield By-pass from design Km 50860 near Nibi Kala Uperhar to design Km 64763 on NH-19 near Khodaypur Kasgaon including Interchange loop at NH-19,618354,Wideinig & Upgradation to 2-lanes with paved shoulders road from Tamenglong to Mahur NH-137 in the State of Assam starting from km 96.870 near Jiri River to km 116.550 near Hangrum Package-7 on EPC mode Package7,NHIDCL,0.0,3.0,Significant overrun/delay
618960,4 Lane Inner Ring Road around Allahabad City Pkg-2 Prayagraj Southern Bypass 43.200 - 50.860,618782,4L of Bareilly-Pilibhit-Sitarganj from Km. 0.000 to Km. 32.500 of NH-30 Pkg-1,National Highways Authority of India [NHAI],0.0,8.0,Significant overrun/delay
618961,4 Lane Inner Ring Road around Allahabad City Pkg-1 Prayagraj Southern Bypass 34.400 43.200,618948,4L of NH-80 section of Mirza Chauki to Farakka section from existing km 190.00 to design km 200.75 junction at km 3.100 of NH 133 B and from existing km 260.00 to existing km 283.00 design km 274.133 in the state of Jharkhand package - II,National Highways Authority of India [NHAI],0.0,0.0,Recovered / on track
618968,6L access control Greenfield highway of Vill-Khyawari to Vill-Latifpur at Saharanpur Bypass from Km. 82.000 to Km. 119.790 Pkg-4,618795,Amritsar Bypass Pkg III from km. 71.496 to km. 105.158,National Highways Authority of India [NHAI],-16.7,28.0,Significant overrun/delay
618970,6L access control Greenfield highway of Vill-Lohadda to Vill-Karaunda Mahajan from Km. 27.000 to Km. 56.500 Pkg-2,618693,Bodhre - Dhule,National Highways Authority of India [NHAI],-3.9,24.0,Significant overrun/delay
619162,4L of Najibabad Bypass from Km. 105.423 to Km. 118.373 excluding 2.45 Km. of NH- 74 Bypass of NH-119,618560,Improvement of Geometrics of Thondupally to Kothur from Km 22.300 to Km 34.14 of NH-44,National Highways Authority of India [NHAI],-2.6,0.0,Recovered / on track
619168,6L access controlled Greenfield highway of Junction of EPE Vill.-Mavikalan to Vill.- Lohadda from Km. 0.000 to Km. 27.000 Pkg-1,619200,Delhi-Amritsar-Katra Expressway Phase-I Spur-III from Junction with Amritsar- Jalandhar road NH-3 near Bhishambarpura to Junction with Amritsar-Anjala road NH- 354 near Amritsar Airport [Km 71000 to Km 99000 of Amritsar connectivity],National Highways Authority of India [NHAI],18.9,32.0,Significant overrun/delay
619308,6L access-controlled highway from Ganeshpur tonear Mohand of Ganeshpur Dehradun section from Km.0 to Km.8.3 of NH-72A Package-1,618861,Bakhtiyarpur-Rajauli Pkg-II from km. 54.405 to km.101.630,National Highways Authority of India [NHAI],55.7,34.0,Significant overrun/delay
617888,Landslide treatment work on NH 58 from Kodiyala Km. 266.130 to Devprayag Km. 296.925 10 location under EPC mode in the State of Uttarakhand on EPC Mode,618411,Melaghar-Srimantapur section on NH-08 Spur from Km 23 to Km 34.500 11.5 Km and overlay from Km 20.30 to Km 22.00 1.7 Km Total Length 13.2 Km,NHIDCL,0.0,19.0,Significant overrun/delay
617889,Treatment of landslide zone from location no. 01 to 28 km 62.860 to 152.750 on NH- 12509 in the State of Uttarakhand under EPC mode in NHO Annual Plan 2022-23,618620,"Additional works 2VUPs, MR-10 junction flyover and underpass in Six lane Indore- Dewas section of NH-52 in the state of Madhya Pradesh on EPC Mode",National Highways Authority of India [NHAI],1.7,29.0,Significant overrun/delay
617890,Construction of Champawat Bypass with two lane with paved shoulder configuration starting from existing chainage 121.700 to existing chainage 129.450 Design Length 9.847 of NH-125 in District-Champawat in the state of Uttrakhand on EPC mode.,618886,Road Safety Improvement of Critical Junctions on MuzaffarnagarHaridwar Section of NH-334 from Km 143000 to Km 196000,National Highways Authority of India [NHAI],-100.0,0.0,Recovered / on track
617929,Construction of 2 lane with paved shoulder of Kund Bypass from Design Km 35.130 to Km 47.700 existing Km 33.130 to Km 41.260 of NH-109 in the State of Uttarakhand,618125,Rehabilitation and upgradation of NH 326A from km 0/0 to 41/979 excluding km 2/255 to 3/372 and km 36/820 to 38/275 Odisha border to Narasamapeta to two lane with paved Shoulders in the State of Andhra Pradesh under NHO on EPC Mode,MoRTH,0.0,67.0,Significant overrun/delay
617967,Construction of Rudraprayag tunnel of length 900.30 MTR including approaches and one major bridge on river Alaknanda connecting NH-107/old-109 to NH-07old-58 on EPC mode in the state of Uttarakhand.,618414,Construction of Balance work for 2-lane with hard shoulder of Peren- Dimapur section on NH-129A from Design Km 126.775 to Km 146.208 Length 19.433 Km in the state of Nagaland on EPC mode under NHO-TSP Package-II,NHIDCL,0.0,0.0,Recovered / on track
617968,Construction & Widening Including Augustmuni Bypass Ch-16.545 to Ch - 19.890 to 2L/PS from Km 16.545-Km 33.130 & 45.980 -57.975 Augustmuni to Kund & Guptkashi to Sitapur on NH 109 in UK,618097,Guhagar - Rampur - 2L-PS - km 0/00 Guhagar to 26/230 Rampur and 40/00 Mirjoli to 53/600 Sati on NH-166E,MoRTH,0.0,74.0,Significant overrun/delay
617970,Reconstruction of existing 2 L/IL to 2L with paved shoulder from existing km 52.200 to 92.880 of NH-,617991,"Rehabilitation and up-gradation of NH-167 from Km 14/900 to Km70/000 Design Ch. 14/900 to 69/700 Chintakunta to Adoni section to two lane with paved shoulders in the State of Andhra Pradesh under Corridor Approach through Engineering, Procurement",MoRTH,0.0,89.0,Significant overrun/delay
617974,Rehabilitation and upgradation of 2 lane with paved shoulder from existing km. 195.175 to km. 220.000 Design Chainage km71.300 to Km. 95.947 Excluding existing chainage Km 200.300 to Km 202.400 Design chainage Km 76.400 to Km 78.400 on Dharasu to Yamunotri Road of NH- 134 Old NH-94,618176,Rehabilitation and upgradation from ch km 50/200 to 56/800 and km 62/600 to 100/403 of Kolde to Visarwadi Near Junction with NH-6 section of NH 752G total length 44.40 to two-lane with paved shoulder / four lanes in the State of Maharashtra on EPC mode.,MoRTH,0.0,0.0,Recovered / on track
617975,Rehabilitation and upgradation to 2 lane with paved shoulder configuration from km 122.00 Dharasu Bend to km 147.230 Silkyara Bend of NH-94 in the state of Uttarakhand,618142,Widening to Two lane with Paved shoulders from km.40/410 to 84/037 of Thirumanlagiri-- Suryapet Section of NH-365B earstwhile section of SH-16,MoRTH,0.0,4.0,Significant overrun/delay
618039,Widening to 2 Lane from Existing Chainage Km 74.700 Km 100.660 Design Chainage Km 53.365 to Km 78.785 on NH- 507 in the State of Uttarakhand.,617941,4-Laning from End of Zuari approaches to Start of Margao Bypass section of NH-66 from Km 536.800 to Km 543.450,MoRTH,0.0,0.0,Recovered / on track
618040,Rehabilitation and Upgradation to Two lanes with Paved Shoulders configuration and Strengthening from Km 175.00 to Km 196.00 Gumkhal to Satpuli of NH-119 New NH- 534 in the State of Uttarakhand under NHO Annual Plan 2021-22 under EPC mode,618119,Rehabilitation and up-gradation to 2-lane configuration of Bageshwar to Kangarchina road from km 129.600 to Km 161.600 Existing Chainage 136.00 to Km 169.00 of NH- 309Ain the State of Uttarakhand Package-IV under NHO Annual Plan 2021-22,MoRTH,0.0,0.0,Recovered / on track
618041,Rehabilitation and upgrading to two lanes with paved shoulders and Strengthening of Kotdwar-Pauri-Srinagar road section from Km 232.00 to 274.470 on NH-119 New 534 Paidul to Srinagar in the State of Uttarakhand on EPC Mode under NHO Annual Plan 2021-22.,617963,Rehabilitation and upgradation to four lane road from km 70.500 to km 78.600 of NH- 92 under EPC mode in the State of Uttar Pradesh,MoRTH,18.8,5.9,Significant overrun/delay
618119,Rehabilitation and up-gradation to 2-lane configuration of Bageshwar to Kangarchina road from km 129.600 to Km 161.600 Existing Chainage 136.00 to Km 169.00 of NH- 309Ain the State of Uttarakhand Package-IV under NHO Annual Plan 2021-22,618040,Rehabilitation and Upgradation to Two lanes with Paved Shoulders configuration and Strengthening from Km 175.00 to Km 196.00 Gumkhal to Satpuli of NH-119 New NH- 534 in the State of Uttarakhand under NHO Annual Plan 2021-22 under EPC mode,MoRTH,0.0,0.0,Recovered / on track
618207,Widening to 2-lane with Hard Shoulder configuration of Mana Ch. 0.00 to Mana Pass Ch. 50.987 road on NH-07 under Bharatmala Pariyojna in the state of Uttarakhand under Annual Plan 2022-23 length 50.987,618113,"Improvement and up-gradation of NH-227B 84 Kosi Parikrama Marg Package III, from Km.47.800 Gosaiganj to Km.73.300 Bikapur in the State of Uttar Pradesh on EPC basis.",MoRTH,0.0,0.0,Recovered / on track
618208,Construction and upgradation of existing road to 2-lane with paved shoulder from existing chainage Km 509.725 to Km 528.000 design chainage Km 490.550 to Km 507.850 of NH-58 new NH-07 Benakuli bend to Mana Village in EPC mode under Chardham Programme in the State of Uttarakhand.,617989,Construction of Major Bridge at Km.180.865 across river Krishna on NH 167 Hagari Jadcherla section,MoRTH,19.3,51.9,Significant overrun/delay
618209,Construction & up gradation of existing road to 2-Lane with paved shoulder from existing chainage km 468000 to km 489350 Design Chainage km 465150 to km 471500 of NH-07 Old NH-58 including Joshimath bypass on EPC mode in the state of Uttarakhand Length 6.35 km,617904,Construction of Bypass road to Balangir town from km 72/400 Desing km 0/0 to km 79/800 Design km 11/670 of NH-26 in the State of Odisha.,MoRTH,0.0,9.0,Significant overrun/delay
618210,Rehabilitation and upgradation of Askot-Lipulekh on EPC Basis for Phase-I Existing Km 72.00 to 107.620 Design Chainage Km 21330 to Km 56935 under Project Hirak of BRO in the state of Uttarakhand under Bharatmala Pariyojna Phase-I on EPC Mode Length-35.605 Km CA No EPC/MORT&H/HRK/01/2021-22,617985,Widening to two lane with paved shoulders from Km 0/0 to 64/020 Pamarru to Akiveedu,MoRTH,11.2,42.0,Significant overrun/delay
618211,Improvement/construction of 2-lane with paved shoulder of Askote Llipulekh road from Tawaghat village to Budhi village design km. 56935 to km 95748 and from end of Tunnel portal to Kali Mandir design km 113828 to km. 133078 [total design length 58.063 km] under project Hirak of BRO in the state of Uttarakhand under Bharatmala Pariyojna on EPC Mode,618371,"Widening/Improvement to 4-Lane with Paved Shoulder configuration of existing single lane road from Srirampur near Bhairiguri Village to Kachukhana Harichara Paglagaunj Package-I of Srirampur - Dhubri Section of NH-127B from existing Km 0.000 to Km 28.050 Design Km 0.000 to Km 27.650, Design Length27.650 Km under JICA ODA Loan assistance Phase-V -Balance work",NHIDCL,0.0,0.0,Recovered / on track
618212,"STABILIZATION OF LAND SLIDE AND SLOPE PROTECTION AT KM 11.00 TO KM 11.08, 29,730 KM TO 30,060 KM, 30,400 KM TO 31,060 KM, 34,750 KM TO 35,300 KM, 38,950 KM TO 39,030 KM & 39,460 KM TO 39,540 KM TWO LOC CLUBBED, KM 40,400 TO KM 40,650, KM 43,500 KM 43,680, 52,460 RISHIKESH - DHARASU ROAD NH-94 ON EPC MODE IN THE STATE OF UTTARAKHAND. NOSE OF LAND SLIDE - 12 NOS",617908,Bemetara Bypass NH 30,MoRTH,0.0,0.0,Recovered / on track
618213,Rehabilitation and Upgradation of road Rishikesh Dharasu Old NH-94 with 2-lane with paved shoulder from km 76.000 to km 110.000 Design Chainage from km 74.733 to km 107.347 32.614 km including construction of Kamand re-alignment from existing Chainage Km 105.200 to Km 108.600 design chainage Km 103.436 to Km 105.949 - total length 2513 mtrs and land slide treatment work between design chainage Km 73.800 to Km 74.00 200m on EPC mode under improvement to NH connectivity to Chardham in,618397,Widening and Up-gradation to 2-Lane with Paved Shoulder of configuration and geometric improvement from Km 0.000 to Km 16.990 on Chenani Sudhmahadev section of NH-244 in UT of Jammu and Kashmir to be executed on EPC basis,NHIDCL,0.0,15.0,Significant overrun/delay
618214,Rehabilitation and upgradation to 2 lane / 2 lane with paved shoulder configuration for design chainage km 107.347 to km 129.208 & km 133.878 to km 138.570 existing chainage km 110.000 to km 133.020 & km 137.330 to km 142.028 and land slide treatment at existing km 138.500 Design chainage km 134.970 of NH -94 on EPC mode under improvement to NH connectivity to Chardham in the state of Uttarakhand.,618406,Up-gradation to 4-lane with Paved Shoulder of Jammu-Akhnoor road section of NH- 144A from Ganesh Vihar Km 6.000 to Khati Chowk Km 26.350 in UT of Jammu and Kashmir on EPC basis Pkg-3A,NHIDCL,0.0,10.0,Significant overrun/delay
618218,Rehabilitation & upgradation of existing road to 2-lane with hard shoulder from Joshimath km 0.00 to Saraithota km 29.725 road on NH-107B under Bharatmala Pariyojna on EPC mode in the state of Uttarakhand,618060,Widening and Strengthening of existing paveemnt to two lane with paved shoulders from km 116.00 to km 176.355 of NH-75E in the State of Jharkhand on EPC mode.,MoRTH,0.0,21.0,Significant overrun/delay
618219,Upgradation to 2-lane with Hard shoulder configuration of Suraithota Ch. 29.725 km to Malari Ch. 60.550 km road on NH- 107B under in the state of Uttarakhand.,618242,Widening and Reconstruction to 4-lane/4-lane with service road including structures from Pokharia More at Km 47.600 Ex. Km 50.230 to Govindpur at km 62.949 Ex. Km 65.325 of Nh-419 in the State of Jharkhand on EPC mode.,MoRTH,0.0,5.0,Significant overrun/delay
618390,"Construction, Operation & Maintenance of 2-L Bi-directional Silkyara Bend- Barkot Tunnel with escape passage including approaches Tunnel-4.531 & Approach road- 0.328 on Dharasu-Yamunotri section b/w Chainage 25.400km and 51.00km falling along NH-134 Old NH-94 on EPC mode",618692,Aligarh-Kanpur Pkg I [Aligarh-Bhadwas],National Highways Authority of India [NHAI],68.7,50.0,Significant overrun/delay
618391,"Construction for Mitigation Measures of 5 Nos. Landslides, 05 No. Sinking Zones and 01 No. Bridge from Ch. 450.00 to Ch. 468.00 18 Km. Length on NH-07 Package-III",618188,Rehabilitation and Up-gradation to 2 lane with paved shoulder configuration of Mahud Sangola road NH 965 G 159400 to 161900and 162400 to 183960 Design Chainage from km. 32/300 to km. 34/800 and km. 35/800 to km. 56/860 Rigid Pavement on EPC mode in the State of Maharashtra.,MoRTH,0.0,13.0,Significant overrun/delay
618392,"Construction for Mitigation Measures of 5 Nos. Landslides, 5 Nos. Sinking Zones in between Ch. 433.00 to 450.00 BANERPANI VILLAGE on NH-07 on EPC mode in the state of Uttarakhand Package-2",617957,Construction of Jasra Bypass with four lane paved shoulder configurationfrom Km 379.670 on NH-76New NH-35 to Km 18.00 on NH-27New NH-30 on EPC in the State of Uttar Pradesh.,MoRTH,0.0,0.0,Recovered / on track
618393,"Construction for Mitigation Measures of 10 Nos. Landslides, 01 No. Sinking Zones and 1 No. of Minor Bridge in between at Ch. Km 368.00 to Km 433.00 on NH-07 on EPC Mode in Uttarakhand Package-1",618411,Melaghar-Srimantapur section on NH-08 Spur from Km 23 to Km 34.500 11.5 Km and overlay from Km 20.30 to Km 22.00 1.7 Km Total Length 13.2 Km,NHIDCL,0.0,19.0,Significant overrun/delay
618875,4L of Haridwar Nagina section Design Ch. LME from km 13.829 to km 17.110 & km 26.077 to km 27.508 and Design Ch. RME from km 13.839 to km 17.120 & km 26.078 to km 27.509 of EUP mitigation measures on NH74,618008,"Construction of four-lane elevated viaduct from km.4634 to km.6345 on NH-24A including Retaining wall, service lane, at grade road and improvement of junctions, on EPC mode",MoRTH,45.8,15.0,Significant overrun/delay
619142,Construction of 4-lane connectivity to Banbasa ICP at India Nepal border from NH-09 old NH-125 Sitarganj-Tanakpur at Km 40.00 near Jagbuda bridge under Bharatmala Priyojana of NH-109D on EPC mode in the State of Uttarakhand,618942,Balance work of 2L PS from Km 30.800 to Km 70.800 and 2L with Rigid Carriageway from Km 70.800 to km 84.120 of Khanapur- KA/GOA Border section of NH-4A,National Highways Authority of India [NHAI],-34.1,34.0,Significant overrun/delay
619155,Upgradation and 4L of Haridwar Bypass from Km 0.000 Km 188.100 of NH-58 to Km. 15.100 Km 5.100 of NH 74 PKg-1,618680,6L Greenfield Kandili - Aluru Section of NH-130-CD Road from km 342500 to km 365033 Package-OD-8,National Highways Authority of India [NHAI],28.1,19.0,Significant overrun/delay
619292,4L Medinipur to Ballupur from Km. 458.65 to Km. 487.65 of NH-07Pkg-2,618744,4L of Thirumangalam to Vadugapatti section from km 0.000 to km 36.000 of NH-744,National Highways Authority of India [NHAI],-26.5,15.9,Significant overrun/delay
619293,Construction of 4 Lane Access Controlled Bypass for Dehradun on NH307 from Design Chainage km 0050 Jhajra on NH-07 to Design Chainage km 12220 Asharori on EPC Mode in the State of Uttarakhand under NHO,618263,"Rehabilitation and Up-gradation to 2LPS from Km. 0.000 to Km. 7.800 and Km. 35.400 to Km. 52.345 Design length 24.745 Km., except Bihar portion of NH-727B Tamkuhiraj to Bihar Border and Bihar Border to Majhauli on EPC mode in the State of Uttar Pradesh",MoRTH,0.0,0.0,Recovered / on track
619294,Road Safety Improvement of existing four lane section of Dehradun-Lal Tappar-Nepali Farm Section of NH-7 and Nepali Farm-Motichur NH-34 on EPC Mode in Uttarakhand under NHO.,618535,Construction of Six lane elevated flyover including reconstruction/rehabilitation of existing pavement from Km 406100 to Km 411150 Length 5.05 Km at Gobindpur area in the Barwa Adda Panagarh section of NH-19 from Km.398.240 to Km.521.120 including Panagarh Bypass in the State of Jharkhand on EPC Mode.,National Highways Authority of India [NHAI],-35.7,0.0,Recovered / on track
619295,Four/Six laning of Bhaniyawala-Jollygrant-Rishikesh spur section of NH-07 from Km. 0.000 to Km 19.780,618931,4L PS from Ch. 179.780 in Bitada/Movi Village to Ch. 208.900 in Nasarpore Village of NH-56 Pkg-V,National Highways Authority of India [NHAI],-25.8,0.0,Recovered / on track
617893,Construction of additional major Bridge with 4- lane configuration of length 1.48 km on NH-60 NH-14 over River Kangshabati from Km. 117.770 to Km 119.250 and additional major Bridge with 4- lane configuration of length 0.900 km on NH-60 NH- 14 over River Shilabati from Km. 173.220 to Km 174.120 in the district of Paschim Medinipur of West Bengal under Annual Plan for FY 2023-24 on EPC mode. Job No 014-W8-2023-24/527 .,617951,Construction of Chintamani Bypass from Design Ch.0000 Existing Ch.428880 to Design Ch.15400 Existing Ch.444010 on NH-69 in the State of Karnataka in EPC Mode under NHO Annual Plan 2022-23. NH-69-KNT-2022-23-989 dated 24.03.2023,MoRTH,0.0,0.0,Recovered / on track
617894,"Construction or 4 lane Raniganj Bypass of length 5.261 km on NH-60 new NH-14 from km 273.00 of NH to km 478.18 of NH-2 New NH 16 in paschim Bardhaman, West Bengal in EPC Mode- reg. Job No. 014-WB-2022-23/514",618081,Construction of Mariahu Bypass with four lane paved shoulder configuration Km. 53.540 to Km.59.200 of NH-135A on EPC mode in the state of Uttar Pradesh,MoRTH,-17.3,3.9,Significant overrun/delay
617931,Construction of ROB and its approaches in lieu of LC No. 10/B/T at Km 307.050 of NH-60.,618440,"Construction of Balance Work of 4-Laning of the Section from Jhanji to Demow of NH- 37 Old from Km 490.800 to Km 534.800, under SARDP- NE on EPC Mode in the state of Assam Pkg- IV Structures & Toll Plaza",NHIDCL,-46.4,0.0,Recovered / on track
617960,Construction of new road at the missing link portion of NH-81 along approved alignment between Harishchandrapur and Eastern approach of Kalindri Bridge from Km 46.550 to Km 59.697 in the district of Malda. Job No-081-WB-2015-16/400,617936,Widening to two/four lane with paved shoulder from Km.180.600 to Km.223.000 of NH-63 on Nizamabad-Jagadalpur road on EPC mode under NHO in the state of Telangana.,MoRTH,-27.8,0.0,Recovered / on track
618227,Development to 4/6-lanning of NH-31 New NH-10 with both side service roads from km 569.258 to km 581.030 end of AH-02 project on NH- 31 near Shivmandir to Sevoke Army Cantonment in districts of Darjeeling and Jalpaiguri in the state of West Bengal on EPC Mode Job No. 010/WB/2021-22/490,618547,2L NH-1 from km 8.660 to km 33.775 Sumbal to Wayul to 4L dual carriageway NH standard as part of Srinagar Ring Road PhaseII [Design Ch. 41.907 to Ch. 66.609],National Highways Authority of India [NHAI],-33.0,10.0,Significant overrun/delay
618427,Construction & upgradation of existing road to 2-lane with paved shoulder including geometric improvement of Kafer- Lava More section from km 40.00 to km 61.100 of NH717-A on EPC under SARDP-NE A in state of West Bengal Pkg-VA,617885,Rehabilitation and Up-gradation of Nongstoin Wahkaji section of Project Road Km 0000 to Km 43060 to Intermediate Lane with earthern shoulder under SARDP-NE Phase-A in the State of Meghalaya on EPC mode. Job No- SARDP-NE ong-Don- Maw/MG/2020-21/294,MoRTH,0.0,33.0,Significant overrun/delay
618429,Construction & upgradation of existing road to 2-lane with paved shoulder including geometric improvement of sect. from Pedong bypass to Reshi Border km 79.700 to km 96.254 of NH-717A under SARDP-NE-A on EPC as part of Alternate connectivity to Gangtok Lava More-Reshi Border Pkg-VB,618345,Widening to 2-lane with Hard shoulder of Churachandpur to Tuivai Section from Km 48.587 to Km 69.875 in the State of Manipur on EPC mode under NHO Package-2B,NHIDCL,0.0,45.0,Significant overrun/delay
618430,Construction of alternative highway to Gangtok in Sikkim via Bagrakot -Chuikhim- Nimbong -Kafer-Bakhim-Algarah-Rhenock in the State of West Bengal and from Rhenok-Rorathang-Pakyong along with spur from Aritar-Rolep-Menla in the State of Sikkim from Km 0.00 to Km 13.00 of Bagrakot -Kafer section of NH 717A on EPC Mode under Phase-A of SARDP-NE in the State of West Bengal PKG- IVA,618799,Belakeri Port to Kumta - Sirsi road from km 0.00 - km 4.265 of Belekeri Port Road Link Rd. and km 4.965 - km 60.00 of SH-69,National Highways Authority of India [NHAI],0.0,42.0,Significant overrun/delay
618431,Construction of alternative highway to Gangtok in Sikkim via Bagrakot -Chuikhim- Nimbong -Kafer-Bakhim-Algarah-Rhenock in the State of West Bengal and from Rhenok-Rorathang-Pakyong along with spur from Aritar-Rolep-Menla in the State of Sikkim from Km 13.00 to Km 25.60 of Bagrakot -Kafer section of NH 717A on EPC Mode under Phase-A of SARDP-NE in the State of West Bengal PKG- IVB,618001,"Construction of 4-lane flyover at Amberpet-X road, Hyderabad on NH-202 in the State of Telangana",MoRTH,22.8,36.0,Significant overrun/delay
618572,Binnaguri Bypass-Descoped portion of Ghoshpukur-Dhupguri Section of NH-31Dpkg-1,618525,Construction of flyover at Gammon Junction at Km.903.265 on NH16 including vent at Diwancheruvu junction at Km.902.308 Blackspot ID No.AP03299 in Andhra Pradesh on EPC mode under NHO,National Highways Authority of India [NHAI],-31.6,0.0,Recovered / on track
618574,Balance Works of 4L of NH-31D from Km. 113.200 to Km. 154.854 Package-II A Ghoshpukur-Salsalabari Section,618537,Construction of Ring Road around Kanpur from Km.000 to Km. 23.325 Chachendi Sachendi I to Maharajpur Package-I,National Highways Authority of India [NHAI],-25.2,0.0,Recovered / on track
618808,6L Elevated Kona Expressway from Km. 0.145 to Km. 7.337 of NH-117,618649,4 Lane with PS from Des. Ch 228.500 to Des. Ch. 273.400 of Belgaum-Hungund- Raichur Section of NH 748 A Package-6,National Highways Authority of India [NHAI],-18.7,7.0,Significant overrun/delay
618823,4 laning of Barasat - Barajaguli Section of NH-12 from Km. 31.000 to Km. 48.679 in the district of North 24 - Parganas,618088,Nandurshingote to Kolhar,MoRTH,0.0,0.0,Recovered / on track
618824,"Development to 4-laning of the de-scoped stretches from Km 115.342 to Km 191.700 of NH-34 in Nadia District 3.962 & Murshidabad District 5.538 pertaining to Krishnagar to Berhampore section of NH-34 New NH-12 , in the state of West Bengal under NHO.",618179,Rehabilitation and Upgradation of Shewali phata to Kalambhir section i.e. Km 0443 to Km 4500 & Nizampur to Chadwel section i.e. Km 13485 to Km 26265 Length16.317 Km excluding 2 Major Bridges with approaches Km 13735 to Km 14095 & Km 19660 to Km 20030 of NH 753B to 2LPS Configuration in the State of Maharashtra on EPC Mode.,MoRTH,0.0,0.0,Recovered / on track
618825,Bridge over Ganga River at d/s of Farraka Barrage including Approaches connecting Farakka-Raiganj,618955,2L PS of Majhauli to Charout section from km. 0.00 to km. 63.655,NHAI,67.2,53.9,Significant overrun/delay
618910,4L of Purulia Bypass section from Km 84.030 to Km 94.345 of NH-32,618588,4L Mitigation Measure structures on CH/MH Border to Wainganga Bridge Section of NH-6 New NH-53,National Highways Authority of India [NHAI],-13.2,30.0,Significant overrun/delay
619004,"Construction of Dubrajpur Bypass with 4-lane configuration of length 5.676 km on NH- 60 new NH-14 from design chainage 0.00 existing km 316.135 on NH-60 to design chainage 5.676 existing km 320.980 on NH-60 in the district of Birbhum, West Bengal under Annual Plan 2022-23 in EPC Mode- reg. Job. No. 014-WB-2022- 23/518 .",618907,2L/4L of Hoshiarpur to Una section including Hoshiarpur Bypass of NH 503A,National Highways Authority of India [NHAI],-15.7,0.0,Recovered / on track
619187,"Slope protection and landslide mitigation at 4 vulnerable locations km 1.950 to Km 2.100, km 11.100 to 11.450, km 22.435 to km 22.485 and km 22.610 to km 22.680 within Sevoke-Rangpo section of NH-10 old NH-31A in Darjeeling & Kalimpong district in the State of West Bengal on EPC mode",617908,Bemetara Bypass NH 30,MoRTH,0.0,0.0,Recovered / on track
709859,SETTING UP OF PHYSICAL INFRASTRUCTURE FOR THE NATIONAL INSTITUTE OF COMMUNICATION FINANCE [NICF] AT GHITORNI,704495,"502 Aspirational District Scheme in Four states - Bihar, Madhya Pradesh, Rajastha and Uttar Pradesh",Department of Telecommunications [DoT],-45.7,51.0,Significant overrun/delay
701598,Provision of 4G based Mobile Services in Uncovered Villages and National Highways of Meghalaya,701597,Provision of 4G Mobile Services in Uncovered Villages of Arunachal Pradesh and 2 Districts of Assam,Department of Telecommunications,0.0,35.0,Significant overrun/delay
617413,Mobile connectivity in Left Wing Extremism [LWE] affected areas-Phase 1 Upgradation,701597,Provision of 4G Mobile Services in Uncovered Villages of Arunachal Pradesh and 2 Districts of Assam,Department of Telecommunications,0.0,35.0,Significant overrun/delay
701599,Mobile connectivity in Left Wing Extremism [LWE] affected areas-Phase2,701598,Provision of 4G based Mobile Services in Uncovered Villages and National Highways of Meghalaya,Department of Telecommunications,0.0,51.0,Significant overrun/delay
701602,"Provision of 4G based mobile services in 7,287 uncovered villages of 44 Aspirational District across 5 states of Andhra Pradesh, Chhattisgarh, Jharkhand, Maharashtra & Odisha",617413,Mobile connectivity in Left Wing Extremism [LWE] affected areas-Phase 1 Upgradation,Department of Telecommunications [DoT],0.0,10.0,Significant overrun/delay
701597,Provision of 4G Mobile Services in Uncovered Villages of Arunachal Pradesh and 2 Districts of Assam,701598,Provision of 4G based Mobile Services in Uncovered Villages and National Highways of Meghalaya,Department of Telecommunications,0.0,51.0,Significant overrun/delay
704495,"502 Aspirational District Scheme in Four states - Bihar, Madhya Pradesh, Rajastha and Uttar Pradesh",701598,Provision of 4G based Mobile Services in Uncovered Villages and National Highways of Meghalaya,Department of Telecommunications,0.0,51.0,Significant overrun/delay
400013,Saturation 4G mobile coverage of Uncovered Villages through USOF,709857,"Planning, Engineering, Supply, Installation, Testing, Commissioning, Integration & Annual Maintenance of 4G mobile network at 1 Lakh sites on PAN India basis including Mumbai & Delhi LSA on turnkey basis under Phase IX.2 Project.",BSNL,-0.0,15.0,Significant overrun/delay
701593,4G Services by BSNL,400013,Saturation 4G mobile coverage of Uncovered Villages through USOF,Department of Telecommunications [DoT],16.4,21.0,Significant overrun/delay
706775,BharatNet,701593,4G Services by BSNL,Department of Telecommunications [DoT],-31.2,24.0,Significant overrun/delay
709856,MPLS-IP BASED ACCESS AND AGGREGATION NETWORK [MAAN] IN BSNL ALONG WITH TEST AND MEASURING EQUIPMENT,701597,Provision of 4G Mobile Services in Uncovered Villages of Arunachal Pradesh and 2 Districts of Assam,Department of Telecommunications,0.0,35.0,Significant overrun/delay
709857,"Planning, Engineering, Supply, Installation, Testing, Commissioning, Integration & Annual Maintenance of 4G mobile network at 1 Lakh sites on PAN India basis including Mumbai & Delhi LSA on turnkey basis under Phase IX.2 Project.",400013,Saturation 4G mobile coverage of Uncovered Villages through USOF,Department of Telecommunications [DoT],16.4,21.0,Significant overrun/delay
616600,Interception and Diversion and STP works in Bhagalpur under Hybrid annuity based PPP mode-Namami Gange Programme,616612,Sewage Treatment Plant 50MLD and Sewerage Network 150 km in Kankarbagh- Patna under Hybrid annuity based PPP mode-Namami Gange Programme,National Mission for Clean Ganga,0.0,0.0,Recovered / on track
616611,Sewage Treatment Plant 100MLD and Sewerage Network 288 km in Digha-Patna under Hybrid annuity based PPP mode-Namami Gange Programme,616612,Sewage Treatment Plant 50MLD and Sewerage Network 150 km in Kankarbagh- Patna under Hybrid annuity based PPP mode-Namami Gange Programme,National Mission for Clean Ganga,0.0,0.0,Recovered / on track
616612,Sewage Treatment Plant 50MLD and Sewerage Network 150 km in Kankarbagh- Patna under Hybrid annuity based PPP mode-Namami Gange Programme,616611,Sewage Treatment Plant 100MLD and Sewerage Network 288 km in Digha-Patna under Hybrid annuity based PPP mode-Namami Gange Programme,National Mission for Clean Ganga,0.0,9.0,Significant overrun/delay
616615,"Sewer Network, SPS and STP at Begusarai",616616,"Sewer Networks, SPS and STP at Hajipur",National Mission for Clean Ganga,0.0,6.0,Significant overrun/delay
616616,"Sewer Networks, SPS and STP at Hajipur",616615,"Sewer Network, SPS and STP at Begusarai",National Mission for Clean Ganga,0.0,8.0,Significant overrun/delay
616594,Interception & Diversion with Rehabilitation of sewerage scheme at Agra under Hybrid annuity based PPP model-Namami Gange Programme,616605,Pollution Abatement Works for River Kali Meerut under Meerut Municipality Interception & Diversion with STP,National Mission for Clean Ganga,0.0,28.9,Significant overrun/delay
616605,Pollution Abatement Works for River Kali Meerut under Meerut Municipality Interception & Diversion with STP,616594,Interception & Diversion with Rehabilitation of sewerage scheme at Agra under Hybrid annuity based PPP model-Namami Gange Programme,National Mission for Clean Ganga,0.0,20.0,Significant overrun/delay
616604,Pollution Abatement works for River Ganga at Hooghly Chinsurah- Municipal Town Interception & Diversion with STP,616600,Interception and Diversion and STP works in Bhagalpur under Hybrid annuity based PPP mode-Namami Gange Programme,National Mission for Clean Ganga,0.0,21.9,Significant overrun/delay
400100,Sardar Gouthu Latchanna Thotapalli Barrage Project,400101,Gundlakamma project,Water Resources-AP,75.5,87.0,Significant overrun/delay
400101,Gundlakamma project,400100,Sardar Gouthu Latchanna Thotapalli Barrage Project,Water Resources-AP,189.8,78.0,Significant overrun/delay
701415,Polavaram Irrigation Project,701386,Gosikhurd Project,Department of water resources-MH - II,77.4,102.0,Significant overrun/delay
701370,Borolia Irrigation Project,400102,Sri Ram Sagar Project Stage - II,Irrigation and CAD-TG,29.0,72.0,Significant overrun/delay
400111,Kelo Irrigation Project,400115,Bargi Diversion Project Phase - IV [km. 154 to km 197],Water Resources-MP,18.9,75.0,Significant overrun/delay
701399,Kudali Irrigation Project,701395,Morna [Gureghar] Irrigation Project,"Department of Water Resources, River Development & GR",0.0,0.0,Recovered / on track
400097,Sardar Sarovar CADWM Project,400093,Saryu Nahar CADWM Project,Irrigation & Water Resources-UP,0.0,75.0,Significant overrun/delay
701372,Sardar Sarovar Project,701402,"Subernarekha Project, Odisha","Department of Water Resources, River Development & GR",129.8,75.0,Significant overrun/delay
701376,"Subernarekha Multipurpose Project, Jharkhand",701411,Shahpur Kandi Dam Project,Department of Water Resources-PB,18.8,48.0,Significant overrun/delay
701377,Upper Tunga Irrigation Project,701410,Relining of Rajasthan feeder and Sirhind Feeder canal,Department of Water Resources-PB,70.8,60.0,Significant overrun/delay
400096,Omkareshwar CADWM Project,400095,Gosikhurd CADWM Project,Department of water resources-MH - II,0.0,78.0,Significant overrun/delay
400115,Bargi Diversion Project Phase - IV [km. 154 to km 197],701408,Madhya Ganga canal Phase-II,Irrigation & Water Resources-UP,316.5,72.0,Significant overrun/delay
400116,Bargi Diversion Project Phase - III [km. 104 to km 154],701406,Rajiv Bhima Lift Irrigation Scheme,Irrigation and CAD-TG,79.0,75.0,Significant overrun/delay
400095,Gosikhurd CADWM Project,400096,Omkareshwar CADWM Project,Water resource-mp,0.0,90.0,Significant overrun/delay
400105,Urmodi Irrigation Project,400109,Purna Barrage-2 [Ner Dhamana] Medium Irrigation Project,Department of water resources-MH - II,4.8,72.0,Significant overrun/delay
400107,Sulwade-Jamphal-Kanoli Lift Irrigation Scheme,701410,Relining of Rajasthan feeder and Sirhind Feeder canal,Department of Water Resources-PB,70.8,60.0,Significant overrun/delay
400109,Purna Barrage-2 [Ner Dhamana] Medium Irrigation Project,400095,Gosikhurd CADWM Project,Department of water resources-MH - II,0.0,78.0,Significant overrun/delay
400112,Jigaon Irrigation Project,701376,"Subernarekha Multipurpose Project, Jharkhand",Department of Water Resources-JH,151.6,75.0,Significant overrun/delay
617422,Bodwad Parisar Sinchan Yojna,701400,Thoubal Multipurpose Project,Water Resources Department-MN,25.7,75.0,Significant overrun/delay
701383,Waghur Project,400103,Indiramma Flood Flow Canal Project,Irrigation and CAD-TG,346.2,84.0,Significant overrun/delay
701386,Gosikhurd Project,701415,Polavaram Irrigation Project,Water Resources-AP,447.2,47.0,Significant overrun/delay
701391,Aruna Medium Irrigation Project,701398,Nardave Medium Irrigation Project,Department of water resources-MH - II,269.7,78.0,Significant overrun/delay
701396,Lower Pedhi Project,701398,Nardave Medium Irrigation Project,Department of water resources-MH - II,269.7,78.0,Significant overrun/delay
701398,Nardave Medium Irrigation Project,701391,Aruna Medium Irrigation Project,Department of water resources-MH - II,599.5,72.0,Significant overrun/delay
701400,Thoubal Multipurpose Project,400103,Indiramma Flood Flow Canal Project,Irrigation and CAD-TG,346.2,84.0,Significant overrun/delay
701412,North Koel Reservoir Project,400093,Saryu Nahar CADWM Project,Irrigation & Water Resources-UP,0.0,75.0,Significant overrun/delay
603945,Integrated Anandpur Barrage Project,400102,Sri Ram Sagar Project Stage - II,Irrigation and CAD-TG,29.0,72.0,Significant overrun/delay
701402,"Subernarekha Project, Odisha",400103,Indiramma Flood Flow Canal Project,Irrigation and CAD-TG,346.2,84.0,Significant overrun/delay
701404,Kanupur Irrigation Project,400101,Gundlakamma project,Water Resources-AP,75.5,87.0,Significant overrun/delay
701410,Relining of Rajasthan feeder and Sirhind Feeder canal,701412,North Koel Reservoir Project,"Department of Water Resources, River Development & GR",49.8,60.0,Significant overrun/delay
701411,Shahpur Kandi Dam Project,701406,Rajiv Bhima Lift Irrigation Scheme,Irrigation and CAD-TG,79.0,75.0,Significant overrun/delay
400102,Sri Ram Sagar Project Stage - II,701383,Waghur Project,Department of water resources-MH - II,66.1,75.0,Significant overrun/delay
400103,Indiramma Flood Flow Canal Project,701383,Waghur Project,Department of water resources-MH - II,66.1,75.0,Significant overrun/delay
701405,J. Chokka Rao Devadula Lift Irrigation Scheme,701415,Polavaram Irrigation Project,Water Resources-AP,447.2,47.0,Significant overrun/delay
701406,Rajiv Bhima Lift Irrigation Scheme,400116,Bargi Diversion Project Phase - III [km. 104 to km 154],Water Resources-MP,13.9,84.0,Significant overrun/delay
400093,Saryu Nahar CADWM Project,701412,North Koel Reservoir Project,"Department of Water Resources, River Development & GR",49.8,60.0,Significant overrun/delay
701395,Morna [Gureghar] Irrigation Project,701399,Kudali Irrigation Project,"Department of Water Resources, River Development & GR",0.0,3.0,Recovered / on track
701408,Madhya Ganga canal Phase-II,400115,Bargi Diversion Project Phase - IV [km. 154 to km 197],Water Resources-MP,18.9,75.0,Significant overrun/delay
613787,Jamrani Dam Multipurpose Project,400107,Sulwade-Jamphal-Kanoli Lift Irrigation Scheme,Department of water resources-MH - II,0.0,48.0,Significant overrun/delay
